auc,precision,recall,f1measure,gmean,recall20,MCC,fp,fn,waste_effort,all_effort
0.823035626,0.619047619,0.256578947,0.362790698,0.499316812,0.802631579,0.337319868,24,113,6339,17982
0.819220435,0.5,0.204968944,0.290748899,0.443891105,0.708074534,0.2463522,33,128,16709,27734
0.817649636,0.716981132,0.212290503,0.327586207,0.456746819,0.810055866,0.334837933,15,141,11583,17888
0.829621413,0.660714286,0.23566879,0.34741784,0.480247497,0.821656051,0.340077307,19,120,11063,22029
0.821575028,0.630434783,0.185897436,0.287128713,0.426905351,0.833333333,0.288418659,17,127,3960,13740
0.808721613,0.622641509,0.210191083,0.314285714,0.453122401,0.821656051,0.304076653,20,124,5935,10374
0.843366179,0.554054054,0.278911565,0.371040724,0.51805461,0.870748299,0.32652635,33,106,5988,14574
0.829686823,0.689655172,0.243902439,0.36036036,0.488576385,0.87195122,0.352835666,18,124,3695,9472
0.812408181,0.506849315,0.245033113,0.330357143,0.484549095,0.721854305,0.27987556,36,114,20772,30737
0.824496371,0.644067797,0.263888889,0.374384236,0.507590655,0.833333333,0.358551098,21,106,2927,12215
0.830285502,0.555555556,0.258064516,0.352422907,0.498570444,0.825806452,0.310213465,32,115,11876,21283
0.818484695,0.535714286,0.222222222,0.314136126,0.464356098,0.837037037,0.28631783,26,105,6507,11798
0.838769728,0.764705882,0.245283019,0.371428571,0.491743869,0.86163522,0.384363972,12,120,1415,11090
0.822183552,0.623188406,0.265432099,0.372294372,0.507371684,0.777777778,0.342492355,26,119,16859,28540
0.816427738,0.552238806,0.264285714,0.357487923,0.505009081,0.771428571,0.318157012,30,103,12246,23713
0.81960452,0.744680851,0.21875,0.338164251,0.464525455,0.89375,0.35651274,12,125,5567,11565
0.807270668,0.538461538,0.186666667,0.277227723,0.426137365,0.786666667,0.256988685,24,122,15809,25688
0.826086359,0.606557377,0.221556886,0.324561404,0.464175603,0.820359281,0.303151596,24,130,13359,22169
0.830427923,0.611940299,0.278911565,0.38317757,0.520178668,0.795918367,0.353057544,26,106,17023,27402
0.817812442,0.543859649,0.196202532,0.288372093,0.436436943,0.784810127,0.263540511,26,127,3914,16795
0.825496702,0.625,0.206896552,0.310880829,0.450145136,0.75862069,0.307146939,18,115,17343,26876
0.831776618,0.563636364,0.203947368,0.299516908,0.445347211,0.809210526,0.278224604,24,121,7577,13653
0.847296755,0.759259259,0.234285714,0.358078603,0.480332493,0.84,0.369078088,13,134,4068,18746
0.825735481,0.618181818,0.222222222,0.326923077,0.46570676,0.725490196,0.313457834,21,119,17771,31992
0.810217261,0.629032258,0.240740741,0.348214286,0.48409393,0.845679012,0.327804348,23,123,6309,14701
0.821276826,0.59375,0.219653179,0.320675105,0.461473733,0.815028902,0.292872166,26,135,7848,21298
0.804145362,0.608695652,0.283783784,0.387096774,0.524194685,0.777027027,0.353124097,27,106,18366,31398
0.806186482,0.611111111,0.27672956,0.380952381,0.51773807,0.773584906,0.348076392,28,115,5621,18256
0.81753227,0.590909091,0.26,0.361111111,0.502000554,0.7,0.330171431,27,111,16857,23188
0.826864767,0.632352941,0.281045752,0.389140271,0.522491605,0.764705882,0.361426702,25,110,13435,27734
0.823096103,0.707317073,0.198630137,0.310160428,0.442701564,0.856164384,0.330940955,12,117,2149,4682
0.838573598,0.755102041,0.217647059,0.337899543,0.463229541,0.823529412,0.354803328,12,133,4743,14358
0.811952471,0.632352941,0.262195122,0.370689655,0.504698838,0.798780488,0.344547289,25,121,17203,25877
0.779924984,0.409090909,0.175324675,0.245454545,0.409291002,0.733766234,0.190468594,39,127,20963,31415
0.820317159,0.652777778,0.276470588,0.388429752,0.518177311,0.841176471,0.360745328,25,123,10695,21266
0.817336542,0.611111111,0.217105263,0.32038835,0.460098385,0.802631579,0.305133944,21,119,12449,20974
0.817199259,0.542372881,0.206451613,0.299065421,0.447120568,0.84516129,0.268608196,27,123,7455,14473
0.819544438,0.6,0.254545455,0.357446809,0.496561289,0.842424242,0.325842295,28,123,7447,17560
0.839304503,0.555555556,0.227272727,0.322580645,0.468942862,0.811688312,0.289787619,28,119,18573,29857
0.81218775,0.617647059,0.302158273,0.405797101,0.541355288,0.755395683,0.373919205,26,97,13416,25734
0.827746538,0.719298246,0.231638418,0.35042735,0.476753081,0.813559322,0.351240339,16,136,10370,18252
0.82956682,0.709677419,0.283870968,0.405529954,0.527286769,0.84516129,0.395809716,18,111,2308,12376
0.81449262,0.583333333,0.183006536,0.278606965,0.422741774,0.784313725,0.268743339,20,125,7377,11835
0.794425087,0.603448276,0.234899329,0.338164251,0.478146875,0.859060403,0.317332232,23,114,7627,15850
0.803442306,0.586206897,0.207317073,0.306306306,0.44904747,0.853658537,0.285815223,24,130,8136,19035
0.810849043,0.545454545,0.230769231,0.324324324,0.471941194,0.83974359,0.286611609,30,120,4116,9679
0.843546682,0.553846154,0.235294118,0.330275229,0.476993128,0.836601307,0.295847162,29,117,2961,15810
0.838672255,0.666666667,0.24516129,0.358490566,0.489650389,0.838709677,0.348645463,19,117,4532,16988
0.830566855,0.566037736,0.177514793,0.27027027,0.415801593,0.786982249,0.254285562,23,139,14980,20124
0.823035927,0.654545455,0.255319149,0.367346939,0.499631952,0.85106383,0.355639008,19,105,4160,9584
0.829430023,0.610169492,0.230769231,0.334883721,0.474108223,0.794871795,0.316174807,23,120,3738,17332
0.827479207,0.610169492,0.203389831,0.305084746,0.444792808,0.779661017,0.285685147,23,141,19726,30271
0.816548652,0.630769231,0.257861635,0.366071429,0.500780158,0.79245283,0.34240931,24,118,13424,26081
0.847553517,0.75,0.236363636,0.359447005,0.482534835,0.806060606,0.371164697,13,126,3939,16451
0.801781392,0.602941176,0.251533742,0.354978355,0.49370581,0.785276074,0.324288584,27,122,16639,23186
0.823004695,0.650793651,0.25625,0.367713004,0.499633081,0.81875,0.347946457,22,119,6942,17413
0.830140015,0.694915254,0.231638418,0.347457627,0.476171081,0.824858757,0.341655526,18,136,4562,14742
0.819250586,0.6,0.237410072,0.340206186,0.481268722,0.856115108,0.323899962,22,106,13851,23599
0.834271475,0.65,0.230769231,0.340611354,0.474496831,0.792899408,0.326389936,21,130,10859,16370
0.837178447,0.636363636,0.227272727,0.33492823,0.470966496,0.824675325,0.321486523,20,119,10516,22381
0.849348008,0.661290323,0.254658385,0.367713004,0.498401061,0.850931677,0.35102406,21,120,11159,18358
0.82911446,0.723404255,0.225165563,0.343434343,0.470920217,0.761589404,0.355659953,13,117,13376,21847
0.84206416,0.765625,0.281609195,0.411764706,0.526025771,0.82183908,0.410193728,15,125,3671,19764
0.832939648,0.678571429,0.248366013,0.363636364,0.4930895,0.843137255,0.35607484,18,115,4231,16293
0.837035131,0.580645161,0.230769231,0.330275229,0.473371173,0.807692308,0.304517307,26,120,4747,11699
0.839362959,0.619047619,0.251612903,0.357798165,0.494675272,0.793548387,0.334431506,24,116,7265,14161
0.830962125,0.654545455,0.211764706,0.32,0.454994481,0.852941176,0.312402107,19,134,4892,9590
0.819528443,0.603174603,0.2375,0.340807175,0.479988772,0.8,0.313089433,25,122,10700,20289
0.838173955,0.6,0.211538462,0.312796209,0.454120966,0.83974359,0.297295449,22,123,4585,15022
0.848195329,0.7,0.222929936,0.338164251,0.468149792,0.757961783,0.344911112,15,122,13495,23349
0.795459631,0.65,0.209677419,0.317073171,0.452312928,0.822580645,0.304973227,21,147,4687,9776
0.824541111,0.548780488,0.298013245,0.386266094,0.534252681,0.841059603,0.334177458,37,106,10994,18923
0.836879707,0.633333333,0.214689266,0.320675105,0.457497185,0.836158192,0.30588947,22,139,13905,19953
0.818553874,0.576923077,0.186335404,0.281690141,0.426242075,0.826086957,0.267847553,22,131,3692,9352
0.828595237,0.560606061,0.238709677,0.334841629,0.480376752,0.761290323,0.299846291,29,118,13049,27373
0.82285375,0.622641509,0.195266272,0.297297297,0.436762933,0.75739645,0.288779838,20,136,5881,15827
0.825704225,0.75,0.181818182,0.292682927,0.423891691,0.824242424,0.322582296,10,135,1488,11301
0.852658934,0.61971831,0.25,0.356275304,0.492162069,0.8125,0.325510107,27,132,8993,20768
0.847888161,0.631578947,0.233766234,0.341232227,0.477794242,0.837662338,0.328398315,21,118,2233,10070
0.859039939,0.733333333,0.212903226,0.33,0.458106703,0.812903226,0.346621078,12,122,876,8402
0.817008336,0.682539683,0.260606061,0.377192982,0.504432785,0.83030303,0.362340085,20,122,5502,20470
0.831087603,0.616666667,0.262411348,0.368159204,0.505591043,0.815602837,0.347138489,23,104,6490,18598
0.819489306,0.672727273,0.234177215,0.34741784,0.478886385,0.753164557,0.342155069,18,121,14055,27692
0.821774194,0.645833333,0.221428571,0.329787234,0.46593115,0.771428571,0.327779676,17,109,7785,18375
0.832965971,0.602941176,0.273333333,0.376146789,0.514559859,0.853333333,0.343473793,27,109,8116,12699
0.842749549,0.677419355,0.254545455,0.370044053,0.498603119,0.812121212,0.356372525,20,123,11942,23267
0.807350532,0.513888889,0.224242424,0.312236287,0.464116408,0.824242424,0.26620456,35,128,9796,13892
0.848096148,0.654545455,0.236842105,0.347826087,0.481470843,0.855263158,0.34046399,19,116,1782,6778
0.832779858,0.623188406,0.25443787,0.361344538,0.496927997,0.834319527,0.333657985,26,126,15784,22218
0.817431966,0.609756098,0.147928994,0.238095238,0.381033324,0.881656805,0.245141822,16,144,2680,5535
0.834017169,0.625,0.189873418,0.291262136,0.431213407,0.841772152,0.289209925,18,128,6889,14727
0.823170908,0.641509434,0.213836478,0.320754717,0.457358937,0.849056604,0.314092865,19,125,3786,8949
0.816425909,0.6,0.248275862,0.351219512,0.49149334,0.84137931,0.328578718,24,109,4640,12772
0.841910885,0.708333333,0.223684211,0.34,0.469175445,0.855263158,0.349654002,14,118,4828,12947
0.826705839,0.554054054,0.24260355,0.33744856,0.482983069,0.810650888,0.292723154,33,128,6524,20195
0.833775138,0.614285714,0.255952381,0.361344538,0.497995874,0.803571429,0.330261025,27,125,6340,16237
0.841193091,0.626666667,0.311258278,0.415929204,0.549089046,0.821192053,0.381267418,28,104,4817,14551
0.817942114,0.602941176,0.271523179,0.374429224,0.512872381,0.715231788,0.341996131,27,110,16663,20107
0.838565842,0.607142857,0.207317073,0.309090909,0.449506877,0.804878049,0.293608507,22,130,6108,12252
0.817443761,0.573529412,0.268965517,0.366197183,0.510060688,0.786206897,0.330884119,29,106,7777,13631
0.826996945,0.714285714,0.253164557,0.373831776,0.498506426,0.835443038,0.373087385,16,118,2444,13332
0.833458428,0.717391304,0.217105263,0.333333333,0.462406335,0.868421053,0.346390243,13,119,1837,8651
0.816600727,0.642857143,0.233766234,0.342857143,0.477986836,0.805194805,0.33214958,20,118,3643,11347
0.818466279,0.633802817,0.314685315,0.420560748,0.552666556,0.846153846,0.389373695,26,98,7615,16373
0.819901534,0.730769231,0.236024845,0.356807512,0.481777688,0.863354037,0.363367622,14,123,833,7457
0.822998102,0.583333333,0.180645161,0.275862069,0.419993675,0.774193548,0.266083807,20,127,12889,21219
0.801107565,0.546875,0.214723926,0.308370044,0.455530906,0.785276074,0.273771736,29,128,12891,22847
0.817870752,0.616666667,0.221556886,0.325991189,0.464263485,0.826347305,0.305598596,23,130,3413,15041
0.827336178,0.661016949,0.251612903,0.364485981,0.495954996,0.851612903,0.352973479,20,116,5152,14487
0.81431832,0.573333333,0.277419355,0.373913043,0.51667272,0.819354839,0.32938006,32,112,6251,17582
0.833709364,0.656716418,0.26035503,0.372881356,0.503164958,0.840236686,0.348972569,23,125,5188,15313
0.83024904,0.6,0.215686275,0.317307692,0.458399339,0.830065359,0.300024908,22,120,3640,11977
0.838374551,0.714285714,0.271084337,0.3930131,0.515147842,0.855421687,0.383423878,18,121,2450,13417
0.832743799,0.545454545,0.225,0.318584071,0.46625109,0.80625,0.283043728,30,124,8012,21208
0.826444332,0.539473684,0.254658385,0.345991561,0.494370022,0.813664596,0.297804035,35,120,15974,23759
0.811330789,0.661538462,0.294520548,0.407582938,0.536082631,0.815068493,0.388147571,22,103,13058,23501
0.823864959,0.591836735,0.170588235,0.264840183,0.408186782,0.782352941,0.256878928,20,141,14816,22342
0.812910401,0.571428571,0.209150327,0.306220096,0.450887977,0.836601307,0.28385715,24,121,4028,16007
0.836484479,0.581081081,0.296551724,0.392694064,0.534909996,0.855172414,0.352021155,31,102,6769,15241
0.808642731,0.569230769,0.216374269,0.313559322,0.457525437,0.830409357,0.281310315,28,134,8930,14965
0.827810064,0.723404255,0.204819277,0.319248826,0.449095476,0.819277108,0.333595021,13,132,1573,7533
0.833872337,0.690909091,0.218390805,0.331877729,0.462642789,0.816091954,0.330681694,17,136,4165,12101
0.825917496,0.636363636,0.272727273,0.381818182,0.515004481,0.818181818,0.357040764,24,112,11945,17872
0.814645626,0.690909091,0.226190476,0.340807175,0.470870756,0.80952381,0.339175332,17,130,8103,15300
0.799772334,0.557377049,0.228187919,0.323809524,0.470033041,0.825503356,0.29216107,27,115,6762,14677
0.825265446,0.581818182,0.197530864,0.294930876,0.438637764,0.827160494,0.278140056,23,130,7717,12684
0.822494907,0.605263158,0.277108434,0.380165289,0.517493072,0.795180723,0.343020292,30,120,17670,28065
0.827349447,0.520547945,0.243589744,0.331877729,0.483541759,0.807692308,0.284197115,35,118,17687,25154
0.800222894,0.634920635,0.245398773,0.353982301,0.488676902,0.877300613,0.332614948,23,123,3020,9921
0.814772392,0.646153846,0.24137931,0.351464435,0.484673879,0.83908046,0.330691466,23,132,3336,12456
0.839116011,0.727272727,0.226950355,0.345945946,0.473030251,0.822695035,0.361106749,12,109,2381,10153
0.825797124,0.571428571,0.285714286,0.380952381,0.525677044,0.8,0.34468694,30,100,8757,22431
0.849735921,0.714285714,0.263157895,0.384615385,0.508177917,0.855263158,0.381970212,16,112,2586,12826
0.812023147,0.654545455,0.196721311,0.302521008,0.438535792,0.786885246,0.296383212,19,147,6020,18056
0.829845647,0.579710145,0.27027027,0.368663594,0.511296345,0.864864865,0.33334523,29,108,5077,12460
0.818717404,0.608695652,0.167664671,0.262910798,0.40520088,0.814371257,0.262267009,18,139,2907,8197
0.809341961,0.646153846,0.254545455,0.365217391,0.497708763,0.83030303,0.343318617,23,123,3180,10047
0.834524452,0.591549296,0.267515924,0.368421053,0.508674616,0.821656051,0.33326044,29,115,5595,13960
0.823184267,0.59375,0.231707317,0.333333333,0.474363763,0.853658537,0.308072801,26,126,7084,12778
0.833852739,0.590909091,0.242236025,0.343612335,0.484378041,0.757763975,0.312422623,27,122,14335,22571
0.827680588,0.684210526,0.236363636,0.351351351,0.481280693,0.806060606,0.347783737,18,126,2746,10581
0.823593695,0.666666667,0.245398773,0.358744395,0.489760699,0.803680982,0.347677592,20,123,4546,18294
0.811832319,0.648648649,0.31372549,0.422907489,0.551679061,0.803921569,0.390778477,26,105,7553,17480
0.811043719,0.696428571,0.240740741,0.357798165,0.485785384,0.759259259,0.354680042,17,123,11802,20579
0.832385528,0.49382716,0.283687943,0.36036036,0.519892236,0.829787234,0.301715487,41,101,5384,13547
0.823138578,0.68627451,0.227272727,0.341463415,0.472286151,0.798701299,0.342776541,16,119,10943,18757
0.83120158,0.506666667,0.262068966,0.345454545,0.501388017,0.813793103,0.296515676,37,107,19642,29013
0.832485581,0.552238806,0.232704403,0.327433628,0.473984835,0.742138365,0.290243409,30,122,17411,25923
0.830283012,0.588235294,0.25974026,0.36036036,0.501330712,0.837662338,0.326330351,28,114,7375,19098
0.806504569,0.523809524,0.19760479,0.286956522,0.436696205,0.790419162,0.250153619,30,134,18452,26741
0.82519305,0.694915254,0.234285714,0.35042735,0.479099864,0.742857143,0.346639268,18,134,13592,23548
0.810940049,0.557377049,0.231292517,0.326923077,0.473274279,0.843537415,0.295521832,27,113,4799,12923
0.850759164,0.56,0.213740458,0.309392265,0.456698047,0.893129771,0.294030127,22,103,6009,14093
0.819306554,0.625,0.3125,0.416666667,0.54966301,0.7875,0.37861221,30,110,8257,22825
0.829335134,0.666666667,0.258064516,0.372093023,0.502221019,0.8,0.359588182,20,115,3936,14102
0.816794512,0.545454545,0.235294118,0.328767123,0.476797683,0.797385621,0.292732746,30,117,7188,15265
0.803189999,0.543859649,0.209459459,0.302439024,0.450760833,0.804054054,0.275183159,26,117,15590,19796
0.816363754,0.558441558,0.27388535,0.367521368,0.51321236,0.847133758,0.322139016,34,114,5810,19606
0.80834696,0.5,0.219354839,0.304932735,0.459088879,0.806451613,0.259350203,34,121,8889,19261
0.825834768,0.666666667,0.205714286,0.31441048,0.448612318,0.754285714,0.30949508,18,139,6219,22505
0.812701499,0.588235294,0.1875,0.28436019,0.427838538,0.7875,0.273648278,21,130,15949,20308
0.831910851,0.607594937,0.298136646,0.4,0.535969614,0.844720497,0.356737111,31,113,8896,14150
0.807384156,0.691176471,0.276470588,0.394957983,0.519253338,0.817647059,0.376010914,21,123,5209,14990
0.838813005,0.616666667,0.241830065,0.34741784,0.485118415,0.758169935,0.326078017,23,116,7677,18298
0.818743323,0.552238806,0.237179487,0.331838565,0.478481022,0.794871795,0.294149886,30,119,15305,19438
0.802577,0.626865672,0.229508197,0.336,0.472216134,0.803278689,0.312399226,25,141,8543,18330
0.824091595,0.625,0.272727273,0.379746835,0.514195845,0.781818182,0.348739014,27,120,15139,26169
0.822995477,0.62295082,0.228915663,0.334801762,0.472207429,0.84939759,0.316635968,23,128,7065,14663
0.80887455,0.62295082,0.233128834,0.339285714,0.476409129,0.840490798,0.319653274,23,125,5512,12198
0.838406769,0.621621622,0.298701299,0.403508772,0.537780582,0.837662338,0.368680891,28,108,6507,15501
0.806294926,0.461538462,0.223602484,0.30125523,0.461573891,0.770186335,0.242399124,42,125,9179,17044
0.820362502,0.578125,0.25170068,0.3507109,0.493932445,0.857142857,0.320137336,27,110,13645,22736
0.838937252,0.651515152,0.259036145,0.370689655,0.502143882,0.795180723,0.349019407,23,123,13302,26173
0.785770719,0.553846154,0.236842105,0.331797235,0.478678848,0.796052632,0.298188586,29,116,12080,20246
0.850879708,0.636363636,0.276315789,0.385321101,0.518373194,0.888157895,0.360216179,24,110,5787,15448
0.834936139,0.606557377,0.232704403,0.336363636,0.475748052,0.830188679,0.314413561,24,122,6187,13831
0.83033729,0.681818182,0.206896552,0.317460317,0.451365618,0.820689655,0.330071332,14,115,1175,7940
0.805870021,0.603174603,0.238993711,0.342342342,0.481915424,0.786163522,0.317996948,25,121,13406,26240
0.826479152,0.716666667,0.229946524,0.348178138,0.474667679,0.802139037,0.345253518,17,144,14618,23091
0.823549622,0.555555556,0.239520958,0.334728033,0.48015199,0.826347305,0.291908788,32,127,9184,18245
0.829556025,0.703703704,0.23030303,0.347031963,0.475413844,0.848484848,0.348258909,16,127,5810,12537
0.822423409,0.591549296,0.287671233,0.387096774,0.527303529,0.808219178,0.349740106,29,104,15728,28632
0.828998076,0.634920635,0.239520958,0.347826087,0.482978112,0.850299401,0.328610349,23,127,3913,11475
0.822993558,0.633333333,0.242038217,0.350230415,0.48579227,0.834394904,0.33326194,22,119,10548,18225
0.825392063,0.580645161,0.238410596,0.338028169,0.481030746,0.721854305,0.310823957,26,115,14363,26583
0.815869048,0.637931034,0.256944444,0.366336634,0.500777174,0.826388889,0.350236931,21,107,4302,13275
0.82618733,0.525641026,0.25308642,0.341666667,0.492250534,0.833333333,0.289696858,37,121,5100,15648
0.79751694,0.535714286,0.196078431,0.28708134,0.436148305,0.790849673,0.260631232,26,123,13211,21548
0.838190784,0.571428571,0.241610738,0.339622642,0.483824894,0.805369128,0.308726441,27,113,13618,21565
0.815277097,0.630434783,0.163841808,0.260089686,0.400776491,0.824858757,0.263582828,17,148,4022,11984
0.827073542,0.640625,0.24260355,0.35193133,0.486031422,0.781065089,0.332151856,23,128,15171,27355
0.818011138,0.52238806,0.233333333,0.322580645,0.47373329,0.813333333,0.278524044,32,115,8672,15104
0.829040687,0.606557377,0.237179487,0.341013825,0.480421817,0.782051282,0.319736144,24,119,4669,14466
0.8242837,0.661538462,0.260606061,0.373913043,0.504081644,0.812121212,0.355776703,22,122,3950,19902
0.815039651,0.633333333,0.228915663,0.336283186,0.47261309,0.813253012,0.322114328,22,128,4238,12611
0.839150786,0.607843137,0.226277372,0.329787234,0.470076509,0.773722628,0.316847754,20,106,6762,11100
0.792893855,0.447761194,0.2,0.276497696,0.437871949,0.8,0.227099212,37,120,5305,14170
0.821620759,0.662162162,0.283236994,0.396761134,0.524488927,0.849710983,0.368649017,25,124,12971,21010
0.835673807,0.636363636,0.201438849,0.306010929,0.444789509,0.81294964,0.310210991,16,111,3571,12146
0.813487127,0.565217391,0.234939759,0.331914894,0.476196599,0.855421687,0.294307384,30,127,7621,14102
0.835279857,0.604651163,0.157575758,0.25,0.392968501,0.83030303,0.252014766,17,139,4368,9800
0.846027184,0.647058824,0.289473684,0.4,0.530631667,0.835526316,0.374482485,24,108,2850,11719
0.845166555,0.68627451,0.236486486,0.351758794,0.481887798,0.804054054,0.353259439,16,113,6558,13472
0.82068747,0.589041096,0.242937853,0.344,0.484173188,0.853107345,0.305676757,30,134,4586,17991
0.836094549,0.574074074,0.205298013,0.302439024,0.447290665,0.847682119,0.285753289,23,120,6522,12561
0.855404032,0.684210526,0.239263804,0.354545455,0.484088634,0.797546012,0.349268596,18,124,3407,10540
0.842002332,0.521126761,0.25,0.337899543,0.490256946,0.777027027,0.292703055,34,111,17924,30987
0.828497942,0.706896552,0.25308642,0.372727273,0.497960272,0.851851852,0.367088073,17,121,4117,10953
0.824363156,0.666666667,0.147239264,0.24120603,0.381012241,0.791411043,0.264424224,12,139,3817,7215
0.8175256,0.7,0.260869565,0.380090498,0.505323421,0.813664596,0.371265185,18,119,5085,13903
0.830203383,0.507246377,0.259259259,0.343137255,0.499067853,0.8,0.296554997,34,100,12727,25860
0.792722008,0.540983607,0.222972973,0.315789474,0.46458351,0.851351351,0.283696736,28,115,4704,11549
0.812550598,0.5,0.202702703,0.288461538,0.442376366,0.885135135,0.251627707,30,118,7025,11904
0.819950543,0.602941176,0.245508982,0.34893617,0.487819383,0.778443114,0.319115143,27,126,15978,20544
0.812414348,0.625,0.264900662,0.372093023,0.507494648,0.80794702,0.347232484,24,111,2922,11870
0.829488443,0.65625,0.274509804,0.387096774,0.517457319,0.869281046,0.36854116,22,111,4309,8064
0.812328797,0.676923077,0.27672956,0.392857143,0.519596053,0.830188679,0.374737103,21,115,11148,21253
0.829804688,0.575757576,0.2375,0.336283186,0.479523912,0.75625,0.304400796,28,122,17589,28974
0.815831896,0.554054054,0.259493671,0.353448276,0.500010513,0.829113924,0.311604099,33,117,15369,21901
0.821956676,0.666666667,0.2375,0.350230415,0.482049955,0.73125,0.342261516,19,122,13547,26859
0.827889853,0.666666667,0.264150943,0.378378378,0.507897535,0.79245283,0.363435044,21,117,15055,23096
0.82727361,0.673076923,0.209580838,0.319634703,0.453268533,0.832335329,0.319651385,17,132,5912,15515
0.811539719,0.56,0.272727273,0.366812227,0.512279016,0.824675325,0.32244163,33,112,15818,23360
0.836059565,0.639344262,0.222857143,0.330508475,0.466091237,0.8,0.314857584,22,136,5531,20854
0.820945282,0.486842105,0.264285714,0.342592593,0.502459547,0.792857143,0.287628972,39,103,11239,17430
0.846347783,0.59375,0.256756757,0.358490566,0.499091551,0.864864865,0.329529472,26,110,8797,15469
0.828754203,0.571428571,0.233576642,0.331606218,0.476736768,0.744525547,0.30938819,24,105,17223,23708
0.817418288,0.528571429,0.248322148,0.337899543,0.488853979,0.765100671,0.294419699,33,112,15958,26133
0.827432358,0.62962963,0.21656051,0.322274882,0.459807195,0.777070064,0.310390659,20,123,13347,24290
0.818666549,0.557142857,0.25,0.345132743,0.490990253,0.826923077,0.305135104,31,117,9101,17137
0.838193454,0.647058824,0.22147651,0.33,0.465667627,0.812080537,0.32483855,18,116,5752,12016
0.825161162,0.692307692,0.236842105,0.352941176,0.482289664,0.835526316,0.355001958,16,116,4164,13753
0.827966433,0.583333333,0.222929936,0.322580645,0.465265454,0.757961783,0.297480769,25,122,8516,15961
0.82882904,0.744186047,0.213333333,0.331606218,0.458895936,0.846666667,0.352931732,11,118,2211,9465
0.833854782,0.709090909,0.233532934,0.351351351,0.478772612,0.826347305,0.352689134,16,128,4389,10042
0.830267763,0.756756757,0.19047619,0.304347826,0.434148765,0.836734694,0.337892314,9,119,838,7938
0.83895806,0.571428571,0.223602484,0.321428571,0.46548793,0.801242236,0.29198441,27,125,8845,17835
0.821202283,0.682539683,0.25443787,0.370689655,0.498807291,0.74556213,0.359974671,20,126,17800,33236
0.818090206,0.602739726,0.285714286,0.387665198,0.525701877,0.818181818,0.351717304,29,110,8414,21734
0.820898194,0.588235294,0.273972603,0.373831776,0.51502941,0.773972603,0.340073629,28,106,18406,29391
0.829004965,0.527027027,0.258278146,0.346666667,0.497989993,0.80794702,0.299233611,35,112,19139,28311
0.854519119,0.606557377,0.23125,0.334841629,0.474150762,0.8125,0.312068086,24,123,11640,18032
0.813602579,0.529411765,0.230769231,0.321428571,0.47135175,0.782051282,0.279156462,32,120,17825,27499
0.832658923,0.578125,0.229813665,0.328888889,0.471960276,0.844720497,0.299609906,27,124,4107,10376
0.830747084,0.722222222,0.233532934,0.352941176,0.479144254,0.844311377,0.358723446,15,128,4670,15596
0.832487959,0.578125,0.245033113,0.344186047,0.487355159,0.847682119,0.314088978,27,114,9376,14950
0.82227907,0.565217391,0.26,0.356164384,0.500929369,0.826666667,0.317309007,30,111,9252,14482
0.818292541,0.637931034,0.255172414,0.36453202,0.499143986,0.848275862,0.349414923,21,108,2936,11592
0.837727282,0.567567568,0.264150943,0.360515021,0.504535784,0.786163522,0.318926276,32,117,11211,23849
0.834188709,0.62962963,0.228187919,0.334975369,0.472148355,0.791946309,0.323464033,20,115,6628,9459
0.811535882,0.548387097,0.23943662,0.333333333,0.4818516,0.823943662,0.303627601,28,108,4146,11541
0.817766372,0.517241379,0.196078431,0.28436019,0.435631847,0.784313725,0.252821833,28,123,15233,27083
0.832762692,0.625,0.25974026,0.366972477,0.502649415,0.818181818,0.343469477,24,114,6184,18807
0.823984087,0.653846154,0.192090395,0.296943231,0.433734051,0.802259887,0.295820685,18,143,5644,16069
0.831853892,0.634615385,0.214285714,0.32038835,0.457947824,0.772727273,0.314552591,19,121,4560,12411
0.830681883,0.717391304,0.196428571,0.308411215,0.439734846,0.720238095,0.322795003,13,135,10334,20323
0.825261767,0.608695652,0.24,0.344262295,0.482191529,0.857142857,0.313830072,27,133,6474,14545
0.827080979,0.564705882,0.32,0.408510638,0.553734114,0.793333333,0.356689871,37,102,19204,27513
0.825399524,0.582089552,0.225433526,0.325,0.466581249,0.843930636,0.288915574,28,134,7949,16593
0.813455549,0.607142857,0.2125,0.314814815,0.455198363,0.8125,0.299906388,22,126,10717,17058
0.844768,0.666666667,0.246753247,0.360189573,0.491079019,0.837662338,0.348692535,19,116,7378,18696
0.818870495,0.631578947,0.258992806,0.367346939,0.502852932,0.856115108,0.351579959,21,103,4893,13900
0.80568147,0.525,0.267515924,0.35443038,0.505850567,0.834394904,0.300878617,38,115,11433,16799
0.83237594,0.559322034,0.217105263,0.312796209,0.458970735,0.822368421,0.285963637,26,119,4662,12691
0.832536618,0.590909091,0.236363636,0.337662338,0.478577721,0.806060606,0.307694114,27,126,7694,19471
0.85119085,0.787878788,0.152046784,0.254901961,0.388301709,0.736842105,0.303139258,7,145,8765,18602
0.826253793,0.661016949,0.25,0.362790698,0.494165495,0.820512821,0.349639201,20,117,6142,12438
0.814734121,0.61971831,0.27672956,0.382608696,0.517785412,0.836477987,0.350104059,27,115,14836,24673
0.823415238,0.75,0.28742515,0.415584416,0.531167742,0.796407186,0.410940723,16,119,11895,20507
0.815676995,0.481927711,0.294117647,0.365296804,0.529182447,0.772058824,0.306284758,43,96,22318,29993
0.829880261,0.606557377,0.226993865,0.330357143,0.469978246,0.852760736,0.309776654,24,126,5535,11764
0.81512625,0.75,0.171428571,0.279069767,0.41157626,0.805714286,0.309866213,10,145,10568,20003
0.813405279,0.560606061,0.206703911,0.302040816,0.447084251,0.793296089,0.269291506,29,142,10180,22479
0.828074576,0.477272727,0.311111111,0.376681614,0.543100926,0.755555556,0.312841103,46,93,29842,37091
0.821856371,0.631578947,0.241610738,0.349514563,0.485363423,0.798657718,0.332546561,21,113,2238,9482
0.82817381,0.645833333,0.205298013,0.311557789,0.448533576,0.82781457,0.310267093,17,120,3145,13087
0.834598412,0.641509434,0.21656051,0.323809524,0.460377751,0.802547771,0.318037309,19,123,4710,9590
0.843423319,0.661290323,0.269736842,0.38317757,0.513062791,0.861842105,0.366141344,21,111,5713,16184
0.807254433,0.589041096,0.252941176,0.353909465,0.493826224,0.829411765,0.313543037,30,127,9866,19818
0.814846125,0.576271186,0.219354839,0.317757009,0.461575063,0.8,0.29320918,25,121,12953,22076
0.816417321,0.661538462,0.263803681,0.377192982,0.506967208,0.852760736,0.357094618,22,120,12804,18673
0.832425629,0.517241379,0.212765957,0.301507538,0.453859482,0.787234043,0.269630379,28,111,9630,18742
0.854976985,0.672413793,0.246835443,0.361111111,0.491432642,0.772151899,0.352287396,19,119,13529,21049
0.829978981,0.584615385,0.248366013,0.348623853,0.490897831,0.810457516,0.320267377,27,115,5879,15428
0.839153333,0.649122807,0.229813665,0.339449541,0.473833746,0.788819876,0.32839336,20,124,15524,24707
0.812054598,0.5125,0.25625,0.341666667,0.494735213,0.85,0.286130299,39,119,9349,17056
0.84038804,0.661764706,0.244565217,0.357142857,0.488022438,0.782608696,0.337666702,23,139,12104,25495
0.818241906,0.410714286,0.157534247,0.227722772,0.389444114,0.794520548,0.185053533,33,123,13915,18988
0.832365909,0.660377358,0.213414634,0.322580645,0.457186359,0.81097561,0.319501515,18,129,5068,13738
0.825774702,0.56,0.28,0.373333333,0.518982235,0.773333333,0.328248441,33,108,15664,24467
0.854331625,0.704918033,0.270440252,0.390909091,0.514599449,0.849056604,0.381968084,18,116,12196,21634
0.836337174,0.548387097,0.22972973,0.323809524,0.47175277,0.804054054,0.292920275,28,114,7481,13355
0.835773179,0.673076923,0.217391304,0.328638498,0.461560784,0.782608696,0.326932835,17,126,3808,14984
0.846091338,0.655172414,0.258503401,0.370731707,0.502614803,0.843537415,0.357646215,20,109,7489,13680
0.838548403,0.616438356,0.279503106,0.384615385,0.520143031,0.826086957,0.350296736,28,116,7206,17397
0.815529059,0.603174603,0.242038217,0.345454545,0.484828866,0.808917197,0.319684095,25,119,16523,28237
0.825954741,0.696428571,0.236363636,0.352941176,0.481303428,0.8,0.34983268,17,126,5502,15059
0.848691255,0.655172414,0.233128834,0.343891403,0.477106396,0.785276074,0.331364793,20,125,10402,24700
0.849297055,0.714285714,0.205882353,0.319634703,0.449950064,0.823529412,0.329563801,14,135,1656,9031
0.822032193,0.586956522,0.190140845,0.287234043,0.431291169,0.802816901,0.28091197,19,115,4892,12231
0.809170069,0.552631579,0.267515924,0.360515021,0.507000244,0.828025478,0.313956252,34,115,9377,17438
0.845949268,0.62962963,0.21656051,0.322274882,0.459885602,0.802547771,0.311164468,20,123,12901,20650
0.827040838,0.655172414,0.234567901,0.345454545,0.478767769,0.765432099,0.334625202,20,124,5005,16515
0.82898541,0.590163934,0.241610738,0.342857143,0.484687142,0.825503356,0.319151804,25,113,4160,12428
0.816625275,0.625,0.176470588,0.275229358,0.415498374,0.823529412,0.271921196,18,140,10663,14710
0.831904656,0.692307692,0.227848101,0.342857143,0.472846991,0.860759494,0.343854119,16,122,5563,10108
0.828577489,0.6875,0.20625,0.317307692,0.450278006,0.81875,0.325570019,15,127,4582,10744
0.816843219,0.592105263,0.269461078,0.37037037,0.50972075,0.814371257,0.329493462,31,122,8394,23031
0.812313064,0.607843137,0.198717949,0.299516908,0.440700551,0.83974359,0.291111429,20,125,3874,9377
0.80657468,0.567164179,0.243589744,0.340807175,0.485015196,0.814102564,0.303805672,29,118,15658,28345
0.799493345,0.482758621,0.184210526,0.266666667,0.421732663,0.796052632,0.230266763,30,124,5073,15975
0.815605234,0.711538462,0.248322148,0.368159204,0.493817701,0.88590604,0.369030684,15,112,3421,11831
0.796351887,0.515151515,0.2125,0.300884956,0.452835704,0.8875,0.263149435,32,126,8819,14775
0.812785998,0.533333333,0.268456376,0.357142857,0.507719542,0.77852349,0.309574203,35,109,16760,28861
0.834924464,0.673913043,0.197452229,0.305418719,0.440490813,0.853503185,0.313308046,15,126,2093,11663
0.834161699,0.6,0.267515924,0.370044053,0.508866996,0.796178344,0.336316042,28,115,12946,24827
0.811916866,0.557142857,0.256578947,0.351351351,0.497534291,0.776315789,0.311967524,31,113,16037,22753
0.828116432,0.666666667,0.248366013,0.361904762,0.492966251,0.836601307,0.35290863,19,115,3985,9257
0.850745098,0.708333333,0.222222222,0.338308458,0.467618078,0.843137255,0.347897692,14,119,4194,12147
0.803650794,0.555555556,0.266666667,0.36036036,0.506466126,0.813333333,0.315587379,32,110,9626,14812
0.824626315,0.590909091,0.25,0.351351351,0.492162069,0.833333333,0.32033273,27,117,6326,13404
0.801579722,0.584415584,0.279503106,0.378151261,0.518809316,0.813664596,0.334788229,32,116,23562,32645
0.822556359,0.541666667,0.25,0.342105263,0.490685044,0.83974359,0.299883689,33,117,8106,13987
0.819480619,0.701754386,0.218579235,0.333333333,0.462858825,0.792349727,0.332437165,17,143,5217,14583
0.829681957,0.628571429,0.261904762,0.369747899,0.504201417,0.797619048,0.341868283,26,124,20220,30375
0.836376728,0.673076923,0.21875,0.330188679,0.463104444,0.84375,0.329462312,17,125,4655,13867
0.808085725,0.606060606,0.231213873,0.334728033,0.473479469,0.838150289,0.306492662,26,133,5743,18007
0.821072797,0.644067797,0.243589744,0.353488372,0.487555116,0.820512821,0.338471304,21,118,8048,15948
0.802443373,0.563380282,0.229885057,0.326530612,0.470649409,0.775862069,0.286036346,31,134,14998,26561
0.832228932,0.621212121,0.267973856,0.374429224,0.510143914,0.810457516,0.347103619,25,112,15213,22569
0.81849872,0.578125,0.228395062,0.327433628,0.470458603,0.765432099,0.297892833,27,125,13482,26819
0.817311083,0.571428571,0.243243243,0.341232227,0.485234515,0.810810811,0.308549377,27,112,2526,11340
0.809062527,0.660714286,0.228395062,0.339449541,0.472635255,0.771604938,0.331447646,19,125,13951,23006
0.812354202,0.660714286,0.23566879,0.34741784,0.48013322,0.808917197,0.338961775,19,120,5471,16972
0.831875205,0.728813559,0.245714286,0.367521368,0.491116485,0.788571429,0.367754915,16,132,1809,9456
0.838398862,0.612903226,0.258503401,0.363636364,0.501490917,0.816326531,0.340316759,24,109,5294,14519
0.816181235,0.578125,0.26618705,0.36453202,0.507826659,0.848920863,0.332251118,27,102,6705,13277
0.833542585,0.53125,0.193181818,0.283333333,0.432027832,0.755681818,0.249014472,30,142,13450,23322
0.806794412,0.615384615,0.251572327,0.357142857,0.494546695,0.779874214,0.332994181,25,119,16536,31545
0.838840501,0.648148148,0.209580838,0.316742081,0.452830871,0.850299401,0.311216527,19,132,4526,12971
0.833954255,0.605263158,0.280487805,0.383333333,0.520628811,0.87195122,0.345961169,30,118,8447,18115
0.806416836,0.603773585,0.214765101,0.316831683,0.457889959,0.785234899,0.304174733,21,117,14469,23009
0.826387521,0.64,0.228571429,0.336842105,0.47311982,0.828571429,0.331145943,18,108,4040,8570
0.813294933,0.538461538,0.193103448,0.284263959,0.433442793,0.820689655,0.263728007,24,117,5767,9552
0.810375838,0.537313433,0.222222222,0.31441048,0.462810128,0.858024691,0.274564428,31,126,8053,13657
0.808713629,0.542857143,0.233128834,0.326180258,0.473881658,0.773006135,0.284861336,32,125,18455,26240
0.806681303,0.575757576,0.25,0.348623853,0.492044947,0.842105263,0.316499703,28,114,6808,16233
0.81553815,0.592592593,0.214765101,0.315270936,0.457865214,0.865771812,0.30193684,22,117,2239,14722
0.815397116,0.652173913,0.189873418,0.294117647,0.431619184,0.85443038,0.297925912,16,128,2408,6777
0.817374779,0.616666667,0.24025974,0.345794393,0.483662975,0.779220779,0.325624772,23,117,13838,23419
0.808830048,0.561403509,0.191616766,0.285714286,0.431262799,0.826347305,0.261324821,25,135,6653,14226
0.843281744,0.566666667,0.213836478,0.310502283,0.455446196,0.830188679,0.283602533,26,125,5809,11796
0.843552413,0.548780488,0.302013423,0.38961039,0.538116774,0.812080537,0.339145616,37,104,9996,26496
0.835683937,0.615384615,0.226950355,0.331606218,0.470935922,0.872340426,0.320358774,20,109,4568,9458
0.834354466,0.6375,0.305389222,0.412955466,0.543255935,0.868263473,0.374268384,29,116,4980,15525
0.835035006,0.690909091,0.2375,0.353488372,0.482481915,0.83125,0.350402222,17,122,2970,14892
0.812671549,0.611940299,0.24260355,0.347457627,0.48502776,0.804733728,0.318760894,26,128,14178,23073
0.804124081,0.606060606,0.242424242,0.346320346,0.484731921,0.806060606,0.316621876,26,125,6121,11792
0.833178442,0.636363636,0.178343949,0.278606965,0.418281019,0.828025478,0.282682462,16,129,2263,6853
0.84098221,0.636363636,0.205882353,0.311111111,0.44845405,0.776470588,0.301741594,20,135,13248,22430
0.839032731,0.717391304,0.185393258,0.294642857,0.427358974,0.808988764,0.312651765,13,145,1509,7579
0.805286239,0.587301587,0.258741259,0.359223301,0.501138524,0.825174825,0.33092423,26,106,6947,16281
0.846058663,0.76,0.234567901,0.358490566,0.481001,0.851851852,0.374454295,12,124,10119,16154
0.827445112,0.71641791,0.277456647,0.4,0.52116429,0.878612717,0.389729885,19,125,5930,16950
0.818461799,0.53164557,0.265822785,0.35443038,0.504822472,0.82278481,0.304394974,37,116,15924,26356
0.804684475,0.574074074,0.202614379,0.299516908,0.444074224,0.843137255,0.280403695,23,122,5149,9911
0.839613656,0.623188406,0.252941176,0.359832636,0.495421387,0.735294118,0.331901038,26,127,16570,28922
0.833180555,0.494117647,0.274509804,0.352941176,0.510930888,0.830065359,0.291424646,43,111,11813,20968
0.843371148,0.683333333,0.297101449,0.414141414,0.539240338,0.811594203,0.401156126,19,97,2552,12028
0.829020214,0.630769231,0.267973856,0.376146789,0.51041308,0.705882353,0.351003856,24,112,13663,24275
0.816299805,0.72,0.219512195,0.336448598,0.464809117,0.804878049,0.347323214,14,128,3467,8648
0.843162624,0.716666667,0.270440252,0.392694064,0.514962119,0.874213836,0.387294577,17,116,4565,12905
0.838727679,0.734693878,0.214285714,0.331797235,0.459478106,0.839285714,0.346725963,13,132,2923,8829
0.849137211,0.719298246,0.286713287,0.41,0.530560446,0.839160839,0.405903788,16,102,13609,24536
0.822336879,0.592105263,0.261627907,0.362903226,0.502014294,0.88372093,0.320590325,31,127,6842,19227
0.813868391,0.772727273,0.198830409,0.31627907,0.443313055,0.807017544,0.344639405,10,137,4156,12943
0.83187811,0.759259259,0.235632184,0.359649123,0.481723814,0.83908046,0.370643651,13,133,3784,12480
0.821156103,0.653846154,0.2125,0.320754717,0.456081751,0.84375,0.31624503,18,126,3507,17081
0.806685058,0.542372881,0.207792208,0.300469484,0.448778612,0.785714286,0.271705117,27,122,14790,19255
0.829904308,0.606557377,0.245033113,0.349056604,0.488219189,0.814569536,0.326394255,24,114,13605,22321
0.833101173,0.638297872,0.193548387,0.297029703,0.435671188,0.812903226,0.298609233,17,125,2070,8424
0.837299116,0.788461538,0.266233766,0.398058252,0.51272863,0.837662338,0.41316343,11,113,10365,21799
0.829628225,0.608695652,0.191780822,0.291666667,0.433358066,0.780821918,0.288495903,18,118,14570,23446
0.839152696,0.549295775,0.274647887,0.366197183,0.514484813,0.746478873,0.324370699,32,103,15880,25999
0.826222587,0.646341463,0.329192547,0.436213992,0.564359888,0.807453416,0.398512662,29,108,7460,18550
0.821566161,0.592592593,0.198757764,0.297674419,0.44014307,0.844720497,0.282587911,22,129,4990,9700
0.838297778,0.62,0.196202532,0.298076923,0.438015662,0.797468354,0.291603434,19,127,4115,12904
0.818727765,0.627118644,0.246666667,0.354066986,0.490276687,0.833333333,0.335353771,22,113,14007,22114
0.807671454,0.6,0.2625,0.365217391,0.503868388,0.85625,0.330249947,28,118,6110,14902
0.852828164,0.651162791,0.17721519,0.278606965,0.4173371,0.797468354,0.288358444,15,130,3546,8236
0.810713444,0.611940299,0.269736842,0.374429224,0.511745407,0.848684211,0.346318048,26,111,6858,17715
0.834435951,0.573770492,0.238095238,0.336538462,0.480628963,0.714285714,0.308537309,26,112,16950,33697
0.807782301,0.632653061,0.202614379,0.306930693,0.445266527,0.758169935,0.30188797,18,122,12962,25232
0.821985299,0.554054054,0.248484848,0.343096234,0.488981285,0.745454545,0.299460265,33,124,21058,31656
0.832731605,0.703703704,0.240506329,0.358490566,0.485862938,0.816455696,0.358853786,16,120,12638,17712
0.796733191,0.432098765,0.253623188,0.319634703,0.49078787,0.782608696,0.257524498,46,103,18797,26109
0.823443573,0.64,0.275862069,0.385542169,0.516622726,0.798850575,0.350406396,27,126,7747,21816
0.802637376,0.573529412,0.246835443,0.345132743,0.488396595,0.765822785,0.309230043,29,119,14042,21003
0.835860485,0.6,0.178571429,0.275229358,0.417605459,0.791666667,0.266643467,20,138,12898,19131
0.844452543,0.728813559,0.259036145,0.382222222,0.504102848,0.831325301,0.379309002,16,123,13190,21640
0.825527443,0.525641026,0.294964029,0.377880184,0.531696793,0.776978417,0.327232191,37,98,15358,21434
0.837096691,0.686567164,0.254143646,0.370967742,0.497948001,0.817679558,0.354932725,21,135,4060,11145
0.816516622,0.582278481,0.291139241,0.388185654,0.529394571,0.848101266,0.343828882,33,112,5504,13320
0.819339478,0.569230769,0.246666667,0.344186047,0.488579244,0.846666667,0.310845489,28,113,2558,9176
0.831885911,0.661971831,0.295597484,0.408695652,0.536012784,0.754716981,0.381277892,24,112,9156,20828
0.824450867,0.634615385,0.22,0.326732673,0.46386165,0.86,0.318771968,19,117,2366,7227
0.824377335,0.546875,0.239726027,0.333333333,0.481483089,0.869863014,0.298697014,29,111,9630,18491
0.831745114,0.563636364,0.2,0.295238095,0.441163076,0.838709677,0.275609155,24,124,5522,11095
0.825695249,0.661016949,0.24375,0.356164384,0.487956044,0.725,0.343682336,20,121,15175,25619
0.824833906,0.606060606,0.266666667,0.37037037,0.508649884,0.82,0.34108381,26,110,16716,23192
0.821377963,0.661290323,0.25,0.362831858,0.493799583,0.804878049,0.34636446,21,123,16506,24271
0.825978873,0.653846154,0.217948718,0.326923077,0.461989443,0.852564103,0.322848401,18,122,12275,17203
0.832527299,0.617647059,0.269230769,0.375,0.510810231,0.814102564,0.343583391,26,114,5877,16513
0.833561132,0.658536585,0.157894737,0.254716981,0.394112113,0.824561404,0.269556034,14,144,12043,16040
0.824922941,0.530120482,0.291390728,0.376068376,0.527539845,0.754966887,0.320123496,39,107,13241,26216
0.821575049,0.666666667,0.294871795,0.408888889,0.535786677,0.794871795,0.384776585,23,110,2072,14300
0.827658456,0.666666667,0.213017751,0.322869955,0.456722276,0.792899408,0.319581273,18,133,2538,11053
0.832144181,0.637931034,0.243421053,0.352380952,0.487258902,0.796052632,0.336105854,21,115,4682,17029
0.835924271,0.625,0.27607362,0.382978723,0.517340803,0.871165644,0.351768594,27,118,4406,15388
0.833855755,0.584415584,0.288461538,0.386266094,0.527537196,0.782051282,0.345698901,32,111,8578,18940
0.838482639,0.568627451,0.208633094,0.305263158,0.450991629,0.827338129,0.288812999,22,110,7761,13148
0.80996503,0.578947368,0.287581699,0.384279476,0.5261473,0.85620915,0.340031945,32,109,6964,11678
0.821962345,0.639344262,0.242236025,0.351351351,0.486094914,0.819875776,0.335425271,22,122,14156,22149
0.808179666,0.611111111,0.214285714,0.317307692,0.457507747,0.746753247,0.306212499,21,121,13385,26214
0.826576291,0.515151515,0.209876543,0.298245614,0.449687183,0.833333333,0.257898755,32,128,10600,14406
0.835350294,0.660377358,0.239726027,0.351758794,0.484556004,0.808219178,0.345824239,18,111,2089,8017
0.830099388,0.596774194,0.246666667,0.349056604,0.48948422,0.88,0.323163879,25,113,3546,14104
0.831557419,0.540983607,0.2,0.292035398,0.440114516,0.812121212,0.262218521,28,132,6785,20724
0.836403137,0.672413793,0.226744186,0.339130435,0.470830906,0.825581395,0.330574574,19,133,3230,17725
0.811601771,0.634920635,0.25477707,0.363636364,0.498006499,0.770700637,0.342178813,23,117,14759,26757
0.803887289,0.516129032,0.242424242,0.329896907,0.483939227,0.803030303,0.292835198,30,100,6194,13593
0.819756526,0.637681159,0.257309942,0.366666667,0.499907461,0.81871345,0.340359883,25,127,6556,16087
0.817565397,0.586666667,0.26035503,0.360655738,0.501223436,0.769230769,0.32151842,31,125,14443,23092
0.826821705,0.680851064,0.193939394,0.301886792,0.43652804,0.812121212,0.310106937,15,133,2012,10185
0.809548157,0.603174603,0.246753247,0.350230415,0.489708259,0.74025974,0.325567604,25,116,17341,24981
0.827076182,0.523809524,0.229166667,0.31884058,0.470425907,0.826388889,0.281803878,30,111,7438,18822
0.829934892,0.704918033,0.277419355,0.398148148,0.521241603,0.825806452,0.388890192,18,112,8034,19194
0.837246831,0.602941176,0.246987952,0.35042735,0.489304112,0.740963855,0.320652735,27,125,13024,25562
0.811560975,0.535211268,0.242038217,0.333333333,0.482756327,0.751592357,0.290970546,33,119,14964,27873
0.819879799,0.552631579,0.269230769,0.362068966,0.508763676,0.685897436,0.316382984,34,114,26689,39746
0.807002239,0.586956522,0.162650602,0.254716981,0.398907026,0.819277108,0.25119028,19,139,4092,8349
0.813052909,0.5,0.170886076,0.254716981,0.407064972,0.778481013,0.227489432,27,131,12875,17379
0.843162613,0.610169492,0.232258065,0.336448598,0.475577392,0.761290323,0.317107038,23,119,14684,20177
0.835808929,0.683333333,0.25,0.366071429,0.494490989,0.817073171,0.356322812,19,123,13537,20658
0.810677999,0.594936709,0.278106509,0.379032258,0.517602604,0.816568047,0.336243059,32,122,13313,22610
0.821354846,0.594202899,0.259493671,0.36123348,0.50126351,0.85443038,0.328528956,28,117,6218,18170
0.845746375,0.714285714,0.27607362,0.398230088,0.520062401,0.803680982,0.389969342,18,118,3397,15821
0.821732247,0.579710145,0.275862069,0.373831776,0.516627044,0.793103448,0.338704641,29,105,12081,25507
0.814514683,0.652173913,0.179640719,0.281690141,0.419760052,0.790419162,0.285766907,16,137,2985,12265
0.806283272,0.538461538,0.214723926,0.307017544,0.455388573,0.834355828,0.271113584,30,128,8167,12306
0.83132063,0.608695652,0.207407407,0.309392265,0.450832586,0.82962963,0.306161852,18,107,4796,10849
0.826501363,0.509433962,0.191489362,0.278350515,0.431319156,0.836879433,0.253927101,26,114,3215,8529
0.828941176,0.694915254,0.248484848,0.366071429,0.493176253,0.860606061,0.358436251,18,124,1771,17119
0.81227314,0.505376344,0.309210526,0.383673469,0.541166762,0.671052632,0.317134379,46,105,25672,38418
0.795969454,0.568627451,0.201388889,0.297435897,0.443263358,0.8125,0.283234775,22,115,15537,21483
0.819327306,0.541666667,0.246835443,0.339130435,0.487366618,0.759493671,0.295598756,33,119,15631,23340
0.811504438,0.660714286,0.232704403,0.344186047,0.477010728,0.767295597,0.335120521,19,122,12609,21562
0.817453849,0.573333333,0.260606061,0.358333333,0.501019511,0.83030303,0.316040601,32,122,6168,14780
0.815868972,0.576923077,0.286624204,0.382978723,0.525180328,0.802547771,0.33820075,33,112,16106,25178
0.807829889,0.476923077,0.227941176,0.308457711,0.468202626,0.830882353,0.263979022,34,105,10463,18807
0.836446079,0.719298246,0.235632184,0.354978355,0.480845457,0.752873563,0.355332597,16,133,15256,24479
0.817774279,0.551020408,0.192857143,0.285714286,0.433514746,0.764285714,0.269004912,22,113,12022,24191
0.796819403,0.481012658,0.269503546,0.345454545,0.506885437,0.787234043,0.287757762,41,103,12891,21859
0.828930638,0.569230769,0.25170068,0.349056604,0.49342424,0.80952381,0.31460276,28,110,14545,20535
0.800148313,0.481481481,0.254901961,0.333333333,0.49294351,0.803921569,0.275308425,42,114,18439,25933
0.83518345,0.583333333,0.16969697,0.262910798,0.407196876,0.848484848,0.255564096,20,137,5814,11255
0.812271571,0.567567568,0.244186047,0.341463415,0.484860265,0.860465116,0.298895672,32,130,8115,19952
0.802639432,0.523076923,0.2,0.289361702,0.439329201,0.847058824,0.252401082,31,136,4100,11016
0.825913793,0.733333333,0.22147651,0.340206186,0.467404147,0.865771812,0.357795513,12,116,4245,11609
0.831349969,0.621621622,0.171641791,0.269005848,0.411036347,0.820895522,0.281893374,14,111,976,7595
0.83463749,0.621212121,0.267973856,0.374429224,0.510099983,0.803921569,0.346769146,25,112,6705,17949
0.814668405,0.550724638,0.240506329,0.334801762,0.481922965,0.765822785,0.297667087,31,120,25164,36914
0.81729798,0.6,0.210526316,0.311688312,0.452531423,0.830409357,0.291527432,24,135,3859,15860
0.819393032,0.709090909,0.233532934,0.351351351,0.478839097,0.820359281,0.35343497,16,128,2722,6107
0.815876019,0.5,0.20625,0.292035398,0.445338683,0.775,0.248093922,33,127,10166,20718
0.832939954,0.603174603,0.251655629,0.355140187,0.494367397,0.80794702,0.328686097,25,113,14450,25004
0.836655585,0.672727273,0.226993865,0.339449541,0.471623393,0.797546012,0.336431378,18,126,12600,21593
0.827815093,0.651515152,0.25748503,0.369098712,0.5006853,0.766467066,0.347954087,23,124,5552,19339
0.845456802,0.671641791,0.283018868,0.398230088,0.525539398,0.830188679,0.380116889,22,114,4145,16257
0.83330546,0.561643836,0.284722222,0.377880184,0.523711467,0.736111111,0.334979034,32,103,16835,30573
0.819498062,0.604166667,0.184713376,0.282926829,0.424969422,0.757961783,0.276634682,19,128,13224,23048
0.833857669,0.729166667,0.197740113,0.311111111,0.441313895,0.802259887,0.327132486,13,142,2235,12307
0.826453429,0.61971831,0.258823529,0.365145228,0.500668782,0.8,0.333035945,27,126,14913,23901
0.832636909,0.666666667,0.270967742,0.385321101,0.514150841,0.806451613,0.367561329,21,113,13322,22983
0.819435894,0.660714286,0.226993865,0.337899543,0.471189319,0.828220859,0.330104549,19,126,12493,20332
0.826250722,0.554054054,0.238372093,0.333333333,0.47905498,0.715116279,0.290961807,33,131,20246,35305
0.80947519,0.578947368,0.261904762,0.360655738,0.502120856,0.81547619,0.317283594,32,124,17768,28155
0.845410817,0.705882353,0.263736264,0.384,0.507424059,0.78021978,0.36852848,20,134,15499,28873
0.817537245,0.583333333,0.230263158,0.330188679,0.472847747,0.835526316,0.304498313,25,117,2953,12882
0.828871327,0.544117647,0.262411348,0.354066986,0.503104848,0.794326241,0.314013169,31,104,16509,22655
0.807592007,0.512820513,0.253164557,0.338983051,0.491965451,0.848101266,0.284825363,38,118,9186,24171
0.816320336,0.550724638,0.224852071,0.319327731,0.46543769,0.769230769,0.278709922,31,131,19119,30009
0.832220231,0.705882353,0.214285714,0.328767123,0.458934224,0.845238095,0.336157897,15,132,6400,13466
0.836247069,0.785714286,0.20625,0.326732673,0.451745345,0.85625,0.358004809,9,127,11245,17036
0.832069698,0.568965517,0.198795181,0.294642857,0.439441486,0.777108434,0.271629396,25,133,12970,20233
0.832481665,0.561403509,0.228571429,0.324873096,0.471374456,0.771428571,0.300864486,25,108,6643,13104
0.81850927,0.655737705,0.266666667,0.379146919,0.510206089,0.826666667,0.362898647,21,110,6582,16306
0.837362235,0.62745098,0.206451613,0.310679612,0.449443205,0.832258065,0.304826538,19,123,4357,16547
0.81216094,0.521126761,0.220238095,0.309623431,0.460023026,0.845238095,0.264238204,34,131,7684,16551
0.845709305,0.685714286,0.298136646,0.415584416,0.53888957,0.875776398,0.392289242,22,113,3454,12370
0.822925871,0.590909091,0.222857143,0.323651452,0.464719974,0.782857143,0.294672584,27,136,15401,26821
0.799194296,0.5,0.268115942,0.349056604,0.506745903,0.768115942,0.297773951,37,101,6886,16400
0.806261029,0.590163934,0.225,0.325791855,0.467313977,0.74375,0.299787941,25,124,16288,26830
0.83790233,0.597014925,0.253164557,0.355555556,0.495248862,0.797468354,0.32428072,27,118,9178,18066
0.811714315,0.62962963,0.220779221,0.326923077,0.464464277,0.850649351,0.316574968,20,120,5761,9851
0.818085431,0.5625,0.24,0.336448598,0.481986735,0.793333333,0.30378241,28,114,6158,15543
0.800466949,0.591549296,0.272727273,0.373333333,0.513654216,0.811688312,0.338251481,29,112,8225,13576
0.828022633,0.666666667,0.260869565,0.375,0.504594731,0.801242236,0.359149057,21,119,9885,18142
0.820955267,0.651515152,0.27388535,0.385650224,0.516360358,0.789808917,0.362999846,23,114,14584,22205
0.823123046,0.621212121,0.257861635,0.364444444,0.500527408,0.842767296,0.338625454,25,118,5724,13868
0.835945047,0.677966102,0.227272727,0.340425532,0.471353922,0.829545455,0.331626773,19,136,5834,9534
0.830696636,0.636363636,0.24852071,0.357446809,0.491545885,0.816568047,0.333888781,24,127,7780,17932
0.843181736,0.673469388,0.212903226,0.323529412,0.457262081,0.748387097,0.327879626,16,122,10909,19149
0.83498054,0.714285714,0.234899329,0.353535354,0.480775655,0.852348993,0.361662021,14,114,6931,11551
0.826070106,0.633333333,0.224852071,0.331877729,0.468045301,0.822485207,0.314723737,22,131,13765,25917
0.824124942,0.673469388,0.215686275,0.326732673,0.460169287,0.810457516,0.329932432,16,120,1835,8962
0.824844113,0.655172414,0.2375,0.348623853,0.481652945,0.83125,0.336573191,20,122,6521,15106
0.823786949,0.711538462,0.210227273,0.324561404,0.454266507,0.778409091,0.328775851,15,139,12354,23539
0.823382468,0.490566038,0.160493827,0.241860465,0.394541391,0.777777778,0.215264652,27,136,5107,14265
0.826753648,0.68627451,0.21875,0.331753555,0.463488759,0.85,0.335707902,16,125,5339,13857
0.821520131,0.5,0.212328767,0.298076923,0.452667684,0.821917808,0.260157412,31,115,5178,11823
0.814220998,0.632352941,0.275641026,0.383928571,0.517381601,0.794871795,0.356114497,25,113,3838,17303
0.81832481,0.606557377,0.243421053,0.34741784,0.486870833,0.855263158,0.327031846,24,115,3070,8596
0.834720325,0.633333333,0.228915663,0.336283186,0.472384254,0.813253012,0.319976172,22,128,12688,19338
0.83784484,0.596774194,0.241830065,0.344186047,0.484750693,0.830065359,0.319362713,25,116,11346,16859
0.830937481,0.620689655,0.241610738,0.347826087,0.485412079,0.832214765,0.330998167,22,113,6327,11088
0.815878138,0.53125,0.195402299,0.285714286,0.434503656,0.793103448,0.251297183,30,140,7023,11084
0.854544613,0.642857143,0.184931507,0.287234043,0.426389099,0.815068493,0.296424508,15,119,12242,16846
0.828345245,0.625,0.217391304,0.322580645,0.460629861,0.838509317,0.309909534,21,126,5002,14176
0.83647583,0.666666667,0.238095238,0.350877193,0.482236139,0.80952381,0.338782999,20,128,3292,12045
0.825447421,0.597014925,0.273972603,0.375586854,0.515340826,0.753424658,0.344095653,27,106,7258,17256
0.827508202,0.680851064,0.181818182,0.286995516,0.42266209,0.806818182,0.296559009,15,144,2750,9379
0.843713278,0.740740741,0.224719101,0.344827586,0.470129976,0.831460674,0.353262764,14,138,782,11685
0.81940198,0.533333333,0.198757764,0.28959276,0.438320212,0.850931677,0.255946797,28,129,11702,18650
0.813920777,0.6,0.232142857,0.334763948,0.47429683,0.767857143,0.30527355,26,129,15738,23219
0.835231016,0.580645161,0.222222222,0.321428571,0.464240739,0.808641975,0.29387609,26,126,14988,23212
0.821958265,0.615384615,0.25974026,0.365296804,0.502114303,0.805194805,0.337447721,25,114,6241,16848
0.846152612,0.515625,0.224489796,0.312796209,0.465062589,0.68707483,0.271828668,31,114,16463,28878
0.839482054,0.644067797,0.24516129,0.355140187,0.488997528,0.870967742,0.338836716,21,117,10975,19257
0.825402711,0.55,0.203703704,0.297297297,0.444506237,0.820987654,0.270439626,27,129,14139,23198
0.830928023,0.689655172,0.217391304,0.330578512,0.461187351,0.804347826,0.324999235,18,144,12253,19129
0.836398014,0.590909091,0.253246753,0.354545455,0.495179205,0.779220779,0.322058648,27,115,18028,25971
0.806374692,0.617647059,0.242774566,0.348547718,0.485438211,0.815028902,0.321886271,26,131,9282,18151
0.816098594,0.567567568,0.2625,0.358974359,0.502847803,0.8375,0.316698079,32,118,19463,26205
0.818281787,0.529411765,0.18,0.268656716,0.418391618,0.826666667,0.247872781,24,123,9526,15554
0.832412012,0.794871795,0.17816092,0.291079812,0.420073954,0.827586207,0.330573274,8,143,916,10341
0.847128678,0.527272727,0.171597633,0.258928571,0.407992171,0.763313609,0.233433638,26,140,14151,19096
0.830233502,0.593220339,0.213414634,0.313901345,0.455445986,0.81097561,0.291694032,24,129,5964,12744
0.840510733,0.596774194,0.224242424,0.325991189,0.466696984,0.76969697,0.301655228,25,128,13605,17343
0.813365775,0.528735632,0.291139241,0.375510204,0.526367678,0.803797468,0.314296983,41,112,9501,20965
0.820841906,0.615384615,0.231213873,0.336134454,0.474006759,0.76300578,0.312597246,25,133,15045,23880
0.827406261,0.714285714,0.235294118,0.353982301,0.480511137,0.811764706,0.354463322,16,130,12646,19246
0.811209237,0.553846154,0.244897959,0.339622642,0.486760752,0.80952381,0.305655598,29,111,17895,29298
0.803608545,0.652173913,0.28125,0.3930131,0.522929768,0.74375,0.367264286,24,115,15557,28059
0.821016023,0.7,0.210843373,0.324074074,0.455214933,0.831325301,0.331528396,15,131,1292,11050
0.830543237,0.65625,0.256097561,0.368421053,0.499695029,0.81097561,0.350554541,22,122,13206,27002
0.838630964,0.557142857,0.242236025,0.337662338,0.48330605,0.776397516,0.29797529,31,122,13595,20443
0.799852192,0.724137931,0.242774566,0.363636364,0.488201114,0.815028902,0.364551963,16,131,4562,18779
0.854082289,0.538461538,0.24137931,0.333333333,0.483146443,0.779310345,0.298502784,30,110,3085,14701
0.827432478,0.623188406,0.267080745,0.373913043,0.509141856,0.807453416,0.345511192,26,118,7229,18278
0.810613585,0.640625,0.244047619,0.353448276,0.487384297,0.827380952,0.332743184,23,127,7613,19935
0.82287296,0.722222222,0.24375,0.364485981,0.489375762,0.80625,0.367443343,15,121,5777,13320
0.823380975,0.616666667,0.215116279,0.318965517,0.457591307,0.76744186,0.300277291,23,135,4492,16573
0.828598894,0.676056338,0.282352941,0.398340249,0.52431437,0.811764706,0.375356992,23,122,3712,18171
0.807450125,0.476190476,0.201342282,0.283018868,0.440159191,0.818791946,0.240041331,33,119,9798,17287
0.841129477,0.666666667,0.198675497,0.306122449,0.441793831,0.82781457,0.312855002,15,121,3053,12709
0.80420733,0.636363636,0.264150943,0.373333333,0.506817542,0.867924528,0.348998117,24,117,2647,13978
0.81171862,0.627118644,0.220238095,0.325991189,0.463232528,0.821428571,0.309243087,22,131,5463,14076
0.870917162,0.764705882,0.263513514,0.391959799,0.509871051,0.824324324,0.404552899,12,109,2247,9670
0.812671112,0.62295082,0.243589744,0.350230415,0.486988099,0.801282051,0.329795216,23,118,14342,25232
0.83126194,0.853658537,0.220125786,0.35,0.467571621,0.842767296,0.394406476,6,124,816,11117
0.821211672,0.544117647,0.23566879,0.328888889,0.476627477,0.821656051,0.288749005,31,120,5450,9817
0.813666709,0.6,0.240740741,0.343612335,0.483274715,0.765432099,0.315811691,26,123,18858,33681
0.835962412,0.745098039,0.23030303,0.351851852,0.476262269,0.848484848,0.363753443,13,127,10168,23306
0.836731606,0.602564103,0.328671329,0.425339367,0.563086814,0.839160839,0.383282216,31,96,6940,15654
0.823781909,0.64516129,0.256410256,0.366972477,0.500156323,0.865384615,0.350239803,22,116,6517,15615
0.829942063,0.577464789,0.273333333,0.371040724,0.513645398,0.82,0.331905026,30,109,7444,21571
0.825182124,0.602739726,0.265060241,0.368200837,0.506085134,0.722891566,0.331394141,29,122,14296,31758
0.808826703,0.443037975,0.263157895,0.330188679,0.500377457,0.834586466,0.270492887,44,98,11095,20247
0.831590136,0.569444444,0.25625,0.353448276,0.49723584,0.74375,0.314293959,31,119,16605,27520
0.829806618,0.675,0.169811321,0.271356784,0.408940595,0.830188679,0.28885586,13,132,4866,13285
0.8075358,0.66,0.226027397,0.336734694,0.47081935,0.815068493,0.335512075,17,113,14086,19571
0.830690724,0.615384615,0.206451613,0.309178744,0.44920601,0.832258065,0.30041904,20,123,4319,11247
0.835351859,0.597560976,0.300613497,0.4,0.537533831,0.828220859,0.352674856,33,114,8380,15545
0.818837655,0.630769231,0.248484848,0.356521739,0.491798679,0.812121212,0.335340289,24,124,5650,16176
0.802117836,0.6,0.222222222,0.324324324,0.464787989,0.796296296,0.301960145,24,126,9541,17443
0.854592233,0.64,0.338028169,0.442396313,0.572673102,0.845070423,0.409252819,27,94,6055,15151
0.8391564,0.587301587,0.25170068,0.352380952,0.494126764,0.80952381,0.323435041,26,110,7489,17783
0.832875135,0.696428571,0.254901961,0.373205742,0.499880703,0.85620915,0.368608015,17,114,5870,18147
0.79291114,0.647058824,0.268292683,0.379310345,0.510648274,0.798780488,0.353731685,24,120,12151,24779
0.835037093,0.588235294,0.233918129,0.334728033,0.476076415,0.760233918,0.304716557,28,131,15313,28342
0.846608369,0.607142857,0.228187919,0.331707317,0.471667496,0.798657718,0.315074249,22,115,7396,20820
0.818035931,0.744186047,0.183908046,0.294930876,0.426159365,0.827586207,0.32174014,11,142,5450,13140
0.84396324,0.580645161,0.232258065,0.331797235,0.474650399,0.84516129,0.303930685,26,119,3518,12952
0.844902323,0.631578947,0.223602484,0.330275229,0.467016127,0.857142857,0.315792386,21,125,12785,18645
0.820163796,0.591836735,0.169590643,0.263636364,0.407101861,0.795321637,0.257048124,20,142,3943,10781
0.829734971,0.596153846,0.221428571,0.322916667,0.464939126,0.778571429,0.309316091,21,109,13781,23422
0.835926512,0.633333333,0.240506329,0.348623853,0.484130484,0.803797468,0.330710743,22,120,9797,20572
0.831271265,0.661290323,0.257861635,0.371040724,0.50151847,0.849056604,0.353999805,21,118,5926,12211
0.829737212,0.586206897,0.312883436,0.408,0.547825413,0.785276074,0.357323645,36,112,26483,36814
0.836972401,0.666666667,0.175675676,0.278074866,0.415923104,0.851351351,0.294191966,13,122,3706,13298
0.816239535,0.523809524,0.217105263,0.306976744,0.458105197,0.756578947,0.272235298,30,119,5249,14331
0.825193192,0.64516129,0.251572327,0.36199095,0.495345968,0.72327044,0.34509451,22,119,17252,27379
0.845046275,0.641791045,0.275641026,0.385650224,0.517505718,0.794871795,0.358836154,24,113,12461,21919
0.829544127,0.641509434,0.217948718,0.325358852,0.461770817,0.807692308,0.318622546,19,122,3226,10552
0.816409429,0.649122807,0.218934911,0.327433628,0.462419218,0.828402367,0.316801922,20,132,2740,17904
0.833169968,0.734693878,0.21686747,0.334883721,0.462257337,0.819277108,0.349726155,13,130,4027,11703
0.837473824,0.626865672,0.274509804,0.381818182,0.515927543,0.764705882,0.351110263,25,111,13765,25863
0.823190634,0.603174603,0.224852071,0.327586207,0.467101552,0.804733728,0.301317844,25,131,16027,23019
0.836862236,0.58490566,0.2,0.298076923,0.441676691,0.806451613,0.284168244,22,124,5906,10518
0.82033316,0.607843137,0.205298013,0.306930693,0.447913877,0.867549669,0.297629617,20,120,10463,18964
0.82869639,0.573333333,0.277419355,0.373913043,0.516974008,0.767741935,0.331347882,32,112,15737,21660
0.829910893,0.620689655,0.219512195,0.324324324,0.462447093,0.835365854,0.307287828,22,128,6601,11704
0.806361945,0.552238806,0.237179487,0.331838565,0.478722968,0.83974359,0.295957439,30,119,7643,16064
0.84647832,0.649122807,0.25,0.36097561,0.494265865,0.844594595,0.348461085,20,111,4146,10962
0.820656683,0.622641509,0.2,0.302752294,0.441995055,0.812121212,0.293464716,20,132,6300,15566
0.813856485,0.542857143,0.265734266,0.356807512,0.506318927,0.867132867,0.316878078,32,105,13792,23583
0.830835951,0.542372881,0.19047619,0.281938326,0.429562346,0.81547619,0.253188276,27,136,4067,10704
0.806682362,0.578125,0.26618705,0.36453202,0.507929139,0.791366906,0.33297046,27,102,14901,19249
0.820689523,0.589285714,0.215686275,0.315789474,0.45813119,0.823529412,0.295723172,23,120,3445,16097
0.822605704,0.666666667,0.225,0.336448598,0.469470927,0.84375,0.332683771,18,124,4425,15174
0.824150457,0.615384615,0.240963855,0.346320346,0.483768166,0.807228916,0.32096439,25,126,4222,16200
0.833042938,0.66,0.210191083,0.31884058,0.454021125,0.789808917,0.319424681,17,124,6135,13382
0.859411214,0.683544304,0.341772152,0.455696203,0.575971897,0.765822785,0.422680186,25,104,16772,32333
0.832049407,0.661290323,0.234285714,0.345991561,0.478213806,0.84,0.3327339,21,134,4993,14513
0.818368365,0.6,0.220858896,0.322869955,0.463451371,0.834355828,0.301428174,24,127,12146,19521
0.824872579,0.563636364,0.22962963,0.326315789,0.472556397,0.851851852,0.30304422,24,104,4331,11956
0.819879299,0.5,0.253164557,0.336134454,0.491896926,0.696202532,0.281699011,40,118,23734,32313
0.827077157,0.583333333,0.267515924,0.366812227,0.508042707,0.808917197,0.327183771,30,115,6868,20196
0.815904327,0.549295775,0.25,0.343612335,0.490959706,0.782051282,0.303346796,32,117,11968,22758
0.822642627,0.575757576,0.251655629,0.350230415,0.493533123,0.82781457,0.316988417,28,113,8802,20072
0.830680096,0.660714286,0.213872832,0.323144105,0.457338713,0.809248555,0.316380911,19,136,5582,17627
0.830888758,0.708333333,0.211180124,0.325358852,0.455860667,0.819875776,0.336504821,14,127,3183,14573
0.810028646,0.46969697,0.219858156,0.299516908,0.459350748,0.773049645,0.251839719,35,110,14377,21635
0.826429444,0.698113208,0.23566879,0.352380952,0.480951798,0.821656051,0.353208278,16,120,3295,13007
0.833623781,0.673076923,0.208333333,0.318181818,0.451736942,0.827380952,0.31627211,17,133,2952,13098
0.832364211,0.589285714,0.208860759,0.308411215,0.450779964,0.82278481,0.288483168,23,125,8513,17349
0.822819302,0.65625,0.227027027,0.337349398,0.470288953,0.794594595,0.320181289,22,143,4347,15672
0.825,0.627118644,0.23566879,0.342592593,0.479350675,0.853503185,0.325983734,22,120,6358,11538
0.802681864,0.647058824,0.210191083,0.317307692,0.453614382,0.796178344,0.313015562,18,124,6468,16577
0.795588319,0.493506494,0.242038217,0.324786325,0.48114766,0.738853503,0.271593317,39,119,16838,25542
0.849612218,0.589285714,0.227586207,0.328358209,0.470689644,0.855172414,0.308100099,23,112,13999,19994
0.822982091,0.641791045,0.263803681,0.373913043,0.506245332,0.754601227,0.347722804,24,120,15640,29043
0.813370327,0.625,0.243902439,0.350877193,0.486981329,0.780487805,0.327737151,24,124,16541,29927
0.820449012,0.536231884,0.25,0.341013825,0.490793229,0.804054054,0.299501772,32,111,8103,20643
0.819763514,0.655737705,0.25,0.36199095,0.493792251,0.83125,0.345385311,21,120,6365,18632
0.830731558,0.619047619,0.240740741,0.346666667,0.483652023,0.839506173,0.322291613,24,123,6668,19669
0.832257524,0.705882353,0.238410596,0.356435644,0.484040637,0.821192053,0.360360436,15,115,2314,13383
0.807481233,0.58490566,0.197452229,0.295238095,0.438866804,0.885350318,0.281680977,22,126,4512,9977
0.841283663,0.648148148,0.221518987,0.330188679,0.465629777,0.841772152,0.324222231,19,123,13496,19033
0.809899726,0.53030303,0.243055556,0.333333333,0.484364075,0.819444444,0.295052758,31,109,14945,25178
0.859096157,0.649122807,0.262411348,0.373737374,0.506269452,0.773049645,0.359017643,20,104,6012,20438
0.823040006,0.641975309,0.325,0.43153527,0.560313093,0.775,0.391273585,29,108,15492,33550
0.843890485,0.492537313,0.234042553,0.317307692,0.47427621,0.80141844,0.271814187,34,108,15986,24026
0.800555582,0.583333333,0.287671233,0.385321101,0.527117731,0.815068493,0.346742671,30,104,16239,26106
0.830781723,0.569230769,0.238709677,0.336363636,0.480689326,0.806451613,0.303885689,28,118,6334,11919
0.835000947,0.575757576,0.260273973,0.358490566,0.501874524,0.726027397,0.324507921,28,108,16458,27711
0.837739464,0.579710145,0.261437908,0.36036036,0.502715935,0.830065359,0.324369943,29,113,8861,12579
0.818120934,0.64516129,0.238095238,0.347826087,0.481748224,0.797619048,0.330801558,22,128,13357,23144
0.838992649,0.62295082,0.228915663,0.334801762,0.47206242,0.734939759,0.315318189,23,128,14475,28512
0.811085914,0.666666667,0.206521739,0.315352697,0.449240256,0.804347826,0.307536341,19,146,14129,18870
0.845803138,0.754716981,0.229885057,0.352422907,0.47585095,0.787356322,0.36468671,13,134,9898,22186
0.821555855,0.697674419,0.188679245,0.297029703,0.430997923,0.830188679,0.312198332,13,129,1597,11917
0.817656339,0.611940299,0.235632184,0.340248963,0.4780857,0.816091954,0.312667499,26,133,12821,17771
0.824953475,0.592592593,0.230215827,0.331606218,0.473860968,0.791366906,0.315171687,22,107,13940,20054
0.816053056,0.583333333,0.257668712,0.357446809,0.499088456,0.82208589,0.321738844,30,121,15199,21026
0.843974813,0.588235294,0.261437908,0.36199095,0.503053003,0.673202614,0.328498611,28,113,17570,33664
0.845516414,0.628571429,0.268292683,0.376068376,0.509929154,0.817073171,0.344812135,26,120,16327,22951
0.82529799,0.605263158,0.298701299,0.4,0.53709571,0.772727273,0.360730412,30,108,14113,24552
0.844106564,0.647058824,0.291390728,0.401826484,0.532368786,0.841059603,0.376047554,24,107,4164,13042
0.820980114,0.625,0.28125,0.387931034,0.522130959,0.85625,0.356142106,27,115,5507,16245
0.820244108,0.538461538,0.21875,0.311111111,0.459765897,0.85,0.276034344,30,125,11304,18939
0.830032588,0.557142857,0.248407643,0.343612335,0.489339774,0.789808917,0.303074972,31,118,5191,14998
0.829626669,0.693877551,0.2125,0.325358852,0.457115296,0.81875,0.33383096,15,126,1930,7929
0.842275033,0.740740741,0.253164557,0.377358491,0.499140772,0.765822785,0.383840488,14,118,12531,21185
0.838856133,0.666666667,0.209150327,0.31840796,0.453045348,0.823529412,0.321037555,16,121,2030,7811
0.813079121,0.629032258,0.228070175,0.334763948,0.471255803,0.830409357,0.316073762,23,132,3940,11765
0.842856147,0.617021277,0.170588235,0.267281106,0.408595274,0.829411765,0.265204267,18,141,6406,12709
0.815950964,0.597014925,0.238095238,0.340425532,0.480043932,0.785714286,0.308126384,27,128,5582,14551
0.857899357,0.609375,0.245283019,0.349775785,0.488067892,0.798742138,0.323879959,25,120,5396,16476
0.822920323,0.661538462,0.279220779,0.392694064,0.521826741,0.837662338,0.37338642,22,111,3366,17274
0.834192513,0.708333333,0.208588957,0.322274882,0.453000048,0.840490798,0.333050806,14,129,1306,11935
0.827947547,0.590909091,0.25,0.351351351,0.492234213,0.782051282,0.320886129,27,117,17895,22870
0.843159155,0.618181818,0.215189873,0.319248826,0.458233196,0.841772152,0.306007757,21,124,3749,8209
0.818090508,0.636363636,0.278145695,0.387096774,0.520315747,0.854304636,0.363597945,24,109,5013,14509
0.853837072,0.772727273,0.2125,0.333333333,0.458247908,0.8125,0.358918456,10,126,1101,8399
0.828853565,0.567164179,0.263888889,0.360189573,0.505016581,0.833333333,0.323622674,29,106,9445,16891
0.827206023,0.580246914,0.315436242,0.408695652,0.550667838,0.838926174,0.36163212,34,102,7753,13749
0.821083722,0.597014925,0.25,0.352422907,0.492060654,0.85,0.32069501,27,120,10973,19760
0.846785257,0.666666667,0.220779221,0.331707317,0.465160189,0.87012987,0.329620101,17,120,3467,9311
0.822266157,0.557142857,0.245283019,0.340611354,0.486438778,0.830188679,0.301545041,31,120,6200,16449
0.81449508,0.648648649,0.279069767,0.390243902,0.520505828,0.784883721,0.361606587,26,124,6718,18870
0.835101983,0.611940299,0.25,0.354978355,0.492338969,0.792682927,0.325583912,26,123,17397,24842
0.833131993,0.678571429,0.223529412,0.336283186,0.467797511,0.8,0.331506339,18,132,6696,15902
0.831458875,0.580645161,0.244897959,0.344497608,0.487429556,0.857142857,0.316065266,26,111,4645,9516
0.830881574,0.672727273,0.246666667,0.36097561,0.491555632,0.853333333,0.354966832,18,113,11609,17762
0.816463708,0.618421053,0.276470588,0.382113821,0.516810626,0.847058824,0.34432876,29,123,4767,16321
0.814539115,0.666666667,0.203389831,0.311688312,0.446393396,0.836158192,0.310710117,18,141,2937,12720
0.820291395,0.612903226,0.212290503,0.315352697,0.454214144,0.810055866,0.293354704,24,141,14324,22366
0.827578244,0.651162791,0.16969697,0.269230769,0.408304849,0.818181818,0.278704101,15,137,1673,6281
0.799405701,0.610169492,0.230769231,0.334883721,0.474050655,0.775641026,0.315667783,23,120,13432,23703
0.830596278,0.655172414,0.222222222,0.331877729,0.46599212,0.789473684,0.322213618,20,133,13660,20016
0.863662457,0.717391304,0.20625,0.32038835,0.450745651,0.775,0.335538928,13,127,11433,15936
0.805575468,0.617647059,0.270967742,0.376681614,0.512894448,0.774193548,0.348428641,26,113,7987,16317
0.823903996,0.846153846,0.194117647,0.315789474,0.439026392,0.823529412,0.363444652,6,137,370,12766
0.848493022,0.672131148,0.235632184,0.34893617,0.479542629,0.83908046,0.335249102,20,133,4262,19900
0.819760683,0.628571429,0.295302013,0.401826484,0.535197284,0.838926174,0.370501435,26,105,13496,21202
0.825291861,0.660714286,0.226993865,0.337899543,0.471302505,0.791411043,0.331251423,19,126,15164,23719
0.820484848,0.540983607,0.22,0.312796209,0.46151923,0.766666667,0.281214571,28,117,16711,23775
0.824266856,0.593220339,0.238095238,0.339805825,0.481333459,0.870748299,0.317972966,24,112,7380,11908
0.816581913,0.567164179,0.242038217,0.339285714,0.48363709,0.808917197,0.303627424,29,119,5756,18035
0.847046851,0.614035088,0.24137931,0.346534653,0.485130577,0.786206897,0.329113216,22,110,15002,20777
0.82499082,0.62295082,0.214689266,0.319327731,0.457229564,0.802259887,0.301699181,23,139,11515,20964
0.799587427,0.528571429,0.226993865,0.317596567,0.467186613,0.809815951,0.27326499,33,126,8839,16934
0.82139479,0.541666667,0.253246753,0.345132743,0.493543632,0.772727273,0.300649474,33,115,16077,23568
0.804856129,0.628571429,0.280254777,0.387665198,0.521270017,0.866242038,0.356405521,26,113,6088,14950
0.822401042,0.597222222,0.263803681,0.365957447,0.505045002,0.883435583,0.330378242,29,120,3954,9920
0.829345452,0.717391304,0.198795181,0.311320755,0.442461935,0.837349398,0.32659241,13,133,5249,13450
0.820455132,0.673913043,0.18902439,0.295238095,0.430920625,0.841463415,0.303285622,15,133,2428,8569
0.829772321,0.596491228,0.248175182,0.350515464,0.491807818,0.832116788,0.331086891,23,103,15964,22724
0.834835324,0.621212121,0.259493671,0.366071429,0.501893666,0.765822785,0.338440527,25,117,7414,21718
0.847798143,0.724637681,0.318471338,0.442477876,0.558221142,0.808917197,0.427097362,19,107,14330,29644
0.848037383,0.611111111,0.188571429,0.288209607,0.428888401,0.805714286,0.276412776,21,142,4930,10336
0.811702857,0.516666667,0.206666667,0.295238095,0.447009108,0.793333333,0.26125791,29,119,15783,22873
0.827751586,0.62745098,0.207792208,0.312195122,0.45087171,0.798701299,0.30590648,19,122,14865,21669
0.841032533,0.680851064,0.19047619,0.297674419,0.43259947,0.839285714,0.306129865,15,136,11888,15989
0.79098435,0.53030303,0.230263158,0.321100917,0.471240701,0.789473684,0.281842294,31,117,14837,24223
0.827632303,0.632352941,0.27388535,0.382222222,0.515946292,0.821656051,0.356164595,25,114,3991,16074
0.820851669,0.7,0.159090909,0.259259259,0.39602647,0.744318182,0.282182044,12,148,3621,14092
0.830495844,0.65,0.258278146,0.369668246,0.501982058,0.841059603,0.352923295,21,112,3082,17105
0.828659419,0.633333333,0.242038217,0.350230415,0.48555774,0.853503185,0.33119841,22,119,7181,13679
0.828373877,0.578125,0.241830065,0.341013825,0.484168051,0.816993464,0.311183758,27,116,19209,28888
0.834087415,0.645833333,0.197452229,0.302439024,0.439993145,0.796178344,0.303321174,17,126,10392,15484
0.831292449,0.637931034,0.234177215,0.342592593,0.478168872,0.803797468,0.329483133,21,121,9002,16363
0.812495416,0.616666667,0.234177215,0.339449541,0.477426547,0.810126582,0.319131104,23,121,5815,18196
0.814108944,0.559322034,0.20754717,0.302752294,0.448877265,0.823899371,0.27764369,26,126,4620,11081
0.813888889,0.701754386,0.25,0.368663594,0.495004283,0.8125,0.36422646,17,120,4020,14333
0.845519002,0.74,0.225609756,0.345794393,0.471380288,0.780487805,0.358216273,13,127,11426,22828
0.804303066,0.555555556,0.222929936,0.318181818,0.464404729,0.78343949,0.285336414,28,122,6562,18722
0.821423468,0.672727273,0.228395062,0.341013825,0.47290256,0.833333333,0.336024309,18,125,3704,10859
0.812889508,0.576923077,0.283018868,0.379746835,0.521924957,0.855345912,0.335440716,33,114,16379,24111
0.860905953,0.65,0.157575758,0.253658537,0.393747556,0.872727273,0.268644871,14,139,3268,9435
0.822687919,0.701754386,0.245398773,0.363636364,0.490433685,0.834355828,0.359771945,17,123,3829,15003
0.825463321,0.610169492,0.222222222,0.325791855,0.465072961,0.790123457,0.306236733,23,126,9216,14192
0.840472993,0.674418605,0.19205298,0.298969072,0.434648419,0.82781457,0.310363024,14,122,10211,16763
0.824040133,0.647058824,0.1875,0.290748899,0.428331346,0.806818182,0.287634159,18,143,2899,8564
0.816238946,0.70212766,0.218543046,0.333333333,0.463578465,0.80794702,0.3413892,14,118,2265,11850
0.840088102,0.62745098,0.21192053,0.316831683,0.455424618,0.841059603,0.311083862,19,119,1967,9327
0.84477058,0.62,0.218309859,0.322916667,0.462100299,0.85915493,0.31481091,19,111,4116,13880
0.827175402,0.653846154,0.228187919,0.338308458,0.472705462,0.825503356,0.332986861,18,115,1976,7482
0.828243397,0.673076923,0.209580838,0.319634703,0.453247326,0.826347305,0.319409532,17,132,2064,12191
0.773802626,0.488372093,0.269230769,0.347107438,0.50547409,0.737179487,0.282698569,44,114,17345,29645
0.831398474,0.660377358,0.238095238,0.35,0.482968,0.850340136,0.344858532,18,112,4338,10687
0.852972253,0.616666667,0.222891566,0.327433628,0.465889173,0.789156627,0.309045852,23,129,7769,21899
0.809758332,0.607142857,0.198830409,0.299559471,0.439954777,0.725146199,0.28221099,22,137,16714,26961
0.836163059,0.672131148,0.229050279,0.341666667,0.47305253,0.787709497,0.331172743,20,138,12203,20676
0.832416431,0.698113208,0.221556886,0.336363636,0.466428836,0.820359281,0.340014724,16,130,4853,15483
0.833968875,0.666666667,0.26993865,0.384279476,0.512960302,0.840490798,0.364811609,22,119,4621,11521
0.832985442,0.692307692,0.260115607,0.378151261,0.504077784,0.809248555,0.364484298,20,128,15222,28116
0.830121014,0.64,0.201257862,0.306220096,0.444021632,0.830188679,0.304306594,18,127,11855,17644
0.846927079,0.636363636,0.234899329,0.343137255,0.479187533,0.832214765,0.332521565,20,114,3987,19504
0.831068759,0.566666667,0.223684211,0.320754717,0.465856595,0.723684211,0.293542905,26,118,14966,27564
0.823262696,0.563380282,0.277777778,0.372093023,0.517604059,0.819444444,0.331443688,31,104,7242,20339
0.840545903,0.645833333,0.208053691,0.314720812,0.451629822,0.832214765,0.314161248,17,118,1584,7682
0.830196288,0.660377358,0.207100592,0.315315315,0.450244473,0.852071006,0.311494814,18,134,4781,8991
0.806928635,0.605633803,0.252941176,0.356846473,0.494706489,0.823529412,0.323157538,28,127,6962,14788
0.807219684,0.587301587,0.221556886,0.32173913,0.463391491,0.820359281,0.293036887,26,130,12745,27190
0.823252197,0.692307692,0.206896552,0.318584071,0.450557464,0.787356322,0.321718316,16,138,12844,22255
0.829813133,0.74137931,0.227513228,0.348178138,0.472829685,0.841269841,0.353566031,15,146,1373,12498
0.81515195,0.491803279,0.197368421,0.281690141,0.436293345,0.828947368,0.243068513,31,122,5667,13864
0.8231287,0.685185185,0.209039548,0.32034632,0.452535903,0.836158192,0.318981959,17,140,12913,15663
0.828444803,0.727272727,0.188235294,0.299065421,0.430879018,0.8,0.320776826,12,138,10477,19448
0.797254342,0.571428571,0.217687075,0.315270936,0.460206866,0.843537415,0.294072856,24,115,12386,17315
0.8395661,0.612903226,0.255033557,0.360189573,0.497911982,0.812080537,0.335536282,24,111,4684,16252
0.814322924,0.547169811,0.180124224,0.271028037,0.418501888,0.763975155,0.25061499,24,132,11878,24803
0.821187906,0.596774194,0.224242424,0.325991189,0.466736341,0.763636364,0.301999118,25,128,12150,20298
0.802542101,0.560606061,0.228395062,0.324561404,0.469644458,0.783950617,0.288208531,29,125,7383,21805
0.83378617,0.646153846,0.247058824,0.357446809,0.490405154,0.817647059,0.336763933,23,128,3111,14950
0.820877123,0.677419355,0.269230769,0.385321101,0.512882698,0.788461538,0.371125689,20,114,4746,13562
0.792348432,0.607142857,0.219354839,0.322274882,0.462400587,0.832258065,0.30599391,22,121,11767,20572
0.810018694,0.528301887,0.189189189,0.278606965,0.428537479,0.831081081,0.253431014,25,120,8822,13562
0.82592494,0.65,0.230769231,0.340611354,0.474530994,0.816568047,0.326717873,21,130,6051,15043
0.818845596,0.603773585,0.201257862,0.301886792,0.443008112,0.779874214,0.288012648,21,127,15512,26008
0.828634186,0.576271186,0.222222222,0.320754717,0.464453321,0.810457516,0.294907113,25,119,8420,19101
0.81743844,0.542372881,0.217687075,0.310679612,0.459364366,0.843537415,0.281509732,27,115,7956,16095
0.827415849,0.648148148,0.22875817,0.338164251,0.47317119,0.823529412,0.331358613,19,118,2582,13776
0.832652689,0.482758621,0.202898551,0.285714286,0.442635394,0.804347826,0.248813816,30,110,8728,18718
0.831113518,0.548387097,0.223684211,0.317757009,0.465529167,0.756578947,0.287425448,28,118,14726,25323
0.842704814,0.761904762,0.196319018,0.312195122,0.440492431,0.834355828,0.340617427,10,131,1408,10131
0.828583113,0.642857143,0.1875,0.290322581,0.429319037,0.840277778,0.298933751,15,117,2398,5631
0.82693774,0.527272727,0.194630872,0.284313725,0.434670716,0.731543624,0.258869443,26,120,14459,22167
0.804743145,0.569230769,0.237179487,0.334841629,0.479054397,0.788461538,0.30173907,28,119,15294,22255
0.809552671,0.578125,0.248322148,0.34741784,0.490854478,0.785234899,0.318929516,27,112,9139,19560
0.832838898,0.591549296,0.272727273,0.373333333,0.513788165,0.811688312,0.339186382,29,112,7947,16393
0.837895867,0.678571429,0.234567901,0.348623853,0.47930886,0.796296296,0.343688513,18,124,6968,19285
0.812560628,0.547169811,0.180124224,0.271028037,0.418432532,0.838509317,0.249924198,24,132,5640,11019
0.800776009,0.532258065,0.198795181,0.289473684,0.438379154,0.813253012,0.255954798,29,133,7124,17737
0.810560587,0.653846154,0.213836478,0.322274882,0.457654442,0.823899371,0.319122825,18,125,4472,13054
0.831754854,0.571428571,0.15483871,0.243654822,0.389350904,0.8,0.241787416,18,131,11116,16553
0.836534812,0.679245283,0.232258065,0.346153846,0.477275144,0.819354839,0.344945785,17,119,11242,17804
0.831722904,0.631578947,0.220858896,0.327272727,0.464044635,0.840490798,0.312099987,21,127,5713,11025
0.822479519,0.621212121,0.238372093,0.344537815,0.481248541,0.819767442,0.320212225,25,131,6448,17471
0.820058166,0.593220339,0.224358974,0.325581395,0.466954401,0.833333333,0.302342278,24,121,8472,14376
0.82859948,0.659574468,0.203947368,0.311557789,0.447339771,0.802631579,0.31413978,16,121,9622,14568
0.839867304,0.75,0.269461078,0.396475771,0.514554792,0.808383234,0.396565632,15,122,12924,23837
0.802381442,0.592592593,0.207792208,0.307692308,0.450134323,0.844155844,0.292764507,22,122,5228,12792
0.821587532,0.532258065,0.212903226,0.304147465,0.453834694,0.806451613,0.271287406,29,122,7303,12824
0.831413401,0.632352941,0.270440252,0.378854626,0.512538472,0.773584906,0.351864178,25,116,12626,23523
0.833227991,0.659574468,0.206666667,0.314720812,0.45048256,0.82,0.318915384,16,119,1655,9327
0.814589222,0.546666667,0.267973856,0.359649123,0.507493097,0.823529412,0.313490811,34,112,14142,20799
0.83130711,0.589285714,0.226027397,0.326732673,0.469104275,0.767123288,0.306856944,23,113,12497,15711
0.825255417,0.660377358,0.221518987,0.331753555,0.465769361,0.841772152,0.327607086,18,123,6250,15814
0.800780697,0.491803279,0.198675497,0.283018868,0.437889889,0.82781457,0.245589538,31,121,7749,12838
0.836764635,0.692307692,0.210526316,0.322869955,0.454507871,0.859649123,0.325773793,16,135,4045,9111
0.816260534,0.65625,0.2625,0.375,0.505975529,0.8625,0.357193473,22,118,2935,16532
0.832058166,0.518518519,0.187919463,0.275862069,0.427189277,0.832214765,0.251238734,26,121,6453,13994
0.833444219,0.65,0.268965517,0.380487805,0.512172321,0.786206897,0.362045986,21,106,13357,24503
0.809709471,0.482142857,0.176470588,0.258373206,0.412982122,0.830065359,0.224047397,29,126,7104,13473
0.829281306,0.616666667,0.243421053,0.349056604,0.486711584,0.782894737,0.327588262,23,115,8764,18948
0.822999954,0.666666667,0.281879195,0.396226415,0.524535232,0.859060403,0.378604688,21,107,4652,12397
0.831974433,0.634920635,0.223463687,0.330578512,0.466557367,0.810055866,0.313185041,23,139,5063,17806
0.83253347,0.615384615,0.273972603,0.379146919,0.515952458,0.815068493,0.352304872,25,106,12046,18666
0.82594505,0.603174603,0.242038217,0.345454545,0.484641437,0.828025478,0.31815356,25,119,5835,9259
0.817758682,0.561403509,0.217687075,0.31372549,0.459697679,0.802721088,0.287858019,25,115,7692,12218
0.836252464,0.696428571,0.225433526,0.340611354,0.470109605,0.803468208,0.33945737,17,134,14678,22965
0.831543349,0.737704918,0.264705882,0.38961039,0.509692889,0.776470588,0.387103563,16,125,10794,24108
0.805552867,0.695652174,0.184971098,0.292237443,0.42646629,0.809248555,0.303965196,14,141,4556,11746
0.819341388,0.490196078,0.171232877,0.253807107,0.407529184,0.821917808,0.226667834,26,121,7588,16915
0.845166533,0.614285714,0.25443787,0.359832636,0.496628749,0.840236686,0.329694444,27,126,6538,12781
0.835467671,0.677966102,0.24691358,0.36199095,0.491541057,0.845679012,0.353561205,19,122,3866,11748
0.79930619,0.52,0.246835443,0.334763948,0.486473701,0.727848101,0.285164638,36,119,17666,31169
0.84095314,0.659090909,0.185897436,0.29,0.427521764,0.871794872,0.300139106,15,127,3742,10094
0.851074364,0.633333333,0.231707317,0.339285714,0.47543355,0.804878049,0.32436965,22,126,8080,19181
0.790600755,0.645833333,0.192546584,0.296650718,0.434396337,0.875776398,0.296950525,17,130,1651,7860
0.822151594,0.535211268,0.255033557,0.345454545,0.495120075,0.832214765,0.299839154,33,111,9727,14727
0.829847218,0.761904762,0.292682927,0.422907489,0.536423404,0.853658537,0.421744805,15,116,3884,17934
0.811209882,0.683333333,0.24260355,0.358078603,0.4871274,0.786982249,0.349148743,19,128,11559,25257
0.818769271,0.530864198,0.294520548,0.378854626,0.531025196,0.773972603,0.326603755,38,103,16567,27461
0.813997696,0.603773585,0.2,0.300469484,0.441770631,0.85625,0.288213567,21,128,12075,21185
0.829812369,0.545454545,0.21686747,0.310344828,0.457609477,0.753012048,0.274084138,30,130,4574,13869
0.843945729,0.571428571,0.225352113,0.323232323,0.468239006,0.809859155,0.301424062,24,110,12553,20100
0.814801498,0.548387097,0.226666667,0.320754717,0.468546242,0.82,0.289646648,28,116,7108,14355
0.825112199,0.5875,0.273255814,0.373015873,0.512551557,0.75,0.326937781,33,125,16245,29091
0.820930145,0.642857143,0.235294118,0.344497608,0.479430695,0.869281046,0.3325537,20,117,4900,11657
0.836938317,0.583333333,0.244755245,0.344827586,0.487657527,0.797202797,0.319341776,25,108,4489,16486
0.827008049,0.641509434,0.228187919,0.336633663,0.47227629,0.825503356,0.326710857,19,115,5178,12004
0.831662031,0.533333333,0.206451613,0.297674419,0.447189363,0.864516129,0.267556353,28,123,7589,18233
0.818188282,0.5,0.25,0.333333333,0.489072862,0.796052632,0.280539032,38,114,25236,30875
0.822873953,0.647887324,0.323943662,0.431924883,0.56091374,0.788732394,0.401365903,25,96,12463,27165
0.820696617,0.595744681,0.176100629,0.27184466,0.415014445,0.805031447,0.266816544,19,131,6546,14785
0.835260374,0.559322034,0.212903226,0.308411215,0.454435047,0.851612903,0.281240446,26,122,6833,13895
0.833597664,0.611940299,0.254658385,0.359649123,0.497202734,0.763975155,0.332297267,26,120,15801,26838
0.834793743,0.66,0.191860465,0.297297297,0.433563807,0.837209302,0.297444007,17,139,2983,15080
0.807942236,0.564102564,0.287581699,0.380952381,0.525609006,0.836601307,0.333485142,34,109,6332,12675
0.812858816,0.518072289,0.27388535,0.358333333,0.511471892,0.796178344,0.302705521,40,114,16307,26513
0.810873515,0.538461538,0.220125786,0.3125,0.461289779,0.823899371,0.277990063,30,124,6613,12329
0.848217115,0.645833333,0.190184049,0.293838863,0.431728267,0.773006135,0.29445463,17,132,13739,25616
0.809922342,0.619047619,0.245283019,0.351351351,0.488506687,0.773584906,0.329256354,24,120,14066,25052
0.843653702,0.6,0.210191083,0.311320755,0.452796173,0.808917197,0.297121426,22,124,7723,13723
0.811943756,0.654545455,0.219512195,0.328767123,0.463353113,0.835365854,0.321531217,19,128,2361,10509
0.829638988,0.631578947,0.215568862,0.321428571,0.458623373,0.77245509,0.308405427,21,131,13257,21191
0.830478409,0.666666667,0.230769231,0.342857143,0.475221971,0.858974359,0.336120219,18,120,4994,15541
0.820910563,0.607142857,0.192090395,0.291845494,0.432605731,0.807909605,0.276820416,22,143,13974,18004
0.800691244,0.537313433,0.230769231,0.322869955,0.471728177,0.788461538,0.283456067,31,120,17064,21575
0.833658009,0.7,0.208333333,0.321100917,0.45252867,0.886904762,0.329255589,15,133,3453,9402
0.825179829,0.678571429,0.24516129,0.360189573,0.489988763,0.793548387,0.35385965,18,117,5263,10397
0.82405817,0.655172414,0.231707317,0.342342342,0.475676548,0.798780488,0.330213493,20,126,11457,22541
0.841597361,0.671875,0.267080745,0.382222222,0.510630234,0.832298137,0.366415334,21,118,10893,24851
0.817811596,0.6875,0.191860465,0.3,0.434217577,0.843023256,0.309129553,15,139,6334,11232
0.848108557,0.636363636,0.264150943,0.373333333,0.506891143,0.79245283,0.349587692,24,117,14498,30146
0.834389324,0.625,0.234899329,0.341463415,0.478696192,0.812080537,0.326022351,21,114,14543,21993
0.801704901,0.593220339,0.213414634,0.313901345,0.455461298,0.804878049,0.291834036,24,129,6675,13216
0.8245597,0.603174603,0.243589744,0.347031963,0.486574778,0.814102564,0.322733346,25,118,13885,21047
0.820279985,0.485714286,0.236111111,0.317757009,0.475881271,0.819444444,0.268971398,36,110,8130,14379
0.834542179,0.704918033,0.25443787,0.373913043,0.49921504,0.798816568,0.367379681,18,126,5905,18896
0.851076519,0.621212121,0.264516129,0.371040724,0.506780728,0.722580645,0.343480419,25,114,13571,24324
0.834812225,0.645833333,0.17816092,0.279279279,0.417863893,0.827586207,0.281209158,17,143,3131,6505
0.827437898,0.596774194,0.222891566,0.324561404,0.465312744,0.825301205,0.300530968,25,129,3804,13484
0.832006132,0.5125,0.269736842,0.353448276,0.507776218,0.815789474,0.299054287,39,111,17879,27859
0.828526601,0.571428571,0.219512195,0.317180617,0.461064237,0.847560976,0.286753931,27,128,9334,16836
0.829512431,0.672131148,0.251533742,0.366071429,0.495759843,0.785276074,0.353697302,20,122,15321,25614
0.83104119,0.473684211,0.24,0.318584071,0.478556181,0.826666667,0.262007857,40,114,8915,17212
0.838346882,0.590163934,0.258992806,0.36,0.501607303,0.827338129,0.333415781,25,103,12079,18682
0.825199101,0.672131148,0.246987952,0.36123348,0.490925263,0.813253012,0.34615493,20,125,6213,19786
0.851760478,0.676470588,0.278787879,0.394849785,0.521338988,0.76969697,0.375000927,22,119,13982,23631
0.815099719,0.588235294,0.25477707,0.355555556,0.496556052,0.828025478,0.322078739,28,117,5084,14513
0.833992849,0.709090909,0.210810811,0.325,0.455004891,0.8,0.330471693,16,146,1958,6746
0.802766441,0.52173913,0.226415094,0.315789474,0.466854769,0.805031447,0.273374123,33,123,14154,22329
0.807957816,0.586956522,0.176470588,0.271356784,0.415482216,0.875816993,0.266239411,19,126,5540,12660
0.817854021,0.488372093,0.269230769,0.347107438,0.505736325,0.737179487,0.284180396,44,114,21931,31862
0.831909813,0.645833333,0.194968553,0.299516908,0.437251908,0.817610063,0.301082089,17,128,3416,11063
0.804064345,0.536585366,0.263473054,0.353413655,0.501841352,0.77245509,0.29862203,38,123,17156,24078
0.809076208,0.654545455,0.211764706,0.32,0.455143771,0.811764706,0.313998018,19,134,13447,27668
0.827416795,0.725490196,0.226993865,0.345794393,0.472571919,0.877300613,0.354670987,14,126,3071,7836
0.81828901,0.632352941,0.255952381,0.36440678,0.498313727,0.81547619,0.335937655,25,125,5494,15783
0.792762809,0.584615385,0.236024845,0.336283186,0.478304228,0.788819876,0.306799409,27,123,14464,25187
0.790641003,0.648148148,0.207100592,0.313901345,0.450039698,0.810650888,0.307512399,19,134,5782,15877
0.83112452,0.544117647,0.23566879,0.328888889,0.47657536,0.796178344,0.288365026,31,120,21132,26162
0.838492523,0.637681159,0.261904762,0.371308017,0.504299234,0.75,0.344258491,25,124,12505,20993
0.835314366,0.714285714,0.243902439,0.363636364,0.489075693,0.786585366,0.361534002,16,124,13343,27088
0.812754664,0.648148148,0.203488372,0.309734513,0.445959833,0.784883721,0.302198659,19,137,5046,15681
0.819869942,0.593220339,0.21875,0.319634703,0.461173108,0.85,0.297643704,24,125,6380,12334
0.841012722,0.590909091,0.245283019,0.346666667,0.48760362,0.779874214,0.316769718,27,120,8063,17172
0.831022743,0.716981132,0.219653179,0.336283186,0.464618557,0.803468208,0.342874876,15,135,12187,19287
0.825543886,0.642857143,0.157894737,0.253521127,0.393927224,0.83625731,0.264963957,15,144,3924,12881
0.831818584,0.696428571,0.228070175,0.343612335,0.472817685,0.888888889,0.341796911,17,132,1816,8378
0.811301793,0.708333333,0.202380952,0.314814815,0.446134299,0.726190476,0.325409174,14,134,5756,13440
0.831104753,0.571428571,0.198757764,0.294930876,0.439770399,0.782608696,0.275488826,24,129,16206,21739
0.814884783,0.619047619,0.253246753,0.359447005,0.496511217,0.824675325,0.337839639,24,115,12565,17506
0.808219685,0.545454545,0.272727273,0.363636364,0.511718142,0.824675325,0.315764152,35,112,6615,18285
0.826614999,0.568627451,0.184713376,0.278846154,0.424237122,0.789808917,0.263308308,22,128,15790,19235
0.835027944,0.571428571,0.219178082,0.316831683,0.461894244,0.794520548,0.29649659,24,114,15929,23837
0.848441734,0.68,0.207317073,0.317757009,0.4512554,0.804878049,0.323398842,16,130,5387,12754
0.822975147,0.541666667,0.291044776,0.378640777,0.52917905,0.828358209,0.333761259,33,95,5940,15959
0.838105292,0.641975309,0.311377246,0.419354839,0.54857817,0.80239521,0.380492281,29,115,5800,20528
0.829648373,0.68852459,0.234636872,0.35,0.478948898,0.865921788,0.340761485,19,137,1268,11080
0.821227791,0.516666667,0.209459459,0.298076923,0.450225169,0.783783784,0.265609521,29,117,6734,12315
0.823170228,0.606557377,0.238709677,0.342592593,0.481705571,0.806451613,0.318977682,24,118,8515,20037
0.808155315,0.486111111,0.253623188,0.333333333,0.492721591,0.760869565,0.281369666,37,103,18181,31864
0.818605881,0.662162162,0.300613497,0.41350211,0.540347275,0.809815951,0.384328079,25,114,14974,24462
0.827325627,0.666666667,0.214689266,0.324786325,0.458246491,0.86440678,0.318447116,19,139,3089,11726
0.802730453,0.525423729,0.203947368,0.293838863,0.444235978,0.789473684,0.26168645,28,121,14956,20379
0.83363034,0.795454545,0.197740113,0.316742081,0.442335924,0.813559322,0.34935375,9,142,5354,12037
0.79966992,0.612903226,0.2375,0.342342342,0.480578607,0.85,0.31975536,24,122,6884,11323
0.81328581,0.603448276,0.231788079,0.33492823,0.475088685,0.821192053,0.315378364,23,116,6300,10140
0.838111621,0.677419355,0.24137931,0.355932203,0.485636786,0.850574713,0.344491618,20,132,4384,10786
0.848153504,0.68627451,0.225806452,0.339805825,0.470801114,0.780645161,0.341745201,16,120,11231,22326
0.831935594,0.703703704,0.240506329,0.358490566,0.485966151,0.829113924,0.359963716,16,120,1667,7953
0.803694927,0.564102564,0.285714286,0.379310345,0.524408178,0.766233766,0.335035502,34,110,12353,24456
0.815011517,0.560606061,0.248322148,0.344186047,0.490011031,0.771812081,0.309127996,29,112,16883,27442
0.839437178,0.709090909,0.224137931,0.340611354,0.469058476,0.804597701,0.343232606,16,135,8299,17027
0.829350618,0.47761194,0.210526316,0.292237443,0.449624971,0.789473684,0.245679223,35,120,4766,12416
0.827711175,0.678571429,0.231707317,0.345454545,0.47643953,0.823170732,0.341479664,18,126,4126,8768
0.837860203,0.647887324,0.296774194,0.407079646,0.536984803,0.825806452,0.378912728,25,109,12299,26259
0.832947977,0.671875,0.259036145,0.373913043,0.502739899,0.819277108,0.357586033,21,123,7188,16266
0.821014528,0.583333333,0.24852071,0.348547718,0.48973594,0.781065089,0.310197738,30,127,19040,26618
0.82482355,0.453125,0.185897436,0.263636364,0.422303954,0.865384615,0.215543384,35,127,7885,15747
0.818289262,0.569230769,0.228395062,0.325991189,0.470126559,0.827160494,0.293595227,28,125,13836,21703
0.803017878,0.640625,0.244047619,0.353448276,0.487445579,0.845238095,0.333282503,23,127,3891,12239
0.825096658,0.538461538,0.276315789,0.365217391,0.514324613,0.809210526,0.312760588,36,110,13570,25202
0.824811976,0.612903226,0.242038217,0.347031963,0.485257116,0.796178344,0.325003881,24,119,12186,18286
0.812485799,0.625,0.245398773,0.352422907,0.488448708,0.81595092,0.328963971,24,123,5640,14314
0.812576654,0.671875,0.255952381,0.370689655,0.49993334,0.845238095,0.356407197,21,125,4710,13735
0.842971408,0.652173913,0.201342282,0.307692308,0.444595094,0.838926174,0.311680592,16,119,1882,4593
0.839291384,0.680851064,0.195121951,0.303317536,0.437787903,0.817073171,0.310523974,15,132,11983,15902
0.834206025,0.666666667,0.236842105,0.349514563,0.481644097,0.782894737,0.344202673,18,116,11755,19126
0.825588126,0.626865672,0.272727273,0.380090498,0.514718433,0.792207792,0.353025904,25,112,5921,15943
0.827496401,0.59375,0.211111111,0.31147541,0.452378148,0.833333333,0.283910865,26,142,6010,13420
0.823414761,0.6,0.192307692,0.291262136,0.433562496,0.801282051,0.283459059,20,126,12065,20055
0.837111013,0.682926829,0.157303371,0.255707763,0.393633643,0.797752809,0.275600757,13,150,10000,19119
0.81511027,0.573529412,0.234939759,0.333333333,0.476643072,0.771084337,0.299285519,29,127,18713,29872
0.825171604,0.493975904,0.278911565,0.356521739,0.515451281,0.775510204,0.297536156,42,106,20424,30254
0.84216438,0.640625,0.244047619,0.353448276,0.48755014,0.851190476,0.334204272,23,127,3697,16629
0.808608151,0.593220339,0.225806452,0.327102804,0.468783601,0.832258065,0.306574722,24,120,3695,9029
0.837567983,0.723404255,0.203592814,0.317757009,0.447836578,0.784431138,0.333463321,13,133,4150,13575
0.834496434,0.677966102,0.24691358,0.36199095,0.491516574,0.802469136,0.353324726,19,122,2113,14170
0.818441044,0.613333333,0.296774194,0.4,0.535707951,0.787096774,0.363049436,29,109,14776,31974
0.831306117,0.65,0.240740741,0.351351351,0.484763645,0.827160494,0.337350362,21,123,10016,18899
0.828647152,0.5125,0.246987952,0.333333333,0.485659282,0.789156627,0.277460074,39,125,12063,21184
0.836193772,0.608695652,0.28,0.383561644,0.520845732,0.84,0.350895905,27,108,5408,14801
0.823062077,0.602564103,0.291925466,0.393305439,0.530754018,0.801242236,0.35290596,31,114,4291,23113
0.822971632,0.661538462,0.27388535,0.387387387,0.516802269,0.802547771,0.368413246,22,114,10996,20725
0.824809828,0.661290323,0.266233766,0.37962963,0.509705836,0.850649351,0.362785731,21,113,16607,26613
0.846590006,0.55,0.285714286,0.376068376,0.5237108,0.818181818,0.327635197,36,110,8572,20315
0.823415417,0.611940299,0.235632184,0.340248963,0.478403713,0.752873563,0.315376796,26,133,17152,24868
0.816836483,0.548387097,0.22972973,0.323809524,0.471596752,0.837837838,0.29171302,28,114,6079,15389
0.830811884,0.650793651,0.264516129,0.376146789,0.507698037,0.819354839,0.356273883,22,114,13839,23629
0.801364931,0.578947368,0.232394366,0.331658291,0.475528708,0.915492958,0.309784179,24,109,8084,14722
0.807978519,0.542857143,0.23030303,0.323404255,0.470980219,0.793939394,0.282031989,32,127,13717,23777
0.832711167,0.571428571,0.184971098,0.279475983,0.423945617,0.849710983,0.258061518,24,141,4860,9775
0.810566475,0.626865672,0.264150943,0.371681416,0.506457136,0.811320755,0.344404943,25,117,9032,17597
0.834514286,0.640625,0.234285714,0.343096234,0.477626786,0.8,0.324009647,23,134,7259,20764
0.826927106,0.652777778,0.315436242,0.425339367,0.55346146,0.852348993,0.394990291,25,102,6763,13133
0.821011182,0.653061224,0.189349112,0.293577982,0.43073273,0.816568047,0.293969841,17,137,4141,10926
0.793676109,0.476923077,0.233082707,0.313131313,0.473485393,0.714285714,0.268758696,34,102,22889,31551
0.818317912,0.693877551,0.225165563,0.34,0.470340201,0.821192053,0.344556288,15,117,2128,12308
0.845968901,0.719298246,0.245508982,0.366071429,0.490846948,0.814371257,0.365583465,16,126,5238,18300
0.813791151,0.641791045,0.279220779,0.389140271,0.520988072,0.74025974,0.363089372,24,111,18554,31128
0.799630821,0.689655172,0.220994475,0.334728033,0.465166359,0.889502762,0.330701136,18,141,2746,9218
0.82462695,0.649122807,0.23566879,0.345794393,0.479705233,0.789808917,0.332964312,20,120,11484,20131
0.823885269,0.636363636,0.264150943,0.373333333,0.506994816,0.79245283,0.350419433,24,117,6422,20394
0.815251688,0.634920635,0.245398773,0.353982301,0.488808258,0.840490798,0.333751415,23,123,3199,10622
0.828402063,0.654545455,0.235294118,0.346153846,0.479877325,0.797385621,0.338789644,19,117,13501,19821
0.830027968,0.567164179,0.263888889,0.360189573,0.505106771,0.75,0.324244162,29,106,10915,18835
0.844330338,0.629032258,0.237804878,0.345132743,0.481048633,0.829268293,0.324219094,23,125,6480,15231
0.808552131,0.754716981,0.238095238,0.36199095,0.484315869,0.81547619,0.373708722,13,128,10308,20334
0.82395027,0.582089552,0.268965517,0.367924528,0.510320418,0.862068966,0.334499625,28,106,5279,11807
0.817620532,0.559322034,0.222972973,0.31884058,0.465275229,0.824324324,0.292791011,26,115,16328,21121
0.805016835,0.567567568,0.28,0.375,0.519561241,0.773333333,0.333577696,32,108,20462,27535
0.829808806,0.590163934,0.225,0.325791855,0.467420624,0.84375,0.300703391,25,124,3591,13333
0.81385145,0.636363636,0.245614035,0.35443038,0.488654804,0.83625731,0.33102424,24,129,3131,10510
0.821201757,0.644067797,0.24516129,0.355140187,0.489300851,0.851612903,0.341546867,21,117,2794,16684
0.826204588,0.606557377,0.23566879,0.339449541,0.478667353,0.76433121,0.316403936,24,120,13755,26164
0.817758725,0.590163934,0.21686747,0.317180617,0.458815266,0.837349398,0.291957163,25,130,6306,9951
0.822928602,0.62295082,0.236024845,0.342342342,0.478995587,0.801242236,0.319281114,23,123,2939,11584
0.83433698,0.682539683,0.288590604,0.405660377,0.531038395,0.798657718,0.390010467,20,106,6137,15456
0.820908408,0.616666667,0.246666667,0.352380952,0.490181372,0.846666667,0.33261267,23,113,7756,15131
0.815106732,0.7,0.272727273,0.392523364,0.516802321,0.818181818,0.383593474,18,112,1519,16674
0.843364198,0.673913043,0.191358025,0.298076923,0.433717649,0.820987654,0.307698622,15,131,11186,15153
0.789740699,0.571428571,0.225,0.322869955,0.467066452,0.84375,0.294379958,27,124,6488,13441
