,EXP,REXP,SEXP
0,3,2.96781,1
1,5,4.95838,3
2,6,5.95798,4
3,11,10.1949,7
4,14,13.1366,9
5,15,13.8035,10
6,23,21.7762,16
7,39,37.6364,22
8,42,40.5289,5
9,43,41.512,28
10,52,50.5012,26
11,54,52.4878,9
12,55,53.4602,15
13,57,55.3857,30
14,59,57.2528,38
15,63,60.9213,21
16,64,61.7532,35
17,66,63.7226,37
18,68,65.7129,23
19,70,67.6998,16
20,80,77.5452,26
21,91,88.5136,41
22,94,91.4995,12
23,95,92.3477,47
24,97,94.1123,13
25,98,95.1121,4
26,99,96.112,20
27,100,97.058,55
28,0,0.0,0
29,1,0.999743,1
30,2,1.99974,2
31,3,2.9997,3
32,0,0.0,0
33,1,0.999993,0
34,0,0.0,0
35,0,0.0,0
36,5,4.97685,4
37,103,99.0143,22
38,104,99.9768,6
39,105,100.76,16
40,31,30.922,1
41,107,102.477,30
42,109,104.477,24
43,110,105.471,73
44,7,6.9563,1
45,8,7.941039999999999,4
46,12,11.9386,3
47,2,1.98007,1
48,17,16.8057,2
49,19,18.8048,3
50,20,19.8031,8
51,22,21.7987,2
52,115,109.286,31
53,35,34.4436,2
54,116,110.216,32
55,117,111.191,59
56,3,2.94924,2
57,23,22.7324,23
58,33,32.7281,4
59,34,33.6613,19
60,38,37.6562,7
61,39,38.6548,8
62,4,3.93842,1
63,40,39.6412,9
64,41,40.6356,6
65,42,41.5432,17
66,44,43.5322,3
67,47,46.5306,11
68,48,47.5209,10
69,50,49.5191,19
70,52,51.3984,6
71,5,4.91111,0
72,53,52.3952,8
73,6,5.91109,2
74,7,6.9104600000000005,3
75,54,53.3833,21
76,56,55.3776,14
77,57,55.9532,15
78,58,56.9421,9
79,119,111.224,85
80,2,1.92057,1
81,59,57.6322,17
82,61,59.6212,8
83,62,60.6143,9
84,3,2.90898,2
85,63,61.3031,54
86,69,67.2899,11
87,70,68.2737,12
88,71,69.0829,13
89,72,69.6023,14
90,73,70.5997,15
91,123,112.985,35
92,74,71.354,29
93,76,73.1538,13
94,77,74.1533,14
95,78,74.9495,33
96,80,76.4137,19
97,81,77.3665,36
98,83,79.3543,38
99,36,33.5403,10
100,9,8.50123,5
101,39,36.4455,12
102,85,80.9479,10
103,11,10.4744,3
104,12,11.4675,4
105,86,81.7587,18
106,87,82.7444,41
107,125,112.306,65
108,65,62.0954,3
109,66,63.0949,4
110,127,114.148,33
111,67,64.0905,5
112,79,75.4471,7
113,80,76.4459,8
114,13,12.288,1
115,129,114.978,16
116,90,84.5754,65
117,84,80.1322,13
118,85,81.0652,14
119,4,3.68794,3
120,5,4.68742,4
121,6,5.68005,5
122,7,6.679810000000002,6
123,8,7.6791,7
124,94,87.101,24
125,14,13.0234,9
126,17,16.0225,3
127,88,82.618,15
128,95,87.6473,63
129,99,91.6094,21
130,89,83.37,36
131,100,92.4043,16
132,102,94.3641,61
133,105,97.3446,8
134,95,88.7083,4
135,96,89.7028,16
136,106,97.6732,27
137,10,9.44587,10
138,97,90.4716,9
139,107,98.6064,46
140,12,11.4344,10
141,110,101.427,24
142,111,102.39,53
143,113,104.373,54
144,98,91.2239,17
145,13,12.3891,11
146,116,107.131,56
147,99,92.0344,5
148,100,93.0344,6
149,1,0.999552,1
150,118,109.112,16
151,3,2.99938,3
152,14,13.38,12
153,119,110.08,31
154,120,111.071,59
155,101,93.8117,7
156,122,112.838,28
157,123,113.807,29
158,102,94.7639,26
159,124,114.789,30
160,104,96.7568,9
161,105,97.7457,19
162,106,98.5385,10
163,107,99.5214,20
164,125,115.493,33
165,108,100.494,32
166,110,102.487,10
167,15,14.2753,13
168,116,108.017,9
169,117,108.713,12
170,118,109.709,13
171,18,16.4904,18
172,126,115.302,111
173,131,120.086,32
174,136,115.72,11
175,137,116.693,12
176,132,120.784,37
177,134,122.738,33
178,135,123.701,34
179,136,124.469,35
180,137,125.466,36
181,138,126.423,35
182,120,110.548,14
183,139,117.906,13
184,121,110.987,15
185,122,111.983,16
186,139,126.221,129
187,145,132.211,13
188,146,133.19299999999998,37
189,25,23.0284,14
190,27,25.0279,10
191,147,134.175,79
192,123,112.456,17
193,124,113.451,18
194,17,15.8388,17
195,19,17.8362,19
196,125,114.146,22
197,28,25.9513,6
198,126,115.125,10
199,29,26.9407,7
200,30,27.9276,19
201,21,19.764,21
202,23,21.7612,18
203,24,22.755,19
204,127,115.574,23
205,129,117.527,5
206,25,23.6696,20
207,26,24.6239,21
208,150,135.173,23
209,152,137.106,105
210,130,117.651,24
211,156,140.811,86
212,159,143.746,31
213,162,146.724,63
214,131,118.366,25
215,164,148.435,89
216,167,151.41,83
217,169,153.40200000000004,41
218,170,154.392,44
219,171,155.362,45
220,172,156.045,56
221,174,157.94899999999996,123
222,178,161.67700000000005,116
223,132,118.563,26
224,133,119.562,19
225,134,120.562,20
226,181,164.58599999999996,119
227,142,117.37,32
228,184,167.551,38
229,143,118.252,73
230,145,120.252,41
231,146,121.25,34
232,147,122.18,35
233,148,123.168,78
234,150,125.154,37
235,151,126.067,38
236,152,127.065,39
237,153,128.053,121
238,186,169.065,163
239,191,173.80599999999995,79
240,193,175.792,77
241,197,178.859,47
242,198,179.827,161
243,203,184.795,65
244,205,186.475,50
245,206,186.455,127
246,210,189.103,52
247,211,190.091,53
248,9,8.26154,1
249,11,10.2561,2
250,12,11.0591,1
251,158,127.388,41
252,159,128.386,42
253,13,12.0298,2
254,14,13.0296,3
255,212,186.042,57
256,214,188.0,55
257,192,170.31,52
258,195,172.398,1
259,160,128.319,50
260,162,130.317,138
261,215,187.547,56
262,168,136.187,54
263,200,175.467,46
264,216,186.769,171
265,170,136.529,20
266,222,191.495,30
267,223,192.475,58
268,173,139.059,46
269,224,193.025,85
270,174,139.909,48
271,176,141.909,48
272,226,194.973,129
273,229,197.948,135
274,16,14.6113,3
275,17,15.6101,3
276,232,200.904,20
277,18,16.577,1
278,233,201.518,33
279,177,142.264,46
280,234,201.959,152
281,178,142.952,129
282,233,204.52,224
283,188,151.591,11
284,189,152.588,48
285,237,202.572,21
286,190,153.548,117
287,193,156.537,72
288,195,158.533,102
289,198,161.52200000000005,52
290,199,162.47799999999995,125
291,238,203.19,58
292,290,259.293,80
293,293,262.291,16
294,202,164.865,12
295,203,165.864,108
296,299,267.069,24
297,206,167.37,55
298,207,168.273,55
299,300,265.993,25
300,301,266.987,26
301,308,273.965,120
302,210,168.46900000000005,20
303,211,169.46599999999995,70
304,315,275.565,38
305,19,16.4946,6
306,21,18.4946,3
307,316,272.745,39
308,0,0.0,0
309,239,194.988,22
310,241,196.953,23
311,32,25.4383,1
312,33,26.392,12
313,242,196.665,121
314,245,199.603,63
315,246,200.602,64
316,247,201.545,65
317,248,202.503,66
318,249,202.295,67
319,250,203.291,68
320,251,204.192,69
321,317,269.118,40
322,252,204.728,35
323,318,269.492,32
324,34,27.0166,9
325,253,205.345,70
326,255,206.876,104
327,257,208.824,73
328,319,269.242,41
329,320,270.241,42
330,258,209.789,74
331,259,210.775,33
332,260,211.45,60
333,35,27.8442,10
334,213,164.59400000000005,115
335,321,269.97,43
336,322,270.958,44
337,323,271.953,45
338,261,209.638,109
339,263,211.497,71
340,0,0.0,0
341,1,0.999961,1
342,2,1.99987,0
343,3,2.9998,2
344,4,3.99956,0
345,265,213.065,36
346,22,18.3731,5
347,215,162.037,21
348,216,163.033,26
349,266,208.901,113
350,218,163.639,28
351,220,165.637,14
352,221,166.634,24
353,36,27.6884,8
354,268,210.449,38
355,38,29.6242,2
356,269,211.024,101
357,271,213.0,78
358,272,214.0,79
359,5,4.81622,3
360,324,259.077,46
361,325,259.644,47
362,223,165.90200000000004,59
363,326,260.002,33
364,224,166.896,82
365,327,260.995,18
366,273,211.44,141
367,275,213.412,81
368,39,30.0875,10
369,41,32.0794,12
370,43,33.861,14
371,328,258.595,47
372,227,167.81400000000005,24
373,228,168.77,58
374,229,169.769,61
375,230,170.748,62
376,231,171.47799999999995,88
377,331,261.04,34
378,23,18.5423,0
379,332,261.953,35
380,333,262.952,36
381,233,173.15099999999995,15
382,0,0.0,0
383,234,174.1,64
384,276,211.596,37
385,334,263.428,25
386,335,264.361,37
387,336,265.308,38
388,337,266.255,39
389,277,212.273,62
390,278,213.208,25
391,6,5.56259,5
392,10,9.56213,1
393,11,10.5618,1
394,279,212.379,82
395,45,35.2325,13
396,338,264.506,48
397,339,264.976,49
398,46,35.7754,3
399,280,210.728,101
400,341,264.157,16
401,342,265.151,17
402,343,266.067,26
403,344,267.067,27
404,24,18.9989,1
405,282,212.345,123
406,25,19.9491,4
407,352,273.958,127
408,284,213.456,85
409,1,0.860883,0
410,47,36.5322,14
411,2,1.86078,0
412,3,2.86056,1
413,285,214.357,86
414,26,20.8958,4
415,27,21.8501,12
416,30,24.6911,6
417,48,37.1324,15
418,240,173.298,16
419,31,25.512,7
420,287,213.289,64
421,288,214.241,87
422,32,26.4936,8
423,357,274.082,22
424,358,275.08,23
425,360,277.074,52
426,367,282.905,27
427,33,27.2984,13
428,368,283.182,28
429,290,213.679,126
430,35,28.9959,10
431,292,214.844,79
432,294,216.832,89
433,12,10.7631,5
434,13,11.7546,2
435,295,216.048,155
436,297,218.028,26
437,49,37.0044,16
438,50,38.0038,17
439,241,169.543,59
440,14,12.7292,3
441,1,0.914741,1
442,4,3.91377,2
443,298,218.08900000000003,40
444,242,169.602,68
445,15,13.5354,10
446,243,169.49900000000005,198
447,373,279.209,29
448,36,29.2391,20
449,299,216.913,157
450,39,32.2347,5
451,248,174.043,1
452,249,174.907,78
453,251,176.899,71
454,252,177.74200000000005,160
455,301,217.523,133
456,303,218.234,94
457,256,179.9,27
458,257,180.686,18
459,258,181.182,92
460,260,183.182,122
461,374,274.123,83
462,5,4.71085,3
463,263,185.416,125
464,266,188.322,98
465,268,190.321,23
466,305,216.397,121
467,307,216.146,123
468,309,217.766,125
469,311,219.764,31
470,377,271.04400000000004,54
471,17,14.6524,5
472,378,269.969,55
473,6,5.47187,6
474,312,218.175,68
475,313,219.147,96
476,314,219.743,129
477,9,8.44747,9
478,316,221.33900000000003,209
479,319,223.44,132
480,0,0.0,0
481,381,268.136,56
482,2,1.99873,1
483,270,183.51,52
484,12,11.2427,6
485,4,3.32303,1
486,13,12.2416,7
487,14,13.2096,8
488,15,14.2096,9
489,272,185.124,29
490,16,15.2059,10
491,321,223.2,104
492,18,15.1455,13
493,273,185.712,55
494,275,187.708,31
495,276,188.697,26
496,20,17.1299,7
497,323,224.43400000000003,171
498,277,189.449,32
499,325,226.357,136
500,327,228.354,102
501,278,190.392,60
502,280,192.337,92
503,386,270.993,31
504,286,197.612,9
505,388,271.547,89
506,328,227.182,216
507,332,231.105,184
508,23,22.674,7
509,17,15.6321,11
510,18,16.6312,12
511,19,17.5871,13
512,21,19.5862,1
513,22,20.5854,2
514,67,65.3689,32
515,23,21.5413,17
516,406,283.4290000000001,20
517,335,228.303,105
518,336,229.282,106
519,419,294.147,42
520,288,193.474,77
521,289,194.463,78
522,290,195.322,79
523,420,294.532,59
524,291,195.823,109
525,293,197.821,30
526,294,198.804,31
527,295,199.383,123
528,25,22.8221,15
529,26,23.8189,16
530,27,24.7565,4
531,421,290.697,60
532,422,291.53,61
533,299,200.675,69
534,301,201.503,82
535,29,26.3568,17
536,71,65.9517,10
537,30,27.2391,6
538,302,201.053,83
539,303,202.046,84
540,437,298.295,44
541,438,299.291,32
542,439,299.6670000000001,63
543,440,299.724,31
544,441,300.624,64
545,442,301.611,65
546,443,301.886,66
547,43,29.797,6
548,45,31.752,7
549,304,193.448,98
550,307,196.023,35
551,308,196.99400000000003,36
552,51,31.4851,10
553,473,318.632,47
554,474,319.629,48
555,52,32.4086,18
556,31,25.9432,0
557,32,26.9431,18
558,33,27.9431,19
559,34,28.9431,7
560,38,32.9417,8
561,309,195.061,122
562,482,324.1690000000001,70
563,39,33.6332,35
564,43,37.6332,1
565,53,32.9868,19
566,483,323.389,50
567,484,324.377,36
568,311,194.892,3
569,312,195.799,37
570,485,323.838,51
571,313,196.21,187
572,316,199.209,87
573,46,31.189,12
574,72,59.6574,6
575,317,199.069,39
576,73,60.5431,7
577,318,199.388,40
578,319,200.388,88
579,320,201.385,89
580,321,202.351,162
581,48,41.6206,22
582,324,205.198,133
583,49,42.5984,23
584,486,320.168,309
585,326,206.473,135
586,328,207.82,157
587,74,60.6932,42
588,492,324.862,365
589,330,208.952,138
590,332,210.663,95
591,333,211.662,83
592,82,68.2457,9
593,335,213.522,96
594,336,214.482,97
595,51,43.5455,25
596,52,44.3695,26
597,337,213.593,46
598,338,214.261,47
599,339,214.225,98
600,13,10.6818,4
601,53,44.6031,34
602,56,47.6013,11
603,57,48.5994,12
604,54,32.3458,11
605,83,67.2199,17
606,55,33.3402,4
607,85,69.0847,10
608,86,70.0752,24
609,58,49.3893,6
610,341,214.032,48
611,342,215.026,49
612,59,50.3654,23
613,88,71.598,14
614,62,53.0024,28
615,63,53.8884,12
616,65,55.8874,43
617,343,214.30900000000003,50
618,344,215.187,51
619,345,216.179,52
620,346,217.174,53
621,347,218.156,65
622,349,219.68400000000003,301
623,356,226.363,199
624,502,320.312,73
625,361,230.87,157
626,365,233.94,102
627,50,33.0563,6
628,73,62.8493,37
629,89,71.3165,15
630,77,66.8379,30
631,51,33.9753,14
632,504,319.21,74
633,505,319.87,39
634,90,71.9769,16
635,91,72.8354,6
636,56,33.467,5
637,506,320.155,75
638,52,34.7056,8
639,53,35.7051,32
640,56,38.7049,26
641,507,319.85,39
642,508,320.61,76
643,509,321.588,40
644,510,322.581,41
645,367,232.866,40
646,368,233.865,144
647,78,66.8095,4
648,370,235.487,34
649,371,236.481,57
650,372,237.477,58
651,373,238.445,94
652,375,240.435,96
653,377,242.429,37
654,378,242.858,104
655,58,40.382,49
656,92,72.7067,7
657,80,67.5901,31
658,64,45.9089,10
659,511,318.84,484
660,81,68.5312,45
661,83,70.4186,5
662,380,241.868,12
663,65,46.8002,11
664,57,33.7467,32
665,93,72.7472,29
666,66,47.7069,12
667,525,331.094,55
668,21,13.7542,8
669,385,244.578,62
670,386,245.577,39
671,387,246.576,40
672,388,247.573,63
673,390,249.555,170
674,392,251.527,337
675,398,257.523,188
676,401,260.518,67
677,402,261.515,42
678,403,262.512,43
679,404,263.512,44
680,405,264.508,113
681,407,266.505,109
682,408,267.495,110
683,409,268.493,111
684,69,50.2725,14
685,410,269.425,44
686,411,270.39,115
687,413,272.206,112
688,414,273.05400000000003,47
689,415,274.05400000000003,246
690,557,360.584,43
691,419,278.025,114
692,420,279.011,201
693,423,282.01,116
694,424,282.9770000000001,117
695,95,73.8756,18
696,426,284.582,206
697,430,287.744,118
698,97,75.2925,20
699,71,51.5363,15
700,432,287.583,74
701,433,288.583,75
702,98,75.9161,18
703,434,289.458,69
704,435,290.445,119
705,436,291.188,190
706,438,293.071,46
707,439,294.07,47
708,440,295.04,48
709,588,386.212,426
710,441,295.475,246
711,444,298.3,122
712,445,299.0420000000001,77
713,449,302.98,96
714,452,305.964,17
715,60,35.8198,58
716,454,307.882,123
717,72,52.1282,32
718,74,54.113,28
719,76,56.1128,21
720,77,57.1043,36
721,459,312.265,19
722,461,312.25,203
723,463,313.832,125
724,465,314.463,50
725,101,77.2599,34
726,21,16.9086,1
727,467,315.891,51
728,66,41.1952,35
729,22,14.1499,2
730,468,315.34,330
731,472,319.081,53
732,68,42.9769,37
733,70,44.9758,15
734,79,57.8261,9
735,0,0.0,0
736,2,1.99716,2
737,4,3.98482,2
738,5,4.98479,3
739,475,319.95,208
740,479,323.4840000000001,129
741,82,59.9559,23
742,71,45.3491,24
743,6,5.88981,4
744,84,61.8155,58
745,106,80.2897,15
746,107,81.2833,16
747,109,83.2721,17
748,72,46.228,8
749,110,84.0559,18
750,111,84.9444,16
751,113,86.941,24
752,8,7.83979,6
753,9,8.839739999999997,7
754,23,14.8383,3
755,120,93.7184,37
756,122,95.7157,39
757,124,97.1138,26
758,126,98.2375,19
759,480,315.587,240
760,90,66.0133,43
761,92,67.9929,18
762,93,68.977,13
763,10,9.56237,8
764,0,0.0,0
765,486,318.937,54
766,6,5.98715,0
767,488,319.939,84
768,9,8.93622,3
769,12,11.4018,10
770,95,69.9615,16
771,128,98.0967,21
772,130,99.2393,23
773,132,101.166,73
774,138,107.157,57
775,11,10.7038,1
776,609,375.353,62
777,492,317.005,217
778,494,318.221,56
779,99,72.5274,17
780,100,73.4369,30
781,496,318.994,138
782,102,75.2515,18
783,612,374.332,133
784,142,108.492,61
785,149,115.349,52
786,151,117.349,54
787,500,318.961,132
788,501,319.775,221
789,503,320.707,57
790,159,123.999,31
791,160,124.999,32
792,161,125.969,33
793,162,126.968,34
794,505,321.076,135
795,506,322.074,409
796,511,326.947,90
797,512,327.946,91
798,514,329.8780000000001,138
799,515,330.853,92
800,73,43.5946,8
801,106,77.1125,51
802,108,79.0984,53
803,517,328.949,152
804,519,330.59,94
805,520,331.59,60
806,521,332.264,61
807,74,44.1181,25
808,522,332.954,157
809,524,334.89,96
810,525,332.902,139
811,23,16.3719,3
812,526,331.855,455
813,532,337.847,261
814,536,341.086,164
815,538,343.055,308
816,541,346.05,102
817,542,347.0440000000001,103
818,543,346.75699999999995,54
819,544,347.4840000000001,143
820,545,348.17800000000005,66
821,546,349.1740000000001,67
822,547,349.8780000000001,104
823,163,122.047,61
824,548,350.716,105
825,75,44.0961,26
826,550,352.414,106
827,551,353.41,107
828,552,354.332,68
829,553,355.32,69
830,554,356.265,108
831,555,357.095,455
832,615,353.2680000000001,49
833,616,353.88,63
834,617,354.33,64
835,168,124.841,35
836,618,355.28,87
837,619,356.27,43
838,620,356.7519999999999,65
839,170,125.081,40
840,14,11.6362,12
841,77,44.5842,55
842,80,47.5809,13
843,81,48.5808,14
844,82,49.5806,9
845,560,349.1280000000001,110
846,171,124.283,41
847,561,349.099,78
848,621,349.045,50
849,83,50.2042,15
850,84,51.2026,16
851,562,347.6430000000001,312
852,566,350.7940000000001,57
853,567,350.5,220
854,0,0.0,0
855,85,51.0782,28
856,24,15.9437,6
857,86,51.4843,17
858,87,52.4841,29
859,573,344.543,81
860,574,345.543,146
861,575,346.44,71
862,576,347.4369999999999,260
863,1,0.95805,0
864,15,11.6814,13
865,578,347.6869999999999,148
866,579,348.684,351
867,583,352.586,115
868,584,350.358,338
869,587,353.345,117
870,588,354.337,269
871,590,355.996,73
872,88,52.0846,30
873,112,71.4195,35
874,591,355.523,82
875,172,115.353,69
876,592,353.565,59
877,593,354.543,331
878,596,357.5,74
879,176,119.276,58
880,16,12.3105,14
881,598,359.204,120
882,599,360.1869999999999,274
883,602,362.215,154
884,603,363.215,155
885,604,364.21,156
886,606,366.151,158
887,607,367.15,159
888,608,368.147,160
889,609,369.128,161
890,19,15.1631,2
891,610,367.2480000000001,75
892,611,367.911,162
893,612,368.911,163
894,113,70.7088,20
895,613,369.852,164
896,614,370.782,190
897,616,372.767,382
898,2,1.85183,0
899,620,376.544,291
900,622,378.519,293
901,624,380.275,295
902,632,388.208,302
903,634,389.9980000000001,366
904,637,392.849,175
905,638,393.601,370
906,4,3.83456,2
907,6,5.83452,2
908,641,396.147,208
909,643,398.143,210
910,645,398.278,134
911,646,398.983,177
912,647,399.551,256
913,89,51.2631,31
914,180,120.339,37
915,181,121.339,38
916,182,122.329,39
917,7,6.7592300000000005,3
918,8,7.7591800000000015,4
919,90,52.2515,28
920,649,401.4,378
921,652,404.377,381
922,10,9.75588,8
923,92,54.1611,0
924,51,39.7691,5
925,659,410.649,217
926,95,57.1245,1
927,13,12.7049,8
928,183,122.899,40
929,184,123.896,41
930,185,124.837,65
931,14,13.4835,9
932,97,58.3785,2
933,98,59.3784,3
934,99,60.3738,4
935,52,40.1321,3
936,21,16.5053,15
937,24,12.455,8
938,100,61.2839,5
939,102,63.2516,6
940,103,64.2506,7
941,104,65.2365,8
942,682,426.879,142
943,53,40.9897,4
944,684,428.705,144
945,685,429.525,327
946,687,430.967,410
947,105,66.0323,9
948,189,126.202,67
949,690,432.36300000000006,147
950,191,127.95,69
951,195,131.72299999999998,9
952,705,445.539,83
953,706,445.575,185
954,707,445.812,149
955,54,41.2867,3
956,55,42.0958,15
957,708,443.572,150
958,58,44.9234,7
959,709,442.0630000000001,151
960,710,443.043,338
961,198,132.329,4
962,199,133.321,49
963,200,133.82399999999998,5
964,201,134.658,50
965,712,442.528,84
966,59,45.4138,8
967,60,46.4125,9
968,713,443.388,68
969,61,47.3875,13
970,714,443.611,187
971,715,444.531,188
972,716,445.503,342
973,718,447.4980000000001,190
974,719,448.49300000000005,191
975,63,49.2274,27
976,720,448.912,154
977,66,52.172,8
978,721,444.875,241
979,67,52.5142,21
980,724,444.61800000000005,192
981,725,442.886,69
982,119,70.4118,1
983,120,71.4118,2
984,204,133.097,97
985,22,16.2144,18
986,24,18.2089,17
987,206,134.346,52
988,207,135.314,47
989,208,136.314,48
990,209,137.31,49
991,210,138.31,50
992,121,71.8851,36
993,25,19.0117,18
994,71,54.5978,28
995,74,57.5884,26
996,737,444.259,194
997,337,139.38299999999998,107
998,211,136.97299999999998,30
999,738,443.762,353
1000,76,58.7696,5
1001,26,19.6907,19
1002,740,444.726,196
1003,741,445.704,71
1004,78,60.5361,12
1005,338,139.452,73
1006,339,140.44799999999998,38
1007,340,141.252,167
1008,754,454.997,198
1009,80,61.8875,7
1010,81,62.8875,8
1011,83,64.8345,5
1012,84,65.8345,6
1013,85,66.8344,7
1014,755,454.205,359
1015,343,143.75799999999995,74
1016,86,66.9948,10
1017,212,134.213,62
1018,214,136.213,52
1019,215,137.205,12
1020,216,137.46,9
1021,217,138.45,10
1022,757,447.55800000000005,87
1023,758,448.534,88
1024,88,68.0115,16
1025,759,448.852,361
1026,761,450.754,89
1027,762,451.705,90
1028,763,452.61800000000005,91
1029,764,453.571,201
1030,765,454.536,456
1031,344,142.69299999999996,109
1032,768,456.746,203
1033,769,457.544,93
1034,218,138.395,97
1035,221,141.384,32
1036,770,455.518,440
1037,773,458.459,74
1038,774,456.575,164
1039,775,457.571,89
1040,224,142.315,168
1041,776,457.472,90
1042,777,458.307,299
1043,779,460.257,206
1044,780,461.195,260
1045,783,463.922,207
1046,785,465.906,208
1047,230,147.505,35
1048,231,147.968,128
1049,235,151.967,37
1050,106,58.0492,43
1051,32,24.0169,4
1052,33,25.0152,21
1053,34,25.9656,5
1054,35,26.9654,22
1055,236,152.631,55
1056,36,27.9584,6
1057,37,28.9132,7
1058,38,29.9007,23
1059,786,460.189,375
1060,788,461.397,302
1061,792,465.388,98
1062,793,466.385,99
1063,794,467.378,168
1064,798,471.36300000000006,100
1065,799,472.337,381
1066,801,474.273,171
1067,802,475.266,212
1068,803,476.226,172
1069,238,153.311,55
1070,816,488.415,214
1071,39,30.5999,24
1072,92,68.6603,19
1073,345,140.01,150
1074,15,11.6208,3
1075,824,493.807,216
1076,239,152.592,39
1077,240,153.591,40
1078,241,154.326,112
1079,40,31.1197,8
1080,41,32.1196,25
1081,42,33.1194,26
1082,43,34.1055,27
1083,93,68.6866,11
1084,44,35.0267,28
1085,45,36.0265,29
1086,46,37.0262,30
1087,47,38.0246,9
1088,48,38.9652,31
1089,49,39.9562,32
1090,108,58.4855,12
1091,109,59.4844,13
1092,110,60.1156,14
1093,111,61.0814,48
1094,50,40.4901,33
1095,51,41.4884,34
1096,52,42.4686,45
1097,347,139.849,75
1098,54,44.3986,36
1099,55,45.3741,37
1100,56,46.3714,38
1101,57,47.2962,39
1102,113,62.8717,33
1103,115,64.7774,51
1104,117,66.7729,35
1105,58,47.6249,40
1106,244,151.565,57
1107,245,152.553,58
1108,94,66.994,20
1109,59,47.976000000000006,41
1110,118,66.4774,37
1111,246,153.232,59
1112,60,48.918,42
1113,120,68.4425,56
1114,61,49.8855,43
1115,865,510.856,226
1116,867,512.8530000000002,283
1117,870,515.851,227
1118,872,517.849,408
1119,874,519.847,337
1120,877,522.847,107
1121,62,50.6959,44
1122,122,70.2007,56
1123,124,72.0991,20
1124,125,72.7115,59
1125,127,74.5719,61
1126,130,77.4085,84
1127,133,80.4007,43
1128,135,82.39399999999998,49
1129,261,163.96,158
1130,280,182.68,62
1131,125,65.21600000000001,53
1132,63,50.0902,45
1133,64,51.0875,46
1134,137,83.1406,48
1135,139,84.9786,50
1136,141,86.9725,27
1137,142,87.4578,25
1138,281,181.517,44
1139,95,65.1249,21
1140,65,51.4781,52
1141,67,53.4665,54
1142,282,182.249,123
1143,143,88.1476,69
1144,145,90.1464,29
1145,146,91.1432,52
1146,885,511.419,96
1147,148,92.9436,30
1148,96,65.3711,14
1149,149,92.8369,26
1150,150,93.6573,27
1151,151,94.6571,28
1152,152,95.5488,72
1153,154,97.5481,74
1154,156,99.4938,62
1155,158,101.487,32
1156,69,53.9938,56
1157,160,102.93,45
1158,161,103.91,46
1159,162,104.876,79
1160,71,55.8778,58
1161,288,183.705,64
1162,302,197.622,146
1163,164,106.595,33
1164,165,107.594,48
1165,167,109.221,34
1166,168,109.35,117
1167,171,112.178,70
1168,73,56.9019,51
1169,886,495.01,109
1170,348,132.235,228
1171,74,57.732,52
1172,75,58.7317,62
1173,351,135.1,42
1174,173,113.671,37
1175,174,114.645,73
1176,178,117.707,39
1177,27,12.6638,6
1178,417,304.122,128
1179,180,119.661,20
1180,181,120.643,36
1181,29,14.6595,5
1182,31,16.6589,11
1183,182,121.164,127
1184,438,323.22,148
1185,443,328.0540000000001,74
1186,185,123.699,38
1187,186,124.699,39
1188,187,125.676,81
1189,191,129.664,51
1190,192,130.623,94
1191,197,135.618,44
1192,198,136.45,66
1193,200,137.69799999999998,65
1194,202,139.648,90
1195,498,379.127,83
1196,501,382.001,145
1197,204,141.5,47
1198,205,142.499,48
1199,505,385.208,84
1200,506,386.207,85
1201,507,387.206,86
1202,509,389.201,88
1203,510,390.199,89
1204,33,18.3186,11
1205,78,59.7326,64
1206,80,61.7326,66
1207,206,142.739,49
1208,207,143.722,95
1209,209,145.71200000000005,51
1210,210,146.711,46
1211,101,66.4609,17
1212,24,18.16,10
1213,26,20.1599,12
1214,34,19.292,3
1215,211,147.53,129
1216,215,151.046,47
1217,216,152.045,53
1218,217,152.732,54
1219,218,153.624,55
1220,219,154.616,104
1221,84,65.1644,70
1222,106,70.9129,19
1223,221,155.879,49
1224,222,156.55,131
1225,130,65.4767,16
1226,352,132.77200000000002,87
1227,225,159.22299999999996,189
1228,229,163.164,151
1229,233,167.155,27
1230,234,168.11900000000003,208
1231,239,173.06599999999997,12
1232,241,174.0,29
1233,242,174.705,216
1234,247,179.704,113
1235,249,180.926,62
1236,250,181.842,63
1237,251,182.538,11
1238,86,65.6363,58
1239,252,182.359,119
1240,255,185.316,60
1241,256,186.295,65
1242,257,187.204,56
1243,258,187.834,57
1244,259,188.505,72
1245,354,132.994,41
1246,87,65.8917,59
1247,262,190.629,137
1248,35,19.5256,14
1249,37,21.5221,10
1250,38,22.5188,13
1251,88,66.3151,74
1252,265,191.933,62
1253,266,192.83900000000003,59
1254,267,193.508,204
1255,41,25.2424,30
1256,44,28.228,20
1257,46,30.1897,39
1258,50,34.174,25
1259,90,67.5652,27
1260,271,195.377,61
1261,134,67.0216,60
1262,138,71.0214,28
1263,272,196.21400000000003,225
1264,276,199.835,160
1265,279,202.831,33
1266,53,36.8498,15
1267,92,68.8564,61
1268,280,203.282,169
1269,283,206.28,35
1270,284,207.277,67
1271,286,209.27,106
1272,288,211.008,177
1273,291,213.587,70
1274,292,214.549,72
1275,293,215.538,73
1276,294,216.511,38
1277,295,217.053,184
1278,298,220.027,72
1279,299,219.019,15
1280,300,219.846,73
1281,140,71.9103,94
1282,302,219.21400000000003,130
1283,305,221.702,41
1284,118,76.3224,39
1285,93,67.6734,78
1286,355,129.248,156
1287,0,0.0,0
1288,122,79.1735,35
1289,124,81.1598,37
1290,0,0.0,0
1291,2,1.99968,1
1292,126,82.5783,10
1293,127,83.5779,11
1294,128,84.4861,12
1295,129,85.4858,42
1296,95,67.2896,80
1297,97,69.0755,82
1298,99,71.0755,84
1299,101,73.0543,86
1300,569,390.412,245
1301,103,74.7516,88
1302,306,212.36,32
1303,105,76.0862,35
1304,3,2.86514,2
1305,4,3.86508,3
1306,573,388.954,11
1307,5,4.8414,4
1308,6,5.84056,5
1309,2,1.88447,0
1310,4,3.869580000000001,2
1311,131,84.5992,30
1312,592,404.73,341
1313,598,409.546,127
1314,600,410.753,106
1315,135,87.9087,48
1316,7,6.71788,0
1317,6,5.75935,2
1318,54,33.9678,18
1319,357,126.484,77
1320,141,92.844,24
1321,10,9.56311,6
1322,143,94.6602,26
1323,145,96.4676,28
1324,359,127.999,79
1325,309,206.152,140
1326,107,74.8485,37
1327,602,401.854,189
1328,604,403.848,191
1329,312,207.608,76
1330,55,34.23,26
1331,608,406.512,164
1332,313,208.007,77
1333,314,208.759,144
1334,360,128.032,193
1335,362,130.031,114
1336,363,131.03,81
1337,368,136.026,83
1338,369,137.024,130
1339,109,76.367,92
1340,111,78.3668,40
1341,57,35.8084,34
1342,60,38.8072,21
1343,61,39.8068,22
1344,62,40.6311,32
1345,64,42.6149,41
1346,13,12.0575,12
1347,18,17.0565,17
1348,371,137.899,202
1349,67,45.5555,44
1350,143,68.0771,24
1351,144,69.0754,25
1352,70,48.5234,28
1353,72,50.518,48
1354,611,402.439,72
1355,8,7.2514699999999985,2
1356,322,209.412,19
1357,323,210.41,77
1358,147,93.3646,30
1359,324,210.251,20
1360,28,26.0734,16
1361,325,210.972,122
1362,619,399.667,198
1363,621,401.665,200
1364,626,406.585,204
1365,327,211.486,124
1366,32,29.7797,27
1367,36,33.7691,12
1368,76,52.4699,17
1369,329,213.361,126
1370,630,407.709,284
1371,113,76.3687,69
1372,331,215.018,166
1373,334,217.728,22
1374,335,218.721,23
1375,116,79.1856,17
1376,336,219.5,207
1377,117,80.1715,115
1378,120,83.0715,118
1379,40,37.4883,13
1380,123,86.0051,121
1381,34,32.5944,10
1382,339,220.466,24
1383,28,17.4707,18
1384,30,19.4697,15
1385,340,221.377,130
1386,126,88.2834,21
1387,342,223.341,80
1388,42,38.9931,32
1389,127,89.1594,29
1390,31,20.4253,21
1391,343,223.827,174
1392,636,407.336,105
1393,128,89.9234,30
1394,45,41.8324,11
1395,46,42.8277,17
1396,637,407.783,213
1397,639,409.781,215
1398,641,411.712,217
1399,48,44.7636,13
1400,37,35.0462,10
1401,39,37.0393,7
1402,347,227.057,225
1403,129,90.7335,74
1404,40,37.9443,21
1405,49,45.2965,16
1406,51,47.2939,18
1407,351,229.33,27
1408,352,230.296,28
1409,353,230.884,99
1410,355,232.853,30
1411,132,92.8058,108
1412,135,95.8057,111
1413,138,98.7976,112
1414,142,102.793,35
1415,356,233.499,31
1416,357,228.628,71
1417,359,230.197,180
1418,652,405.908,110
1419,653,406.907,111
1420,143,100.256,139
1421,146,103.216,82
1422,149,105.585,85
1423,660,410.736,115
1424,52,45.6902,47
1425,363,231.337,219
1426,152,108.128,23
1427,154,110.092,125
1428,56,49.5547,20
1429,661,410.427,116
1430,663,412.297,79
1431,664,413.294,80
1432,159,114.906,40
1433,57,50.433,22
1434,665,413.517,81
1435,666,414.506,82
1436,367,232.906,137
1437,667,412.65,234
1438,670,415.581,159
1439,59,51.7998,21
1440,673,417.951,120
1441,674,418.668,235
1442,676,420.047,237
1443,678,422.046,239
1444,160,114.192,156
1445,163,117.178,42
1446,45,39.4439,25
1447,164,118.017,69
1448,60,52.477,22
1449,61,53.0896,9
1450,62,54.0896,10
1451,63,54.9784,16
1452,64,55.9784,17
1453,50,43.9599,16
1454,65,56.7037,18
1455,66,57.6986,23
1456,170,122.483,164
1457,692,430.544,213
1458,373,129.167,45
1459,369,230.411,330
1460,375,236.391,89
1461,376,237.388,90
1462,67,58.6417,62
1463,377,238.367,91
1464,378,239.366,92
1465,71,62.6335,32
1466,379,240.334,93
1467,380,241.02,87
1468,73,64.5116,22
1469,382,242.608,306
1470,386,246.193,310
1471,390,250.178,260
1472,393,252.724,317
1473,696,431.382,248
1474,397,256.523,321
1475,401,260.469,178
1476,54,47.1987,13
1477,698,432.705,131
1478,403,262.077,262
1479,407,266.063,193
1480,173,124.065,2
1481,75,65.7516,31
1482,77,67.7456,22
1483,410,268.563,252
1484,56,49.0216,14
1485,57,50.0208,7
1486,58,51.0208,3
1487,59,52.0207,7
1488,413,271.073,206
1489,174,124.592,92
1490,60,52.8918,15
1491,417,274.882,162
1492,79,69.4203,50
1493,175,125.39,46
1494,176,126.376,47
1495,82,72.3863,24
1496,177,127.357,48
1497,178,128.35399999999998,49
1498,83,73.3726,25
1499,179,129.134,50
1500,180,130.03799999999998,144
1501,182,132.03799999999998,146
1502,184,133.798,53
1503,185,134.797,54
1504,419,274.975,234
1505,422,277.86400000000003,32
1506,423,278.065,60
1507,424,278.86400000000003,392
1508,430,284.838,62
1509,84,73.5023,67
1510,61,53.1553,16
1511,375,129.33700000000002,118
1512,376,130.33700000000002,119
1513,62,54.1237,17
1514,742,468.79,174
1515,744,470.773,176
1516,746,472.692,140
1517,431,283.047,179
1518,433,284.516,244
1519,436,287.334,289
1520,439,290.2990000000001,185
1521,186,133.14,150
1522,188,135.14,152
1523,149,83.4837,36
1524,150,84.4834,16
1525,190,137.015,57
1526,441,291.7990000000001,64
1527,747,468.25,262
1528,749,470.23,180
1529,87,75.1778,70
1530,192,138.922,59
1531,151,85.4172,49
1532,751,471.679,265
1533,90,78.0428,28
1534,91,79.0028,29
1535,442,292.158,194
1536,92,79.7425,75
1537,95,82.5711,60
1538,444,292.85,196
1539,755,472.09,269
1540,757,474.086,185
1541,97,84.1952,32
1542,759,475.22,187
1543,153,86.6192,113
1544,63,53.4846,18
1545,446,292.8520000000001,65
1546,447,293.759,100
1547,448,294.676,109
1548,449,295.3520000000001,89
1549,450,296.286,110
1550,158,91.304,19
1551,451,297.1740000000001,34
1552,98,84.6175,33
1553,452,298.151,35
1554,99,85.5942,82
1555,762,476.003,274
1556,453,298.635,90
1557,770,482.468,126
1558,159,91.9377,50
1559,771,482.659,127
1560,772,483.636,128
1561,773,484.617,281
1562,775,486.617,283
1563,778,489.6,41
1564,161,93.8112,20
1565,162,94.666,56
1566,454,297.796,303
1567,164,96.63,22
1568,64,53.4779,4
1569,65,54.4779,19
1570,66,55.4778,8
1571,67,56.4778,8
1572,102,87.3695,35
1573,104,89.3394,1
1574,105,90.3364,36
1575,106,91.1968,37
1576,193,135.745,186
1577,458,299.785,67
1578,459,300.771,180
1579,461,302.753,332
1580,165,96.9649,91
1581,107,91.8883,31
1582,196,138.174,98
1583,197,139.123,99
1584,168,99.6472,39
1585,465,305.285,119
1586,198,139.61,161
1587,108,92.2935,32
1588,843,546.589,159
1589,467,306.547,286
1590,470,309.346,382
1591,109,93.0737,33
1592,169,100.288,37
1593,474,312.975,71
1594,111,95.0181,35
1595,170,101.245,130
1596,475,313.433,357
1597,844,545.31,136
1598,175,105.92,24
1599,480,317.847,117
1600,481,318.846,179
1601,176,106.876,64
1602,200,140.38299999999998,193
1603,112,95.3031,57
1604,114,96.8969,36
1605,203,142.58100000000005,165
1606,483,318.158,37
1607,205,144.458,198
1608,68,55.8635,6
1609,70,57.8635,20
1610,71,58.8634,9
1611,72,59.8634,9
1612,901,595.293,142
1613,73,60.7273,21
1614,74,61.7273,10
1615,75,62.7272,10
1616,903,596.526,191
1617,76,63.6577,11
1618,77,64.6577,22
1619,905,598.357,193
1620,78,65.5838,23
1621,79,66.5838,7
1622,484,317.677,132
1623,178,107.552,40
1624,115,97.0445,37
1625,179,108.536,113
1626,208,146.675,201
1627,211,149.648,66
1628,183,112.497,26
1629,116,97.9933,97
1630,486,318.719,192
1631,119,100.068,39
1632,120,100.964,40
1633,80,66.5274,24
1634,488,317.457,377
1635,212,148.47899999999996,205
1636,215,151.464,68
1637,216,152.184,103
1638,81,67.2218,39
1639,0,0.0,0
1640,186,113.197,20
1641,84,69.76100000000001,45
1642,951,627.15,444
1643,954,630.1469999999998,447
1644,957,633.146,450
1645,960,636.143,453
1646,218,152.622,211
1647,123,101.732,104
1648,126,104.732,22
1649,2,1.97208,0
1650,221,154.91899999999995,178
1651,6,5.92934,2
1652,7,6.927910000000002,2
1653,187,112.913,146
1654,192,117.903,44
1655,193,118.9,45
1656,194,119.736,139
1657,198,123.673,29
1658,979,648.261,659
1659,223,155.753,216
1660,226,158.743,73
1661,493,314.551,78
1662,127,104.458,85
1663,496,317.253,197
1664,129,106.285,43
1665,131,108.279,45
1666,132,109.218,90
1667,227,159.263,183
1668,992,657.7860000000002,180
1669,8,7.8366,5
1670,134,110.912,115
1671,87,70.9657,13
1672,13,12.8037,10
1673,15,14.8022,12
1674,88,71.9279,36
1675,137,113.692,94
1676,229,160.44799999999995,185
1677,231,162.30200000000005,111
1678,499,316.738,85
1679,232,162.625,113
1680,17,16.6372,6
1681,139,114.732,96
1682,502,319.185,201
1683,234,164.259,189
1684,504,321.012,203
1685,993,651.0269999999998,128
1686,236,165.929,191
1687,141,116.144,50
1688,142,117.128,51
1689,143,118.091,136
1690,33,18.1414,23
1691,90,72.8851,10
1692,147,122.032,25
1693,148,122.767,102
1694,18,17.4466,7
1695,19,18.4458,8
1696,238,166.565,231
1697,150,123.986,54
1698,241,169.16099999999997,234
1699,151,124.721,55
1700,506,318.58,40
1701,507,318.947,331
1702,511,322.312,109
1703,512,323.291,220
1704,514,325.199,318
1705,517,328.081,111
1706,518,328.918,322
1707,521,331.647,344
1708,525,333.9980000000001,200
1709,527,335.771,215
1710,35,19.7492,19
1711,531,339.676,219
1712,996,636.523,58
1713,997,637.367,59
1714,152,123.442,82
1715,92,72.7983,14
1716,998,637.306,60
1717,93,73.6636,39
1718,154,125.159,107
1719,1000,639.117,339
1720,533,340.231,246
1721,535,342.186,116
1722,1002,640.078,290
1723,1004,642.077,292
1724,1006,644.073,294
1725,1008,642.361,111
1726,95,74.8502,29
1727,96,75.8496,5
1728,536,340.1930000000001,339
1729,244,167.15099999999995,237
1730,539,342.8769999999999,224
1731,541,344.63,92
1732,542,345.622,97
1733,543,346.434,93
1734,1011,642.597,159
1735,1012,643.597,160
1736,1013,644.597,161
1737,1014,645.597,162
1738,547,350.362,134
1739,548,351.361,96
1740,156,125.311,85
1741,549,351.958,135
1742,550,352.957,97
1743,552,354.932,136
1744,553,355.917,137
1745,554,356.872,41
1746,20,18.4949,9
1747,555,357.689,354
1748,558,360.643,98
1749,158,127.02,110
1750,98,77.2953,42
1751,200,118.475,30
1752,559,360.744,119
1753,560,361.739,120
1754,561,362.497,42
1755,562,363.302,99
1756,160,128.436,60
1757,161,129.332,61
1758,247,168.505,199
1759,21,19.2987,10
1760,100,78.7586,58
1761,249,170.06799999999996,201
1762,22,20.252,11
1763,23,21.2514,12
1764,103,81.5399,48
1765,105,83.4469,17
1766,37,21.1901,2
1767,162,129.174,13
1768,106,84.2348,46
1769,163,130.16,62
1770,164,131.155,14
1771,251,171.146,125
1772,16,15.7638,2
1773,165,132.109,78
1774,167,134.105,80
1775,169,136.02100000000002,82
1776,38,22.1284,3
1777,1017,638.05,301
1778,26,25.7134,4
1779,171,137.832,84
1780,173,139.805,67
1781,563,358.34,239
1782,174,139.939,115
1783,108,85.4826,34
1784,253,171.761,246
1785,177,142.835,20
1786,178,143.739,69
1787,31,30.4028,1
1788,1019,635.158,188
1789,1020,636.155,163
1790,1021,637.138,164
1791,1022,638.135,165
1792,179,144.559,91
1793,181,146.512,93
1794,183,148.43200000000004,95
1795,185,150.19299999999996,97
1796,565,358.5019999999999,380
1797,39,22.843000000000004,19
1798,201,116.654,31
1799,38,37.1287,18
1800,202,117.651,32
1801,203,118.636,47
1802,187,151.555,74
1803,204,119.62,81
1804,206,121.366,34
1805,24,21.6081,13
1806,256,172.34400000000005,129
1807,42,40.6943,0
1808,43,41.6918,8
1809,46,44.69,5
1810,111,86.9235,67
1811,1033,640.784,171
1812,1034,641.774,172
1813,1035,642.774,173
1814,1036,643.773,174
1815,114,89.9076,15
1816,569,358.63699999999994,100
1817,1038,645.643,175
1818,1039,646.643,176
1819,1040,647.643,177
1820,258,173.94099999999997,44
1821,72,70.4999,22
1822,188,150.819,75
1823,1043,649.309,305
1824,259,174.56799999999996,45
1825,75,73.3653,15
1826,1051,656.415,195
1827,1052,657.385,382
1828,1055,660.27,180
1829,1056,661.27,386
1830,260,175.253,87
1831,115,90.3337,49
1832,84,82.0801,6
1833,85,83.0792,7
1834,117,92.3211,51
1835,1059,663.062,581
1836,189,151.028,29
1837,27,24.2396,0
1838,28,25.2391,27
1839,31,28.1791,1
1840,32,29.1787,30
1841,86,83.4242,12
1842,87,84.4229,14
1843,89,86.4155,7
1844,90,87.4108,9
1845,207,120.432,17
1846,208,121.431,44
1847,91,88.3205,28
1848,35,31.9896,5
1849,119,116.142,10
1850,209,122.207,45
1851,130,126.872,58
1852,210,123.057,46
1853,190,150.41299999999995,153
1854,148,144.514,15
1855,193,153.192,26
1856,1065,661.79,379
1857,1067,663.737,381
1858,570,353.68,101
1859,1069,665.698,184
1860,1070,666.695,185
1861,211,123.618,47
1862,149,145.024,16
1863,40,36.6769,7
1864,41,37.6764,8
1865,42,38.5869,18
1866,43,39.5859,19
1867,44,40.5754,41
1868,47,43.5748,34
1869,571,351.994,102
1870,572,352.99300000000005,103
1871,573,353.992,141
1872,574,354.2390000000001,490
1873,1073,662.505,118
1874,212,123.511,77
1875,156,150.101,10
1876,215,126.406,85
1877,119,91.615,63
1878,122,94.6134,54
1879,157,150.385,17
1880,158,151.384,11
1881,49,44.8682,22
1882,50,45.8668,23
1883,41,23.7965,4
1884,42,24.7965,5
1885,159,151.162,18
1886,579,355.158,105
1887,1079,661.148,385
1888,1081,663.128,387
1889,1083,665.06,62
1890,1085,667.06,328
1891,1088,670.06,65
1892,580,355.785,351
1893,162,153.72799999999995,65
1894,584,359.69,251
1895,586,361.632,108
1896,166,157.315,14
1897,167,158.25,35
1898,43,25.6523,26
1899,1090,669.377,202
1900,1091,670.262,119
1901,51,46.1492,10
1902,1093,667.685,324
1903,1095,669.684,326
1904,1097,671.623,328
1905,176,164.859,29
1906,178,166.843,31
1907,587,358.09,389
1908,194,147.763,27
1909,592,362.57,110
1910,261,167.394,254
1911,180,168.0,19
1912,181,169.0,21
1913,195,148.126,28
1914,196,149.005,29
1915,198,150.982,77
1916,199,151.97799999999995,31
1917,182,169.481,20
1918,183,170.477,22
1919,184,171.476,13
1920,264,169.857,168
1921,266,171.828,259
1922,269,174.828,90
1923,270,175.80599999999995,172
1924,55,49.2219,0
1925,56,50.2197,1
1926,200,152.55700000000004,78
1927,201,153.555,83
1928,203,155.54399999999995,79
1929,204,156.516,31
1930,187,173.169,14
1931,188,174.141,15
1932,1099,664.823,207
1933,1100,665.823,123
1934,1101,666.814,398
1935,1104,669.738,401
1936,593,359.6690000000001,257
1937,199,184.791,46
1938,201,186.778,101
1939,205,156.63,80
1940,1107,671.666,126
1941,1108,672.665,127
1942,206,157.49,81
1943,124,92.689,60
1944,126,94.6889,7
1945,207,158.26,136
1946,209,160.244,138
1947,57,50.5629,12
1948,58,51.5607,13
1949,595,360.2680000000001,486
1950,128,96.4383,41
1951,1109,671.498,210
1952,206,190.743,17
1953,211,161.89600000000004,172
1954,214,164.877,85
1955,215,165.63099999999997,176
1956,218,168.50799999999995,145
1957,220,170.46099999999996,147
1958,59,52.2279,14
1959,207,189.895,25
1960,208,190.845,18
1961,131,98.5919,18
1962,209,191.808,19
1963,210,192.791,20
1964,211,193.775,21
1965,1110,667.5,339
1966,272,174.47400000000005,265
1967,132,99.5262,45
1968,275,177.37400000000005,125
1969,1114,670.555,188
1970,599,360.887,377
1971,276,178.15400000000002,126
1972,277,179.15400000000002,92
1973,278,180.05900000000003,271
1974,281,183.046,128
1975,212,193.959,22
1976,213,194.921,23
1977,214,195.91,24
1978,1115,670.36,343
1979,1117,672.312,215
1980,215,196.863,25
1981,217,122.374,50
1982,216,197.812,57
1983,1120,675.13,368
1984,602,362.711,113
1985,1123,677.18,64
1986,1124,677.635,347
1987,282,183.431,275
1988,47,28.4729,30
1989,220,199.447,8
1990,1126,675.368,191
1991,222,168.918,149
1992,285,185.014,278
1993,288,187.987,131
1994,223,201.876,28
1995,1127,675.03,218
1996,224,202.86900000000003,30
1997,605,362.288,274
1998,607,364.284,106
1999,608,365.279,107
2000,226,204.297,30
2001,224,170.02200000000005,151
2002,1130,675.773,219
2003,137,102.415,97
2004,227,204.781,31
2005,228,205.78,32
2006,226,171.755,91
2007,227,172.638,96
2008,141,106.202,42
2009,1132,676.248,193
2010,229,174.373,92
2011,230,174.335,191
2012,229,204.805,9
2013,233,177.31599999999997,126
2014,235,179.269,95
2015,231,206.374,34
2016,232,207.373,88
2017,1133,672.7180000000002,194
2018,1134,673.717,195
2019,235,210.294,122
2020,609,361.23800000000006,114
2021,1135,673.4960000000002,289
2022,610,362.215,115
2023,611,363.215,116
2024,239,213.812,29
2025,1137,675.306,70
2026,1138,676.1289999999998,417
2027,612,363.935,267
2028,614,365.385,503
2029,144,107.624,70
2030,1142,677.9119999999998,202
2031,236,177.86,33
2032,146,108.946,28
2033,1145,677.508,132
2034,147,109.914,44
2035,1150,682.196,226
2036,240,212.046,62
2037,242,213.664,64
2038,245,216.628,35
2039,1151,682.077,158
2040,237,178.179,194
2041,240,180.993,162
2042,1153,683.09,197
2043,246,217.132,36
2044,618,365.592,152
2045,218,119.136,44
2046,619,366.5630000000001,272
2047,242,182.874,35
2048,248,219.076,48
2049,243,183.857,98
2050,621,368.515,274
2051,252,222.998,24
2052,289,183.447,186
2053,220,121.076,46
2054,1154,682.919,300
2055,1156,684.919,228
2056,244,184.538,36
2057,1157,685.845,74
2058,148,110.204,87
2059,623,369.881,155
2060,624,370.805,404
2061,254,224.399,32
2062,627,373.621,407
2063,1164,691.31,309
2064,1166,693.2669999999998,444
2065,630,375.802,109
2066,631,376.756,410
2067,1170,693.913,237
2068,1171,694.7389999999998,413
2069,1175,698.653,135
2070,1176,699.6489999999999,238
2071,255,223.341,109
2072,1177,699.69,239
2073,245,183.586,37
2074,151,112.01,94
2075,1179,701.4119999999998,241
2076,1180,702.2669999999998,242
2077,634,377.318,413
2078,246,184.403,135
2079,637,380.291,125
2080,1181,702.581,243
2081,638,380.717,126
2082,222,121.526,27
2083,1182,702.07,78
2084,223,122.451,28
2085,155,115.323,36
2086,639,380.505,287
2087,1183,701.778,244
2088,49,28.9391,32
2089,51,30.9389,34
2090,53,32.9387,32
2091,1184,702.6260000000002,245
2092,55,34.9385,11
2093,1185,703.6239999999998,382
2094,56,35.9384,26
2095,57,36.9383,39
2096,59,38.9382,36
2097,1187,705.56,247
2098,641,382.327,399
2099,1188,705.39,563
2100,1192,708.1469999999998,283
2101,1194,710.1460000000002,35
2102,264,228.654,11
2103,61,40.7061,42
2104,63,42.7059,30
2105,157,116.575,78
2106,248,184.152,175
2107,644,383.167,422
2108,291,181.044,284
2109,160,119.223,80
2110,1195,707.696,388
2111,251,186.475,140
2112,162,121.065,66
2113,294,183.819,56
2114,647,385.026,293
2115,649,387.022,296
2116,1197,709.297,450
2117,253,188.276,140
2118,1199,710.409,287
2119,255,189.995,105
2120,257,191.995,143
2121,259,193.98,104
2122,295,184.427,97
2123,1202,712.807,252
2124,651,387.996,131
2125,652,388.996,133
2126,1203,713.092,592
2127,1206,716.081,595
2128,1209,718.8789999999998,139
2129,1210,719.8789999999998,291
2130,1212,721.8789999999998,256
2131,1213,722.8789999999998,37
2132,1216,725.878,348
2133,296,185.05,98
2134,297,186.049,156
2135,1219,727.3539999999998,399
2136,267,227.805,12
2137,260,193.379,172
2138,1222,727.8689999999998,260
2139,653,386.793,288
2140,656,389.79,610
2141,271,231.16,41
2142,662,395.76,136
2143,1223,726.335,203
2144,262,194.471,146
2145,299,185.738,158
2146,1224,724.735,606
2147,1227,727.6510000000002,262
2148,301,187.07,294
2149,1228,725.133,263
2150,66,44.3761,45
2151,663,392.489,134
2152,665,394.393,135
2153,304,189.614,162
2154,306,191.55900000000003,103
2155,264,194.21,148
2156,68,46.3043,15
2157,1230,725.819,485
2158,1233,728.7760000000002,143
2159,164,119.771,99
2160,266,196.035,217
2161,269,198.74400000000003,69
2162,61,48.0592,40
2163,167,122.493,34
2164,666,394.168,439
2165,270,199.642,151
2166,669,397.004,305
2167,1236,729.9630000000002,409
2168,671,398.64,168
2169,1238,731.305,411
2170,672,399.513,306
2171,674,401.272,112
2172,675,402.271,170
2173,676,403.249,284
2174,272,201.108,110
2175,1240,731.74,493
2176,1243,734.697,268
2177,1244,735.682,147
2178,1245,736.6339999999999,474
2179,1247,738.6339999999999,476
2180,168,122.948,51
2181,678,404.642,310
2182,680,406.639,312
2183,169,123.221,52
2184,170,124.131,88
2185,1249,735.409,419
2186,682,405.737,314
2187,1252,738.352,272
2188,684,407.711,141
2189,685,408.641,142
2190,273,200.062,181
2191,686,409.527,318
2192,688,411.427,144
2193,174,127.689,6
2194,690,413.005,321
2195,307,189.484,239
2196,692,414.594,323
2197,309,191.258,105
2198,310,192.167,64
2199,275,201.199,43
2200,277,202.93400000000003,112
2201,278,203.882,113
2202,279,204.341,114
2203,280,205.327,115
2204,281,206.304,116
2205,282,207.045,117
2206,283,207.941,118
2207,284,208.173,119
2208,285,209.146,120
2209,293,241.202,45
2210,294,242.185,46
2211,176,127.803,18
2212,286,209.725,121
2213,695,412.667,182
2214,295,242.653,47
2215,296,243.584,89
2216,698,415.097,326
2217,298,245.57,49
2218,177,128.543,54
2219,299,246.505,50
2220,146,50.378,73
2221,287,210.28,87
2222,700,416.771,328
2223,702,418.77,330
2224,300,247.05900000000003,77
2225,224,116.601,29
2226,289,211.923,71
2227,704,420.31,151
2228,705,421.28,115
2229,706,422.278,25
2230,707,423.277,152
2231,302,248.963,52
2232,303,249.956,53
2233,304,250.955,67
2234,290,212.852,122
2235,291,213.847,89
2236,708,424.172,116
2237,709,425.163,117
2238,710,426.15,26
2239,711,427.146,118
2240,293,215.812,72
2241,294,216.804,123
2242,713,429.021,181
2243,295,217.514,73
2244,63,48.1942,17
2245,306,251.368,55
2246,307,252.354,70
2247,309,254.346,72
2248,311,256.325,74
2249,313,258.321,76
2250,315,260.289,60
2251,316,261.284,84
2252,318,263.238,27
2253,319,264.226,62
2254,714,427.648,182
2255,225,116.872,30
2256,297,218.138,124
2257,298,219.135,125
2258,715,428.211,336
2259,0,0.0,0
2260,178,128.207,55
2261,321,265.585,36
2262,1,0.999688,0
2263,1253,720.4580000000002,442
2264,299,219.55,291
2265,303,223.363,295
2266,322,265.552,63
2267,1257,723.14,150
2268,324,267.463,65
2269,179,128.716,19
2270,325,268.46,66
2271,326,269.459,67
2272,327,270.457,68
2273,328,271.457,69
2274,331,274.42400000000004,96
2275,180,129.667,56
2276,1266,730.94,277
2277,312,189.045,242
2278,336,278.746,91
2279,338,280.717,93
2280,307,226.606,299
2281,311,229.551,129
2282,340,280.952,37
2283,341,281.951,38
2284,2,1.96798,0
2285,314,190.017,107
2286,342,282.809,103
2287,312,230.186,207
2288,4,3.96657,2
2289,1267,726.932,429
2290,181,129.359,57
2291,314,231.693,209
2292,182,130.151,37
2293,226,116.411,31
2294,346,285.533,39
2295,347,286.532,40
2296,348,287.521,76
2297,349,288.518,77
2298,350,289.517,78
2299,183,131.04,58
2300,184,132.024,59
2301,316,232.989,132
2302,317,233.95,212
2303,352,290.956,80
2304,353,291.949,81
2305,319,235.802,80
2306,320,236.71400000000003,215
2307,354,292.277,82
2308,356,294.263,84
2309,6,5.90505,0
2310,7,6.90504,1
2311,8,7.90497,2
2312,186,133.553,61
2313,358,296.126,86
2314,187,134.496,62
2315,188,135.447,63
2316,322,237.851,217
2317,324,239.797,136
2318,325,240.796,137
2319,64,47.7778,25
2320,1269,721.4830000000002,279
2321,1270,722.471,280
2322,65,48.6432,18
2323,717,420.05,323
2324,719,421.96,626
2325,724,426.96,141
2326,326,240.542,83
2327,9,8.80909,3
2328,11,10.8091,5
2329,725,426.78,155
2330,359,293.77,150
2331,726,426.987,170
2332,327,240.21,222
2333,372,306.09,163
2334,728,428.834,172
2335,329,242.115,224
2336,13,12.7085,3
2337,14,13.7082,4
2338,376,309.449,42
2339,331,243.51,136
2340,1274,719.8639999999998,234
2341,1276,721.8639999999998,236
2342,1278,723.8389999999998,238
2343,16,15.5819,11
2344,19,18.5774,6
2345,20,19.5363,8
2346,22,21.5343,3
2347,319,190.028,170
2348,321,191.941,172
2349,323,193.938,110
2350,324,194.878,175
2351,1280,721.4860000000001,281
2352,730,425.583,144
2353,407,336.026,46
2354,731,426.507,30
2355,66,48.5305,19
2356,732,425.855,186
2357,69,51.3437,20
2358,228,115.115,117
2359,733,425.679,187
2360,231,118.005,34
2361,734,426.574,333
2362,736,428.344,345
2363,739,431.317,353
2364,742,433.80800000000005,146
2365,0,0.0,0
2366,192,134.569,103
2367,1,0.998583,1
2368,23,21.9921,13
2369,333,239.076,87
2370,334,240.075,191
2371,743,432.937,368
2372,336,241.736,188
2373,338,243.583,48
2374,326,193.473,249
2375,71,52.6933,22
2376,72,53.5978,23
2377,1281,708.013,282
2378,339,243.1,142
2379,746,432.902,148
2380,747,433.875,149
2381,748,434.86800000000005,150
2382,749,435.847,31
2383,194,134.825,21
2384,750,436.518,121
2385,195,135.808,147
2386,751,437.36,501
2387,414,333.3119999999999,97
2388,26,24.6125,13
2389,234,119.335,38
2390,235,120.329,34
2391,1282,706.5189999999999,494
2392,1284,708.518,496
2393,73,54.2199,50
2394,28,26.5928,15
2395,30,28.5837,10
2396,1286,709.455,498
2397,199,139.243,66
2398,754,438.745,504
2399,340,242.609,231
2400,342,244.256,144
2401,1288,710.192,286
2402,429,343.619,113
2403,200,138.811,23
2404,757,437.718,32
2405,758,438.695,347
2406,1289,705.3910000000002,442
2407,1291,707.3889999999999,444
2408,201,139.565,67
2409,760,440.028,347
2410,763,443.025,161
2411,764,443.981,162
2412,765,444.979,163
2413,236,119.748,86
2414,202,140.166,41
2415,451,363.233,47
2416,329,191.769,117
2417,343,241.149,201
2418,346,244.148,5
2419,767,443.223,317
2420,770,446.186,196
2421,771,446.939,197
2422,772,447.924,198
2423,773,448.918,199
2424,774,449.912,200
2425,775,450.872,201
2426,776,451.849,202
2427,777,452.8,124
2428,239,121.868,55
2429,203,139.84799999999998,21
2430,204,140.629,68
2431,778,452.595,522
2432,241,123.471,36
2433,242,124.45,37
2434,243,124.999,38
2435,31,28.1933,10
2436,244,125.644,53
2437,206,140.97,113
2438,347,239.929,199
2439,245,126.224,58
2440,781,449.766,369
2441,783,451.689,330
2442,785,453.655,156
2443,786,454.649,166
2444,787,455.636,206
2445,788,456.635,207
2446,1293,692.3760000000002,289
2447,349,241.436,201
2448,789,457.13,167
2449,791,458.881,168
2450,792,459.442,208
2451,793,460.346,378
2452,796,461.329,126
2453,797,462.321,127
2454,798,463.102,128
2455,799,464.084,129
2456,800,465.048,130
2457,801,466.045,131
2458,802,467.016,380
2459,804,468.977,514
2460,807,471.971,133
2461,809,473.897,135
2462,810,474.878,384
2463,812,476.205,386
2464,814,478.084,174
2465,815,479.06,175
2466,816,480.027,390
2467,331,187.952,179
2468,1298,691.552,216
2469,1299,692.547,217
2470,818,481.929,392
2471,820,483.467,216
2472,333,189.681,181
2473,821,484.131,217
2474,351,240.243,252
2475,822,484.331,218
2476,247,126.626,60
2477,823,481.05300000000005,178
2478,824,481.997,179
2479,825,482.92800000000005,157
2480,826,483.654,180
2481,827,484.151,136
2482,828,485.103,219
2483,249,127.16,112
2484,252,129.42700000000002,39
2485,829,481.86300000000006,181
2486,460,347.973,180
2487,33,28.6215,12
2488,75,51.7728,52
2489,830,481.883,295
2490,77,53.7689,26
2491,832,483.853,182
2492,833,484.844,700
2493,837,488.66,139
2494,354,237.395,238
2495,838,489.082,160
2496,356,238.922,90
2497,357,239.682,150
2498,358,240.596,242
2499,1301,673.2719999999998,449
2500,35,30.1292,14
2501,839,485.049,140
2502,840,486.048,221
2503,37,32.1275,16
2504,40,35.126,8
2505,41,36.1246,7
2506,42,37.1236,8
2507,43,38.1235,9
2508,44,39.1225,10
2509,841,486.986,161
2510,842,487.985,162
2511,843,488.985,163
2512,45,40.121,11
2513,46,41.1202,12
2514,468,350.11300000000006,32
2515,47,42.1121,9
2516,48,43.1112,10
2517,844,489.846,222
2518,360,240.341,152
2519,49,44.0981,36
2520,845,489.845,0
2521,846,490.834,1
2522,847,491.017,164
2523,69,38.725,42
2524,848,491.882,364
2525,850,493.416,142
2526,72,41.6765,49
2527,1307,675.138,219
2528,1308,676.137,220
2529,1309,677.1360000000002,221
2530,74,43.6636,51
2531,851,494.222,143
2532,852,495.22,165
2533,853,496.218,384
2534,856,499.218,167
2535,76,45.6471,63
2536,79,48.4038,47
2537,53,47.3882,23
2538,857,497.444,2
2539,858,497.815,353
2540,860,499.814,169
2541,361,238.143,153
2542,1310,673.58,451
2543,1312,675.58,453
2544,82,51.2044,49
2545,362,238.729,246
2546,335,183.019,254
2547,1316,678.655,518
2548,1318,680.655,520
2549,337,184.992,256
2550,364,239.773,267
2551,368,243.668,249
2552,55,48.5703,12
2553,861,495.475,186
2554,56,49.5678,13
2555,862,496.376,368
2556,864,498.375,145
2557,57,50.4586,26
2558,59,52.4582,28
2559,61,54.4474,27
2560,63,56.4464,29
2561,148,47.2313,32
2562,865,498.052,582
2563,868,500.99300000000005,359
2564,870,502.992,361
2565,872,504.861,399
2566,874,506.86,190
2567,65,58.2724,16
2568,339,184.931,185
2569,341,186.686,119
2570,257,129.191,41
2571,66,58.5828,17
2572,80,53.5759,27
2573,81,54.3805,28
2574,82,55.3685,49
2575,370,238.144,251
2576,372,238.781,95
2577,487,347.061,10
2578,488,348.032,11
2579,875,493.573,174
2580,67,57.5808,47
2581,373,238.036,96
2582,489,346.699,127
2583,71,61.4245,18
2584,1324,659.423,389
2585,374,238.22,222
2586,342,181.398,260
2587,876,489.17,739
2588,881,494.169,743
2589,885,498.168,177
2590,886,499.168,178
2591,74,63.9839,38
2592,209,127.48,8
2593,887,499.66,377
2594,344,183.167,121
2595,76,65.9391,22
2596,501,355.894,1
2597,377,239.437,256
2598,379,241.43400000000003,211
2599,381,243.418,110
2600,149,47.0172,33
2601,77,66.4941,18
2602,78,67.4745,19
2603,890,499.267,373
2604,892,501.254,181
2605,258,125.324,51
2606,506,358.293,35
2607,214,131.531,96
2608,216,133.516,34
2609,345,182.812,122
2610,218,135.298,109
2611,507,358.552,100
2612,508,359.55,231
2613,513,364.535,51
2614,514,365.534,52
2615,515,366.489,102
2616,893,501.184,561
2617,896,504.175,150
2618,516,367.408,103
2619,221,138.21200000000002,101
2620,383,243.752,98
2621,517,367.895,104
2622,150,47.8734,90
2623,897,504.458,425
2624,79,67.9842,20
2625,519,369.608,53
2626,1355,680.367,466
2627,223,139.827,28
2628,384,244.211,112
2629,583,430.033,71
2630,224,139.532,118
2631,386,243.947,275
2632,389,246.837,55
2633,390,247.535,261
2634,392,248.95,219
2635,84,54.4577,79
2636,899,497.092,427
2637,394,249.519,264
2638,1358,671.878,469
2639,1360,673.816,471
2640,1362,675.796,254
2641,346,180.011,264
2642,396,250.381,266
2643,87,56.5738,82
2644,1367,674.7860000000002,169
2645,1368,675.7739999999999,306
2646,398,250.46400000000003,268
2647,590,424.692,58
2648,400,252.114,228
2649,591,425.538,72
2650,901,492.333,416
2651,1369,675.7589999999999,477
2652,1371,677.7510000000002,568
2653,903,494.154,217
2654,905,496.15,185
2655,906,497.146,234
2656,402,253.656,119
2657,592,425.636,73
2658,593,426.585,40
2659,907,496.838,186
2660,259,122.147,21
2661,908,497.792,422
2662,1385,689.826,227
2663,1386,690.826,309
2664,1387,691.732,228
2665,1388,692.7130000000002,539
2666,1390,694.682,311
2667,891,260.37,235
2668,1391,694.86,312
2669,1392,695.8580000000002,313
2670,1394,697.8560000000001,315
2671,1395,698.8389999999998,316
2672,892,261.311,236
2673,90,59.0545,2
2674,595,424.371,6
2675,596,425.30800000000005,117
2676,910,495.628,196
2677,911,496.627,188
2678,80,64.9766,45
2679,1396,694.4169999999998,172
2680,1397,695.4169999999998,317
2681,83,67.8085,24
2682,84,68.8038,47
2683,912,496.534,236
2684,913,497.533,197
2685,914,497.983,151
2686,915,498.92,376
2687,607,433.486,35
2688,260,121.721,42
2689,157,53.3189,37
2690,261,122.297,52
2691,158,54.1355,8
2692,159,55.1351,38
2693,161,57.0667,26
2694,404,249.635,168
2695,405,250.56,169
2696,348,176.273,192
2697,620,441.698,32
2698,226,134.77,76
2699,227,135.749,77
2700,86,69.6844,51
2701,406,251.117,273
2702,659,479.641,44
2703,660,480.628,45
2704,89,72.5588,24
2705,665,485.42,158
2706,668,488.403,113
2707,90,73.4143,52
2708,670,489.599,47
2709,672,491.333,114
2710,673,489.57,115
2711,918,492.86,153
2712,919,493.858,154
2713,675,491.36,116
2714,228,135.547,29
2715,676,492.309,117
2716,1398,683.847,173
2717,677,492.582,64
2718,678,493.512,65
2719,92,74.7018,26
2720,408,250.543,275
2721,93,75.6799,55
2722,410,252.144,277
2723,95,77.5319,60
2724,920,493.11800000000005,198
2725,98,80.1871,29
2726,99,81.1843,30
2727,921,492.698,199
2728,922,493.698,200
2729,1401,682.967,814
2730,1405,686.931,320
2731,682,494.198,167
2732,100,82.1394,31
2733,684,496.174,50
2734,685,496.98,170
2735,264,122.883,41
2736,691,500.334,35
2737,692,501.333,36
2738,693,502.29,66
2739,694,503.277,18
2740,1406,684.9060000000002,321
2741,698,507.226,37
2742,699,508.226,38
2743,700,509.194,39
2744,701,510.191,40
2745,1407,685.857,929
2746,1413,691.797,935
2747,702,511.084,52
2748,703,511.386,79
2749,30,8.336039999999999,4
2750,31,9.33601,5
2751,923,491.48800000000006,438
2752,749,557.102,61
2753,751,559.005,63
2754,753,561.001,43
2755,101,82.2522,62
2756,412,251.057,279
2757,414,252.99,295
2758,229,134.48,78
2759,1419,695.6510000000002,557
2760,1421,697.515,559
2761,925,491.57,202
2762,926,492.565,203
2763,927,493.146,788
2764,932,498.14,347
2765,934,500.108,192
2766,935,501.108,193
2767,350,174.009,142
2768,756,560.59,108
2769,351,174.987,143
2770,352,175.952,144
2771,417,254.574,282
2772,936,499.479,351
2773,938,501.479,239
2774,353,176.08700000000005,270
2775,759,559.085,80
2776,939,501.883,558
2777,230,134.15200000000002,123
2778,942,504.804,159
2779,761,560.934,173
2780,943,505.74,606
2781,946,508.728,196
2782,947,509.721,161
2783,1428,698.541,813
2784,763,562.786,175
2785,765,564.7719999999998,177
2786,767,566.707,123
2787,768,567.703,124
2788,769,568.702,125
2789,419,255.209,284
2790,233,136.905,80
2791,234,137.905,24
2792,948,509.771,207
2793,949,510.733,2
2794,950,511.576,811
2795,955,516.5419999999998,198
2796,956,517.514,163
2797,957,518.497,164
2798,770,567.7080000000002,248
2799,958,519.1419999999998,242
2800,1432,700.607,600
2801,959,520.04,408
2802,235,138.631,81
2803,961,521.876,410
2804,421,256.298,286
2805,964,524.212,245
2806,774,570.135,57
2807,267,123.701,43
2808,965,525.036,210
2809,355,177.05599999999995,146
2810,162,56.2627,9
2811,103,82.1474,33
2812,775,567.893,58
2813,776,568.859,59
2814,104,83.0045,34
2815,105,84.0042,35
2816,268,124.199,44
2817,106,84.9912,70
2818,423,256.115,110
2819,424,257.058,178
2820,1435,696.831,423
2821,1437,698.808,425
2822,1439,700.7810000000002,1084
2823,865,653.809,133
2824,269,124.672,88
2825,271,126.672,90
2826,867,655.658,135
2827,273,128.611,45
2828,869,656.518,137
2829,870,656.64,274
2830,873,658.946,139
2831,874,659.795,49
2832,875,660.7610000000002,190
2833,877,662.678,141
2834,879,664.664,207
2835,881,666.584,283
2836,885,667.846,66
2837,966,517.393,211
2838,109,86.5548,85
2839,967,517.679,167
2840,1451,706.7130000000002,515
2841,887,667.9730000000002,51
2842,889,669.166,67
2843,891,671.0830000000002,214
2844,0,0.0,0
2845,968,517.587,199
2846,893,672.446,216
2847,969,518.07,412
2848,971,519.939,217
2849,425,252.814,238
2850,427,254.402,111
2851,113,89.2176,53
2852,899,670.039,148
2853,901,671.1210000000002,202
2854,429,255.485,0
2855,275,128.164,57
2856,906,675.7669999999998,152
2857,908,677.648,209
2858,913,681.4169999999998,57
2859,914,682.414,58
2860,915,683.382,156
2861,973,515.9259999999998,214
2862,916,684.316,59
2863,919,687.278,158
2864,116,91.6107,16
2865,117,92.6105,18
2866,119,94.6085,2
2867,921,689.2239999999998,160
2868,974,516.832,168
2869,923,691.155,222
2870,925,692.995,163
2871,926,693.988,225
2872,976,518.703,215
2873,929,696.895,166
2874,977,519.164,216
2875,2,1.95205,2
2876,978,520.138,251
2877,931,697.9119999999998,168
2878,980,522.064,253
2879,982,524.063,219
2880,935,701.819,169
2881,936,702.802,78
2882,937,703.7869999999998,383
2883,430,255.506,113
2884,948,713.628,70
2885,431,256.202,64
2886,949,714.4019999999998,71
2887,950,715.382,72
2888,953,716.918,327
2889,983,522.504,261
2890,120,94.3684,18
2891,432,255.375,294
2892,121,95.368,39
2893,122,96.1738,40
2894,236,133.284,30
2895,1457,696.0239999999999,932
2896,986,522.915,264
2897,989,525.91,267
2898,1463,701.987,240
2899,1465,703.8530000000002,241
2900,1466,704.835,242
2901,992,528.0419999999998,201
2902,993,529.04,202
2903,994,529.965,619
2904,997,532.964,247
2905,998,533.957,623
2906,1001,536.126,223
2907,103,64.3269,62
2908,126,98.8665,3
2909,434,254.299,115
2910,127,99.8646,4
2911,105,65.9638,33
2912,1038,785.012,16
2913,1040,786.995,18
2914,1041,786.779,133
2915,238,133.755,127
2916,240,134.839,47
2917,1467,693.7389999999998,243
2918,435,252.752,116
2919,1468,694.71,244
2920,1469,695.677,245
2921,1470,696.677,246
2922,1471,697.628,247
2923,1004,529.317,270
2924,1477,701.471,586
2925,1479,703.439,588
2926,2,1.99973,0
2927,3,2.99945,2
2928,128,98.7122,53
2929,130,100.702,34
2930,131,101.693,97
2931,134,104.266,64
2932,1481,701.605,590
2933,1483,703.605,251
2934,1484,704.605,341
2935,1485,705.505,342
2936,1486,706.5039999999998,343
2937,1487,707.4839999999998,957
2938,1007,527.141,46
2939,1008,527.5269999999998,421
2940,1010,529.315,83
2941,1012,531.27,48
2942,1013,528.226,173
2943,136,104.627,53
2944,1068,781.508,100
2945,1014,528.21,521
2946,138,106.173,80
2947,1492,703.0880000000002,531
2948,1494,705.069,599
2949,1018,531.351,50
2950,1021,533.7280000000002,51
2951,1023,535.302,1
2952,1028,540.1659999999998,6
2953,1075,783.27,34
2954,1076,784.216,35
2955,1077,785.203,36
2956,140,107.062,38
2957,141,108.062,23
2958,142,109.032,39
2959,1031,539.112,9
2960,163,53.4352,0
2961,143,109.57,0
2962,1034,541.388,12
2963,145,111.544,84
2964,164,54.3137,1
2965,1035,541.305,13
2966,1039,545.219,17
2967,1040,546.175,18
2968,165,55.2686,2
2969,106,63.4906,65
2970,1045,547.492,22
2971,1046,548.491,23
2972,1047,549.464,24
2973,1048,550.462,25
2974,1050,552.457,27
2975,108,64.9679,35
2976,1053,553.934,30
2977,1083,770.826,38
2978,109,65.4631,68
2979,436,239.276,117
2980,1065,558.942,42
2981,1066,559.942,43
2982,243,129.814,3
2983,1073,565.886,50
2984,1090,765.2869999999998,40
2985,1075,566.835,206
2986,150,111.954,59
2987,1076,565.953,424
2988,1078,567.935,175
2989,244,129.809,54
2990,1079,567.719,899
2991,1084,572.351,177
2992,1496,679.3939999999999,425
2993,1086,573.982,208
2994,1498,681.284,427
2995,1500,683.2339999999998,349
2996,1502,684.607,431
2997,1087,573.322,38
2998,154,114.971,106
2999,157,117.948,66
3000,358,160.033,273
3001,360,161.715,127
3002,159,119.217,43
3003,1088,571.174,39
3004,1089,572.136,656
3005,1097,756.552,31
3006,1098,757.512,32
3007,1099,758.505,33
3008,1100,759.5039999999998,34
3009,1101,760.4810000000001,35
3010,160,119.985,115
3011,163,122.984,93
3012,1505,682.831,255
3013,6,5.32984,4
3014,1102,760.387,80
3015,1103,761.3389999999998,81
3016,1506,683.533,433
3017,1508,685.505,435
3018,437,235.053,299
3019,1104,760.835,68
3020,1105,761.831,69
3021,1106,762.828,70
3022,1107,763.812,71
3023,1108,764.804,72
3024,439,236.971,119
3025,1109,765.798,73
3026,1093,574.268,252
3027,361,162.048,128
3028,362,162.966,129
3029,363,163.86,130
3030,364,164.859,131
3031,1113,762.3539999999998,74
3032,1114,763.331,75
3033,1115,764.316,76
3034,1116,765.31,77
3035,1117,766.299,78
3036,1118,767.061,79
3037,165,123.154,95
3038,1119,767.312,80
3039,1120,768.297,81
3040,1121,769.127,82
3041,1122,770.1260000000002,83
3042,1123,771.081,84
3043,1124,772.048,85
3044,88,42.272,45
3045,247,129.565,115
3046,112,65.494,37
3047,168,125.36,47
3048,277,116.75,74
3049,113,66.4292,40
3050,1094,563.539,52
3051,279,117.98,47
3052,1128,764.0039999999998,870
3053,169,123.439,102
3054,1514,671.784,541
3055,172,126.427,49
3056,173,127.423,51
3057,174,128.41,21
3058,365,161.55100000000004,132
3059,366,162.547,133
3060,176,130.142,50
3061,177,130.95,52
3062,367,163.082,282
3063,369,164.66,284
3064,178,130.768,22
3065,1517,669.199,543
3066,179,131.56799999999998,53
3067,3,2.35022,0
3068,180,132.27100000000002,117
3069,183,135.233,107
3070,440,227.991,120
3071,441,228.977,8
3072,4,3.33449,4
3073,6,5.33437,2
3074,185,136.929,56
3075,7,6.3179300000000005,4
3076,1141,753.4839999999998,336
3077,442,229.31,182
3078,443,230.31,65
3079,444,231.286,121
3080,280,116.075,48
3081,446,232.322,60
3082,92,44.5019,56
3083,186,136.787,75
3084,1522,667.8810000000002,547
3085,447,233.262,183
3086,189,139.572,64
3087,448,233.992,184
3088,449,234.975,123
3089,1146,752.818,453
3090,1526,670.248,615
3091,1528,672.198,105
3092,450,235.564,124
3093,451,236.547,185
3094,893,231.566,98
3095,1532,675.822,83
3096,1533,676.508,913
3097,1537,680.508,917
3098,1543,686.32,363
3099,1167,771.047,41
3100,371,164.196,286
3101,1544,686.2739999999999,364
3102,452,236.852,377
3103,373,165.364,288
3104,1545,684.49,624
3105,1095,540.989,0
3106,1547,686.404,561
3107,1549,688.3989999999999,196
3108,1096,541.961,1
3109,1097,542.957,230
3110,1098,543.956,231
3111,1168,766.058,0
3112,1550,689.347,0
3113,1099,544.9209999999998,2
3114,1551,689.6039999999998,367
3115,455,238.379,187
3116,1170,766.613,2
3117,1553,690.692,473
3118,456,239.082,1
3119,1555,692.449,475
3120,1173,766.788,43
3121,191,138.611,59
3122,192,139.583,113
3123,895,231.71,99
3124,194,140.78,61
3125,195,141.727,116
3126,249,124.087,120
3127,1100,539.265,210
3128,252,126.778,111
3129,254,128.518,27
3130,255,129.512,8
3131,256,130.506,28
3132,1557,686.115,371
3133,375,164.576,0
3134,1558,684.0989999999998,377
3135,282,114.852,8
3136,457,235.278,126
3137,458,236.272,127
3138,283,115.825,9
3139,1560,684.3860000000002,260
3140,1561,685.368,261
3141,1562,686.31,262
3142,1563,687.194,373
3143,198,142.07,118
3144,258,131.314,51
3145,1564,687.382,44
3146,261,134.18,74
3147,201,144.796,79
3148,1565,688.172,374
3149,264,137.153,5
3150,459,236.557,128
3151,1566,689.125,263
3152,1567,690.0930000000002,572
3153,1569,691.966,45
3154,284,116.426,10
3155,285,117.412,11
3156,1573,694.304,385
3157,1575,694.5930000000002,576
3158,460,236.153,129
3159,203,145.599,57
3160,266,138.24,47
3161,376,163.439,5
3162,461,236.742,130
3163,462,237.51,131
3164,1103,530.476,179
3165,204,146.026,90
3166,206,148.025,27
3167,207,148.983,58
3168,208,149.983,124
3169,463,238.311,320
3170,465,240.134,189
3171,466,241.069,133
3172,210,151.674,126
3173,467,242.007,190
3174,377,163.829,290
3175,379,165.799,139
3176,380,166.632,209
3177,382,168.63099999999997,211
3178,115,62.3118,3
3179,468,241.647,134
3180,1577,689.7560000000002,379
3181,1578,690.7560000000002,380
3182,1579,691.755,381
3183,384,170.12599999999995,213
3184,1104,526.7040000000002,53
3185,1109,530.1709999999998,58
3186,116,62.7408,4
3187,117,63.7397,39
3188,118,64.7064,5
3189,1551,1097.6,61
3190,1111,531.307,52
3191,119,65.6275,6
3192,1112,526.575,59
3193,1675,770.454,389
3194,386,168.548,215
3195,471,238.548,393
3196,1553,1071.2,203
3197,1677,770.466,391
3198,474,241.307,204
3199,1678,770.0010000000002,271
3200,1680,765.28,393
3201,1681,766.273,272
3202,1682,767.2669999999998,273
3203,1683,768.2639999999999,394
3204,1684,769.206,395
3205,1685,769.263,396
3206,1584,1084.3,1328
3207,1686,766.8969999999998,671
3208,213,145.18200000000004,28
3209,1600,1092.06,104
3210,271,135.555,38
3211,1601,1090.29,105
3212,1688,766.13,603
3213,1690,767.357,206
3214,1604,1080.53,589
3215,389,166.834,217
3216,214,143.739,61
3217,1609,1083.55,734
3218,1113,508.64,60
3219,1614,1088.47,73
3220,1615,1089.15,739
3221,1692,762.43,675
3222,1694,764.3660000000001,608
3223,1696,765.553,610
3224,1698,767.4960000000002,612
3225,215,144.376,62
3226,476,235.803,329
3227,122,64.89699999999999,110
3228,166,48.6903,39
3229,1702,765.925,405
3230,1703,766.8610000000001,406
3231,216,144.004,131
3232,218,145.81799999999996,69
3233,219,146.809,64
3234,1704,765.502,407
3235,220,147.44,65
3236,221,148.425,66
3237,1627,1082.63,214
3238,1628,1083.62,215
3239,1629,1084.62,216
3240,1630,1085.58,217
3241,1631,1086.58,218
3242,1632,1087.56,219
3243,1633,1088.54,220
3244,1634,1089.49,221
3245,1635,1090.49,222
3246,1636,1091.48,223
3247,1705,765.637,408
3248,1637,1092.46,224
3249,1638,1093.46,225
3250,1639,1094.44,226
3251,1706,766.596,409
3252,1640,1095.34,227
3253,1641,1096.32,228
3254,1642,1097.32,229
3255,1643,1098.31,230
3256,1644,1099.3,231
3257,1645,1100.29,232
3258,1646,1101.16,233
3259,1707,767.455,410
3260,1708,768.452,411
3261,1647,1102.07,234
3262,1709,769.423,412
3263,1648,1103.03,235
3264,1710,770.4060000000002,689
3265,1649,1103.99,236
3266,1650,1104.95,237
3267,1651,1105.94,238
3268,1652,1106.93,239
3269,1653,1107.92,240
3270,1654,1108.91,241
3271,1655,1109.52,242
3272,1656,1109.57,243
3273,1712,769.2610000000002,414
3274,222,148.366,137
3275,1658,1106.57,309
3276,1660,1108.57,113
3277,1713,770.044,415
3278,1715,771.966,416
3279,1661,1109.41,245
3280,1662,1110.07,246
3281,1663,1109.8,247
3282,1716,772.117,278
3283,1717,773.0989999999998,417
3284,1664,1110.67,52
3285,1665,1111.54,114
3286,1666,1112.46,248
3287,1667,1113.46,115
3288,1668,1114.31,249
3289,1669,1115.3,250
3290,1670,1116.04,251
3291,1671,1117.03,252
3292,1672,1117.93,253
3293,1673,1118.86,254
3294,1674,1119.84,255
3295,1675,1119.67,256
3296,1676,1120.66,257
3297,1677,1121.66,258
3298,1678,1122.63,259
3299,1679,1123.59,260
3300,1680,1124.59,261
3301,1681,1125.57,262
3302,1682,1126.57,263
3303,1683,1127.56,264
3304,1684,1128.53,265
3305,1685,1129.52,266
3306,1686,1130.48,116
3307,1687,1131.48,267
3308,1688,1132.46,268
3309,1689,1133.44,269
3310,1690,1134.44,270
3311,1691,1135.42,271
3312,1692,1136.37,272
3313,1693,1137.34,273
3314,1696,1140.1,275
3315,1697,1141.05,276
3316,1718,772.596,697
3317,1720,774.5419999999998,699
3318,1730,783.8430000000002,281
3319,288,111.576,47
3320,1731,784.735,420
3321,1702,1143.9,277
3322,1703,1144.9,278
3323,1704,1145.89,279
3324,289,112.52,48
3325,1732,784.709,703
3326,1734,786.659,44
3327,1735,786.3539999999998,283
3328,290,113.032,49
3329,1736,785.205,284
3330,1721,1154.14,161
3331,391,164.502,299
3332,291,114.016,126
3333,1722,1154.78,280
3334,1737,785.8910000000002,422
3335,1738,786.8910000000002,423
3336,294,116.99,51
3337,1739,787.868,709
3338,295,117.962,52
3339,478,231.412,331
3340,1741,788.9010000000002,286
3341,1723,1153.46,281
3342,1724,1154.46,282
3343,1725,1153.2,162
3344,1726,1154.2,163
3345,296,118.651,53
3346,224,147.54399999999995,139
3347,226,149.52100000000004,0
3348,1743,788.3910000000002,51
3349,1744,789.263,287
3350,297,119.393,54
3351,227,149.412,1
3352,228,150.405,72
3353,229,151.40200000000004,73
3354,298,119.928,55
3355,273,130.832,37
3356,1730,1145.36,283
3357,1731,1146.34,284
3358,1732,1147.21,402
3359,1734,1149.2,286
3360,1735,1150.19,287
3361,1736,1151.12,288
3362,1737,1152.11,289
3363,1738,1153.03,290
3364,1739,1154.03,291
3365,1740,1155.03,292
3366,1741,1156.02,293
3367,1742,1157.02,294
3368,1743,1157.99,295
3369,1744,1158.97,296
3370,1745,1159.94,297
3371,1746,1160.93,298
3372,1747,1161.91,54
3373,1748,1162.9,164
3374,1749,1163.86,417
3375,1751,1165.85,114
3376,1752,1165.13,119
3377,1753,1166.12,120
3378,230,151.85299999999995,143
3379,1754,1167.1,115
3380,1755,1168.08,116
3381,232,153.822,24
3382,1756,1168.81,300
3383,233,154.806,29
3384,1757,1169.71,301
3385,1114,490.383,232
3386,480,230.691,333
3387,235,156.766,75
3388,168,49.5323,10
3389,1115,491.276,253
3390,1116,491.918,487
3391,1759,1169.69,117
3392,1118,493.815,646
3393,1760,1170.33,118
3394,1761,1171.31,107
3395,236,157.485,78
3396,1121,496.719,393
3397,1123,498.716,234
3398,1124,499.699,438
3399,299,119.811,56
3400,239,159.028,149
3401,241,161.016,30
3402,242,161.986,79
3403,243,162.975,25
3404,244,163.97,111
3405,247,166.96900000000005,9
3406,248,167.967,26
3407,1771,1170.02,122
3408,1772,1170.85,304
3409,1773,1171.81,123
3410,249,168.69400000000005,212
3411,253,172.692,33
3412,254,173.68900000000005,74
3413,8,5.72435,5
3414,1745,775.6610000000002,288
3415,256,175.36900000000003,10
3416,1774,1168.66,305
3417,1747,776.546,289
3418,257,176.301,81
3419,1775,1169.6,306
3420,1748,777.405,425
3421,482,230.056,325
3422,1749,777.55,716
3423,1751,779.515,718
3424,1753,781.46,720
3425,1755,783.378,722
3426,485,232.442,142
3427,126,65.2872,41
3428,1757,782.0189999999999,294
3429,1758,782.914,295
3430,487,233.732,203
3431,1759,783.778,726
3432,489,235.676,3
3433,169,49.8402,44
3434,258,175.201,157
3435,260,177.167,83
3436,1762,782.252,212
3437,1763,783.2510000000002,644
3438,127,65.7026,42
3439,1765,780.825,729
3440,261,176.06099999999995,160
3441,1127,489.874,448
3442,490,233.667,70
3443,1129,490.605,258
3444,1769,782.2410000000001,434
3445,263,177.055,162
3446,265,179.047,34
3447,1770,781.534,214
3448,491,233.05,142
3449,1771,780.13,215
3450,1772,781.1010000000001,216
3451,266,178.989,39
3452,492,234.003,196
3453,1774,782.063,299
3454,300,117.104,22
3455,301,118.032,84
3456,128,65.1747,78
3457,493,232.71400000000003,197
3458,1777,778.1080000000002,300
3459,494,233.645,143
3460,1796,796.172,302
3461,1798,798.1289999999998,47
3462,276,126.371,166
3463,1130,479.496,183
3464,495,231.759,71
3465,0,0.0,0
3466,303,118.058,54
3467,1802,791.88,437
3468,1131,479.275,0
3469,1135,482.768,62
3470,130,65.7484,82
3471,2,1.97295,1
3472,1804,789.07,552
3473,6,5.9587900000000005,5
3474,282,130.517,38
3475,283,131.501,39
3476,269,173.861,78
3477,270,174.861,87
3478,271,175.657,167
3479,273,175.915,169
3480,496,224.555,270
3481,277,175.68599999999995,81
3482,278,176.65,173
3483,282,180.33,29
3484,288,185.884,93
3485,290,186.55,199
3486,296,192.179,36
3487,297,193.179,37
3488,1136,460.911,443
3489,1138,462.883,260
3490,1139,463.848,1
3491,1140,463.776,446
3492,1142,465.644,2
3493,1143,466.106,214
3494,1144,467.106,236
3495,132,63.5238,37
3496,8,7.138260000000002,7
3497,1145,464.742,41
3498,300,190.73,117
3499,1146,465.691,42
3500,286,126.172,7
3501,287,126.06,131
3502,290,129.06,134
3503,1861,785.8389999999998,118
3504,1862,786.7919999999998,340
3505,305,111.26,62
3506,0,0.0,0
3507,2,1.99504,2
3508,6,5.99399,4
3509,1147,457.502,452
3510,1865,782.327,310
3511,1869,785.9680000000002,782
3512,1872,788.315,523
3513,1902,817.988,315
3514,1903,818.9739999999998,449
3515,1904,819.2410000000001,122
3516,307,112.123,238
3517,1905,815.4860000000001,766
3518,1907,817.405,768
3519,1910,819.998,771
3520,1912,821.941,320
3521,1913,822.939,321
3522,174,49.9244,5
3523,175,50.922,6
3524,176,51.916,7
3525,317,121.461,14
3526,318,122.454,15
3527,319,123.453,16
3528,138,66.2347,45
3529,304,182.783,121
3530,1916,815.7,453
3531,1922,819.699,454
3532,141,68.4334,46
3533,1924,815.863,670
3534,1927,818.633,458
3535,293,126.597,45
3536,1930,819.186,63
3537,1931,819.321,322
3538,1932,820.293,323
3539,1935,823.2230000000002,225
3540,142,68.8348,38
3541,297,129.746,49
3542,8,7.225460000000001,6
3543,177,51.3309,8
3544,306,178.575,220
3545,12,11.225,10
3546,309,181.566,188
3547,178,52.3279,9
3548,311,183.534,102
3549,313,185.53,191
3550,1149,437.857,238
3551,14,13.0291,6
3552,320,119.052,66
3553,299,129.263,126
3554,10,5.36196,5
3555,324,122.719,86
3556,316,184.112,127
3557,1937,795.8960000000002,326
3558,1938,796.694,118
3559,1940,794.79,327
3560,1941,795.327,2
3561,1942,793.668,328
3562,318,181.508,194
3563,320,183.114,94
3564,326,120.689,61
3565,1943,781.857,1139
3566,1150,422.578,216
3567,1947,784.987,330
3568,321,182.297,197
3569,1948,785.7739999999999,331
3570,1949,786.029,332
3571,323,184.032,135
3572,325,186.026,97
3573,326,186.732,60
3574,10,7.319210000000001,5
3575,1950,779.643,333
3576,1951,780.6419999999998,461
3577,13,10.2757,8
3578,1952,778.555,690
3579,1954,779.387,334
3580,1955,780.194,692
3581,1957,781.689,335
3582,1958,782.6260000000002,336
3583,328,184.968,175
3584,1959,782.446,337
3585,21,18.0864,11
3586,1960,782.3610000000001,338
3587,331,187.358,38
3588,301,122.087,128
3589,303,124.052,92
3590,1961,769.5930000000002,339
3591,304,124.917,93
3592,305,125.916,94
3593,180,49.9973,11
3594,1964,759.727,694
3595,1151,404.346,186
3596,1152,405.346,53
3597,1153,406.342,271
3598,1967,761.9860000000001,356
3599,1969,763.982,341
3600,328,116.27,70
3601,16,12.639,13
3602,19,15.6389,8
3603,20,16.6345,17
3604,23,19.5926,2
3605,332,179.64700000000005,227
3606,1970,760.893,464
3607,1155,406.205,218
3608,1971,761.191,465
3609,1156,406.80800000000005,505
3610,1159,409.785,242
3611,1161,411.742,482
3612,1972,756.46,1042
3613,1976,760.451,56
3614,1163,411.211,240
3615,1977,761.327,127
3616,335,179.812,167
3617,1978,760.587,97
3618,338,181.106,66
3619,340,183.097,205
3620,342,185.095,184
3621,345,188.094,236
3622,348,191.093,106
3623,1979,756.7560000000002,467
3624,1981,758.683,469
3625,25,20.7471,13
3626,1983,760.558,704
3627,28,23.7446,16
3628,31,26.676,16
3629,33,28.63,21
3630,350,192.447,108
3631,1985,760.841,704
3632,35,30.6265,23
3633,351,193.437,109
3634,37,32.6187,25
3635,352,194.405,214
3636,1164,407.797,773
3637,1168,411.779,242
3638,159,72.8787,90
3639,1988,757.0939999999998,1055
3640,1992,761.0930000000002,130
3641,163,76.3912,107
3642,39,33.8595,3
3643,42,36.8484,6
3644,45,39.8448,11
3645,50,44.5334,22
3646,53,47.5327,25
3647,2002,756.8939999999999,349
3648,2003,757.058,350
3649,383,217.302,113
3650,2004,755.4639999999998,236
3651,384,217.878,114
3652,385,218.846,115
3653,2005,754.3910000000002,719
3654,2008,757.295,370
3655,2010,758.6080000000002,239
3656,2014,758.678,1049
3657,2017,761.678,676
3658,2020,764.678,714
3659,2022,766.678,356
3660,2023,767.678,473
3661,386,216.878,107
3662,387,217.857,108
3663,56,47.6766,28
3664,59,50.6649,31
3665,388,216.631,116
3666,62,53.17,17
3667,64,55.1593,19
3668,66,57.1457,26
3669,68,59.1455,28
3670,70,61.1454,30
3671,72,63.1453,32
3672,74,65.1452,34
3673,76,67.0344,26
3674,389,217.203,45
3675,84,74.9347,37
3676,2039,774.7589999999999,362
3677,2040,775.753,363
3678,2041,776.753,364
3679,390,216.036,152
3680,2043,773.904,477
3681,2044,774.783,478
3682,392,217.954,154
3683,394,219.662,156
3684,2045,772.9939999999998,609
3685,330,109.219,51
3686,2047,772.972,479
3687,2048,773.972,16
3688,2050,775.972,481
3689,2051,776.971,482
3690,166,74.3808,49
3691,24,16.8669,3
3692,331,109.84,59
3693,1169,389.509,507
3694,1173,393.449,222
3695,1174,394.448,223
3696,2052,773.299,244
3697,1176,396.216,224
3698,332,110.53,60
3699,1177,397.189,225
3700,1178,397.759,226
3701,1179,398.396,227
3702,1180,396.894,189
3703,25,17.2723,4
3704,2053,755.025,367
3705,2055,756.3789999999998,245
3706,89,73.3366,21
3707,13,6.65648,3
3708,14,7.65545,13
3709,17,10.6545,11
3710,19,12.64,12
3711,21,14.6387,14
3712,23,16.6321,16
3713,25,18.6286,18
3714,26,17.8908,5
3715,91,74.6162,39
3716,93,76.6049,19
3717,27,18.6259,17
3718,1181,387.714,228
3719,30,21.5842,7
3720,31,22.5842,8
3721,32,23.5841,5
3722,34,25.584,23
3723,306,109.458,53
3724,1182,386.227,56
3725,1183,387.227,190
3726,1185,388.949,57
3727,94,74.7091,3
3728,169,72.4408,40
3729,170,73.4406,41
3730,171,74.4381,50
3731,181,45.3497,11
3732,333,105.64,52
3733,95,73.4824,42
3734,97,75.4822,44
3735,99,77.4813,46
3736,27,18.9283,20
3737,29,20.9275,12
3738,30,21.8807,23
3739,1194,388.469,230
3740,1195,389.228,555
3741,1198,392.186,477
3742,337,108.047,59
3743,396,195.006,112
3744,405,203.985,114
3745,406,204.397,118
3746,338,107.812,61
3747,339,108.811,131
3748,1200,389.3130000000001,232
3749,182,45.1642,52
3750,341,110.585,72
3751,342,111.409,73
3752,407,202.58900000000003,151
3753,409,204.581,120
3754,410,205.291,115
3755,411,206.254,168
3756,413,208.253,48
3757,414,208.897,49
3758,13,7.65633,6
3759,415,206.706,122
3760,343,110.036,88
3761,2,1.99534,0
3762,2056,687.8530000000002,487
3763,2058,689.8510000000001,369
3764,417,205.333,286
3765,39,26.0807,18
3766,41,28.0384,11
3767,185,46.6482,46
3768,10,9.68609,1
3769,1201,374.485,247
3770,13,12.6638,2
3771,1202,374.704,193
3772,1203,375.684,194
3773,1204,375.617,195
3774,14,13.4842,2
3775,15,14.4838,3
3776,16,15.4826,4
3777,1205,376.259,248
3778,1206,376.854,196
3779,1207,377.815,197
3780,1208,378.51,198
3781,101,68.9087,25
3782,1781,654.487,119
3783,189,49.6671,49
3784,42,27.8764,30
3785,103,70.1111,27
3786,348,110.805,74
3787,46,31.8116,34
3788,49,34.8085,11
3789,104,70.985,28
3790,1209,374.965,199
3791,420,197.821,241
3792,1210,373.454,727
3793,1214,377.426,252
3794,1216,379.302,202
3795,1217,379.976,234
3796,1218,380.975,250
3797,1219,381.975,203
3798,1220,382.937,204
3799,422,198.203,243
3800,424,200.17,119
3801,1221,381.691,46
3802,1222,382.578,738
3803,1226,386.518,265
3804,1228,388.507,207
3805,1229,389.484,256
3806,1231,390.85,209
3807,1232,391.85,1014
3808,1237,396.85,261
3809,1239,398.85,237
3810,1240,399.826,289
3811,355,114.947,61
3812,356,115.847,62
3813,357,116.846,63
3814,1242,401.338,52
3815,1243,399.311,212
3816,50,33.7864,12
3817,51,34.7821,13
3818,1244,400.266,53
3819,1245,401.265,213
3820,1246,402.166,214
3821,1247,403.166,54
3822,1248,404.163,215
3823,1249,405.11800000000005,271
3824,1251,406.83,217
3825,1252,407.819,218
3826,307,96.9255,133
3827,193,51.7289,29
3828,194,52.7068,45
3829,425,195.503,50
3830,426,196.499,51
3831,309,98.6408,42
3832,196,54.3538,134
3833,1254,405.32,60
3834,359,116.39,2
3835,202,59.7488,21
3836,203,60.7487,15
3837,427,193.983,246
3838,431,197.978,128
3839,206,63.6583,32
3840,310,98.3873,5
3841,208,65.6362,55
3842,311,99.2288,193
3843,19,11.5589,3
3844,20,12.5588,4
3845,317,105.201,39
3846,53,35.028,15
3847,54,36.0205,16
3848,105,65.1386,23
3849,106,66.1248,24
3850,108,68.0375,4
3851,319,105.821,41
3852,21,13.2113,7
3853,22,14.1867,8
3854,213,69.0064,17
3855,321,107.071,43
3856,433,193.488,52
3857,435,194.135,54
3858,437,196.13,252
3859,26,17.6534,12
3860,441,199.062,132
3861,323,107.284,90
3862,442,199.18400000000003,133
3863,438,182.442,136
3864,440,184.415,96
3865,442,186.175,168
3866,445,189.15,171
3867,215,68.9817,36
3868,216,69.9695,47
3869,217,70.9683,48
3870,218,71.9175,49
3871,219,72.8889,41
3872,220,73.8861,50
3873,221,74.8838,51
3874,222,75.7659,52
3875,443,199.06,134
3876,325,108.77,92
3877,223,76.5678,53
3878,224,77.5089,37
3879,450,192.575,73
3880,451,193.249,96
3881,225,78.2144,54
3882,49,38.6486,3
3883,453,193.232,81
3884,444,197.381,259
3885,30,20.1826,17
3886,32,22.1825,19
3887,50,38.2177,2
3888,327,107.69,192
3889,331,111.583,99
3890,51,39.111,7
3891,34,23.9588,7
3892,52,39.9073,8
3893,53,40.9061,9
3894,35,24.9232,14
3895,36,25.9191,15
3896,110,63.2484,49
3897,112,65.2473,53
3898,446,193.745,136
3899,447,194.74400000000003,137
3900,57,34.668,21
3901,59,36.6668,23
3902,454,185.784,74
3903,332,111.132,196
3904,230,78.9764,14
3905,448,193.37,56
3906,114,66.0036,39
3907,449,194.174,138
3908,116,67.9301,41
3909,118,69.9114,49
3910,121,72.6553,52
3911,124,75.624,55
3912,65,41.7598,38
3913,67,43.7562,24
3914,68,44.7526,25
3915,54,40.434,12
3916,37,25.9534,20
3917,39,27.953000000000007,22
3918,127,78.2194,30
3919,128,79.2174,58
3920,130,81.2107,77
3921,133,84.2073,60
3922,135,86.2019,62
3923,455,183.908,157
3924,337,114.743,49
3925,56,42.1501,3
3926,137,87.7508,64
3927,57,43.1257,11
3928,58,44.1209,12
3929,59,45.1209,13
3930,60,46.1208,14
3931,61,47.1194,15
3932,69,45.1545,37
3933,142,92.3946,33
3934,143,93.3915,69
3935,145,95.3744,71
3936,147,97.2944,106
3937,150,100.291,75
3938,152,102.215,77
3939,154,104.205,79
3940,156,106.2,81
3941,158,108.197,83
3942,160,110.192,119
3943,163,113.185,78
3944,165,115.16,80
3945,167,117.156,82
3946,169,119.148,90
3947,171,121.142,130
3948,174,124.13,94
3949,176,126.13,135
3950,185,135.06799999999998,93
3951,187,136.936,105
3952,189,138.917,107
3953,191,140.908,109
3954,450,191.819,48
3955,451,192.818,264
3956,453,194.807,140
3957,454,195.798,190
3958,456,197.781,142
3959,457,198.772,143
3960,459,185.828,77
3961,463,189.822,71
3962,458,198.736,144
3963,72,47.3893,54
3964,193,140.961,111
3965,195,142.773,113
3966,197,144.672,115
3967,199,146.421,117
3968,41,28.8105,24
3969,233,78.8474,38
3970,43,30.7531,26
3971,459,197.592,271
3972,461,199.583,146
3973,465,188.359,59
3974,45,32.5441,21
3975,201,144.816,160
3976,204,147.54,163
3977,207,150.525,166
3978,210,153.463,169
3979,53,39.9957,32
3980,55,41.9952,34
3981,1255,355.384,61
3982,1256,356.3780000000001,268
3983,1257,357.3780000000001,253
3984,1258,358.376,239
3985,1259,359.36,240
3986,1260,360.359,269
3987,1261,361.35,254
3988,1262,362.142,270
3989,462,194.987,127
3990,57,42.6313,36
3991,1263,361.2480000000001,241
3992,464,195.415,0
3993,466,180.03599999999997,81
3994,467,180.327,72
3995,468,181.327,73
3996,235,76.5944,97
3997,237,78.5925,56
3998,238,79.5925,43
3999,469,197.572,147
4000,470,197.728,179
4001,341,110.427,49
4002,472,198.205,148
4003,469,179.222,84
4004,470,179.736,31
4005,472,181.718,4
4006,75,45.1891,28
4007,473,182.691,5
4008,76,45.9565,29
4009,473,196.614,279
4010,475,198.321,182
4011,477,200.321,132
4012,478,200.461,133
4013,474,180.622,115
4014,478,184.386,85
4015,479,185.386,86
4016,63,41.7402,4
4017,213,138.303,127
4018,215,140.079,129
4019,77,45.1659,17
4020,78,46.096,7
4021,81,48.9809,30
4022,82,49.9757,18
4023,483,183.399,88
4024,484,183.205,117
4025,84,50.3409,18
4026,86,52.3369,20
4027,88,54.3281,22
4028,90,56.3215,24
4029,92,58.3167,26
4030,1264,339.80800000000005,242
4031,1265,340.80800000000005,243
4032,1266,341.807,271
4033,96,61.9798,23
4034,98,63.9697,31
4035,100,65.9696,19
4036,101,66.9695,12
4037,102,67.9695,19
4038,105,70.9561,15
4039,112,76.9762,49
4040,114,78.8555,51
4041,479,190.101,52
4042,480,189.427,187
4043,482,191.412,285
4044,484,192.485,151
4045,486,178.71099999999996,174
4046,488,180.711,176
4047,486,194.258,136
4048,487,194.936,6
4049,217,128.563,131
4050,219,130.54,133
4051,488,194.519,380
4052,492,198.512,153
4053,492,182.743,92
4054,493,199.465,154
4055,122,83.1224,57
4056,494,198.62,192
4057,496,200.142,7
4058,221,130.195,66
4059,498,199.99,294
4060,500,201.194,140
4061,501,201.665,196
4062,503,202.324,71
4063,509,208.314,392
4064,513,212.064,157
4065,516,215.058,160
4066,517,216.058,161
4067,124,79.8915,59
4068,523,219.498,308
4069,128,81.625,38
4070,0,0.0,0
4071,3,2.99994,1
4072,129,82.6158,39
4073,6,5.98756,0
4074,8,7.9866800000000016,4
4075,131,84.46600000000002,41
4076,226,126.348,17
4077,228,128.34,139
4078,230,130.19299999999998,45
4079,231,131.189,19
4080,233,133.183,141
4081,235,135.178,21
4082,237,137.174,143
4083,245,145.127,25
4084,247,146.99200000000005,147
4085,1268,320.763,255
4086,249,146.335,13
4087,250,147.317,14
4088,1269,319.79,256
4089,1270,320.79,257
4090,1271,319.215,314
4091,1273,321.214,259
4092,256,148.80700000000004,149
4093,258,150.80700000000004,151
4094,264,156.744,78
4095,1274,320.405,57
4096,268,160.586,96
4097,274,166.482,17
4098,1275,320.03,260
4099,275,165.74200000000005,133
4100,277,167.669,135
4101,279,169.37,20
4102,1276,319.692,261
4103,579,235.785,98
4104,1277,319.967,58
4105,280,168.49200000000005,79
4106,282,170.481,21
4107,288,173.275,131
4108,290,175.266,133
4109,292,177.265,159
4110,295,180.071,162
4111,298,183.05900000000003,165
4112,301,186.058,86
4113,303,188.054,170
4114,306,191.049,173
4115,1278,317.921,245
4116,1279,318.921,272
4117,11,9.52291,2
4118,12,10.5228,3
4119,241,64.79899999999999,40
4120,243,66.4674,41
4121,244,67.4655,42
4122,32,11.7583,11
4123,132,74.2266,63
4124,134,76.2266,65
4125,1280,312.732,219
4126,1281,313.711,220
4127,532,200.724,207
4128,534,202.31,208
4129,536,204.245,148
4130,1282,312.467,262
4131,537,202.258,168
4132,538,203.258,169
4133,539,204.255,170
4134,540,204.75,171
4135,541,204.727,172
4136,542,205.726,173
4137,543,206.722,323
4138,1283,310.047,263
4139,1284,311.047,264
4140,1285,312.035,265
4141,547,208.797,176
4142,548,209.797,177
4143,549,210.797,178
4144,551,212.78,180
4145,553,214.543,182
4146,554,215.542,183
4147,555,216.542,184
4148,1286,311.495,246
4149,1287,312.041,547
4150,558,217.572,338
4151,246,66.2988,57
4152,1290,313.737,274
4153,343,88.6962,69
4154,346,91.6476,72
4155,355,100.613,75
4156,357,102.61,77
4157,359,104.532,79
4158,363,108.516,83
4159,1291,312.988,806
4160,666,287.134,379
4161,672,293.134,302
4162,677,298.126,115
4163,679,300.126,33
4164,13,9.56948,4
4165,309,166.804,29
4166,310,167.8,30
4167,311,168.605,31
4168,312,169.59599999999998,109
4169,315,172.592,33
4170,316,173.59099999999995,34
4171,317,174.544,58
4172,1296,313.948,267
4173,1297,314.947,223
4174,1298,315.94,224
4175,1299,316.939,275
4176,1300,317.938,248
4177,318,175.31099999999995,146
4178,320,177.19099999999997,148
4179,14,10.4157,5
4180,1301,314.221,544
4181,390,128.597,27
4182,395,133.252,32
4183,398,136.173,35
4184,718,322.809,174
4185,325,174.035,152
4186,327,176.00799999999995,154
4187,329,177.80700000000004,246
4188,332,180.528,93
4189,333,181.515,250
4190,336,184.497,95
4191,337,185.49,254
4192,341,189.485,258
4193,1303,312.284,4
4194,345,192.747,100
4195,64,27.6972,5
4196,720,311.8040000000001,176
4197,349,189.912,104
4198,351,191.903,106
4199,722,307.3590000000001,76
4200,725,308.973,209
4201,727,310.967,108
4202,136,63.8145,22
4203,137,64.5468,69
4204,728,304.91,109
4205,729,305.825,103
4206,2059,435.733,246
4207,139,65.7147,43
4208,560,191.224,372
4209,357,186.625,94
4210,359,188.625,96
4211,569,200.009,51
4212,143,68.7862,45
4213,360,188.424,71
4214,399,124.83,249
4215,363,189.323,97
4216,364,190.322,98
4217,365,191.321,99
4218,366,192.32,100
4219,148,72.5146,74
4220,150,74.5023,76
4221,152,76.4102,78
4222,732,296.601,106
4223,576,202.624,392
4224,584,210.61900000000003,396
4225,591,217.592,403
4226,598,224.583,414
4227,368,190.019,101
4228,1304,292.706,63
4229,1305,293.704,269
4230,158,79.8574,100
4231,161,82.7316,83
4232,163,84.7038,105
4233,166,87.5882,108
4234,169,90.5831,52
4235,170,91.5764,53
4236,171,92.5707,113
4237,372,190.651,183
4238,374,191.519,105
4239,375,192.517,106
4240,377,194.515,108
