auc,precision,recall,f1measure,gmean,recall20,fp,fn,waste_effort,all_effort
0.787936145,0.626789366,0.626789366,0.626789366,0.707236007,0.616564417,365,365,46475,129141
0.771776692,0.620187305,0.606307223,0.613168724,0.696879362,0.597151577,365,387,47638,130964
0.774024425,0.635258359,0.617125984,0.626060909,0.703363939,0.61023622,360,389,46344,117787
0.788750754,0.658110883,0.634653465,0.646169355,0.717904815,0.618811881,333,369,48074,134468
0.771417892,0.646799117,0.589537223,0.616842105,0.694992378,0.584507042,320,408,37490,104148
0.792502163,0.646443515,0.635149024,0.640746501,0.716311522,0.622816033,338,355,38268,106255
0.783017081,0.644859813,0.622244489,0.633350331,0.708385539,0.614228457,342,377,47113,119500
0.774373818,0.60261194,0.649899396,0.62536302,0.704699133,0.634808853,426,348,53268,124749
0.785156404,0.657731959,0.639278557,0.648373984,0.721278693,0.626252505,332,360,41185,124836
0.787371725,0.660888407,0.608782435,0.633766234,0.709664003,0.603792415,313,392,39235,106432
0.780458824,0.646594274,0.624404194,0.635305529,0.705313284,0.611058151,358,394,48706,127750
0.789422056,0.655543595,0.616396761,0.635367762,0.711218897,0.607287449,320,379,41649,124687
0.796548397,0.647727273,0.638492872,0.643076923,0.718739019,0.631364562,341,355,39674,118480
0.778449144,0.633891213,0.610271903,0.621857363,0.700483937,0.598187311,350,387,38876,126238
0.773779114,0.640425532,0.610547667,0.625129803,0.702632999,0.60040568,338,384,34311,120937
0.796035655,0.681576145,0.620756547,0.649746193,0.718627013,0.611057226,299,391,35052,111192
0.782176914,0.656353591,0.598187311,0.625922023,0.703033743,0.588116818,311,399,34401,101954
0.775930262,0.64,0.608608609,0.623909697,0.699422211,0.601601602,342,391,49987,123224
0.791139109,0.656024717,0.630069238,0.642785066,0.716620406,0.617210682,334,374,40659,128327
0.792977827,0.679958027,0.619502868,0.648324162,0.714649774,0.608986616,305,398,33293,105904
0.775973362,0.629707113,0.604417671,0.616803279,0.69719067,0.595381526,354,394,35364,115594
0.780790683,0.633554084,0.602308499,0.61753631,0.699750927,0.596012592,332,379,36297,110007
0.785075568,0.657505285,0.622,0.639260021,0.712387152,0.612,324,378,51372,132120
0.78556804,0.642487047,0.626262626,0.6342711,0.710549269,0.618181818,345,370,53485,122599
0.788246001,0.664943123,0.620656371,0.642036945,0.711158405,0.611003861,324,393,42657,118329
0.792419086,0.643231899,0.611776447,0.627109974,0.703691894,0.595808383,340,389,45951,136077
0.768266246,0.633149171,0.565646594,0.597497393,0.680087769,0.56071076,332,440,33102,97997
0.779573311,0.649419219,0.616232465,0.632390746,0.707331546,0.604208417,332,383,36157,120609
0.790906538,0.66521265,0.606361829,0.634425377,0.707948159,0.5944334,307,396,43674,131363
0.766697174,0.62755102,0.618090452,0.62278481,0.699198901,0.603015075,365,380,49854,132408
0.779886184,0.639034627,0.617647059,0.628158845,0.70682943,0.609533469,344,377,40238,116363
0.780079523,0.626789366,0.609343936,0.617943548,0.696981009,0.602385686,365,393,47163,117859
0.781345228,0.647586981,0.578156313,0.610905241,0.691710374,0.573146293,314,421,30998,98787
0.775203479,0.638255699,0.634482759,0.636363636,0.708995779,0.618719212,365,371,38770,114419
0.777090211,0.634655532,0.603773585,0.618829517,0.696266237,0.589870904,350,399,51160,143726
0.787721819,0.671945701,0.591633466,0.629237288,0.702320474,0.587649402,290,410,27663,92876
0.775255991,0.642137097,0.616054159,0.628825271,0.702421634,0.599613153,355,397,43485,132450
0.780069767,0.659229209,0.612629595,0.635075721,0.703085135,0.605089538,336,411,42246,104812
0.775230641,0.622736419,0.620862588,0.621798091,0.699939822,0.611835507,375,378,50312,132835
0.790221772,0.668437832,0.625870647,0.646454265,0.718016494,0.617910448,312,376,43702,132294
0.792090644,0.655555556,0.637524558,0.646414343,0.715949998,0.625736739,341,369,50754,134586
0.781136159,0.644153226,0.615606936,0.62955665,0.700409056,0.606936416,353,399,48918,117421
0.800988391,0.660087719,0.625129803,0.642133333,0.71872376,0.614745587,310,361,39782,108553
0.777662046,0.64805058,0.597667638,0.621840243,0.695646091,0.5898931,334,414,58307,134952
0.776682269,0.614285714,0.608695652,0.611477908,0.692411234,0.594539939,378,387,47148,146835
0.77905458,0.648979592,0.627218935,0.637913741,0.711577915,0.613412229,344,378,40928,111923
0.788344993,0.650151668,0.636003956,0.643,0.716142788,0.629080119,346,368,54477,137107
0.772353429,0.629514964,0.606361829,0.617721519,0.695102707,0.595427435,359,396,51726,135197
0.784203563,0.655069583,0.63243762,0.643554688,0.713057685,0.616122841,347,383,40592,141018
0.769077653,0.649945474,0.581463415,0.613800206,0.689632422,0.576585366,321,429,45251,120777
0.784147431,0.642574257,0.628267183,0.635340186,0.709246112,0.619554695,361,384,44679,127990
0.777155417,0.66521265,0.595703125,0.628541989,0.70140599,0.583984375,307,414,41095,134237
0.788687987,0.661052632,0.607938045,0.633383762,0.70491296,0.601161665,322,405,50351,124611
0.772580822,0.632734531,0.618536585,0.625555007,0.698315421,0.604878049,368,391,45487,137058
0.783922461,0.61530715,0.626666667,0.620934959,0.702143696,0.609230769,382,364,42230,110771
0.780648247,0.632149901,0.627201566,0.629666012,0.704423637,0.616438356,373,381,53016,143011
0.783301468,0.64,0.628066732,0.633977216,0.708691527,0.621197252,360,379,43445,127744
0.769854283,0.631302521,0.608299595,0.619587629,0.699011682,0.599190283,351,387,41656,114728
0.762549969,0.609574468,0.589506173,0.599372385,0.685931813,0.579218107,367,399,51624,121694
0.778995776,0.655443322,0.597748209,0.625267666,0.70310954,0.589559877,307,393,46023,128374
0.789181348,0.652866242,0.619335347,0.635658915,0.710710468,0.607250755,327,378,39531,121927
0.784997417,0.627236581,0.636730575,0.631947922,0.709515171,0.624621594,375,360,43801,114721
0.788858269,0.647777778,0.59127789,0.618239661,0.697205465,0.580121704,317,403,39463,121555
0.791309779,0.644723093,0.629591837,0.63706763,0.714472112,0.616326531,340,363,38810,137145
0.777303062,0.639412998,0.611222445,0.625,0.702256991,0.603206413,344,388,37607,129636
0.77632948,0.664915966,0.615758755,0.639393939,0.708393926,0.607976654,319,395,36288,111478
0.790149767,0.672043011,0.61515748,0.642343268,0.713171803,0.606299213,305,391,43183,134901
0.778644276,0.66075388,0.586037365,0.621156853,0.694362775,0.582104228,306,421,36472,110401
0.765497545,0.64787234,0.597058824,0.621428571,0.696300811,0.585294118,331,411,52108,128098
0.779403597,0.653361345,0.617063492,0.634693878,0.70862374,0.612103175,330,386,43301,122601
0.769933687,0.625254582,0.613386613,0.619263742,0.698307822,0.607392607,368,387,48102,116176
0.784506235,0.663366337,0.586575875,0.622612287,0.69678579,0.582684825,306,425,38720,106319
0.778708434,0.656182213,0.589668616,0.621149897,0.695830794,0.578947368,317,421,52823,138283
0.784448147,0.65,0.615992103,0.63253928,0.707273071,0.6011846,336,389,52528,138385
0.77050679,0.64787234,0.608391608,0.627511592,0.701466752,0.598401598,331,392,36404,129137
0.786832164,0.642116183,0.623363545,0.63260092,0.710590038,0.616314199,345,374,52658,142485
0.778255319,0.643763214,0.596474045,0.619217082,0.697113555,0.589618022,337,412,41465,133098
0.789338616,0.655982906,0.603143418,0.628454452,0.704119703,0.590373281,322,404,33737,113684
0.793158651,0.653846154,0.621541502,0.637284701,0.70955862,0.611660079,333,383,43678,118638
0.783103912,0.658254469,0.612524462,0.63456665,0.70673933,0.605675147,325,396,41021,118117
0.778022941,0.615309127,0.630784708,0.62295082,0.704140119,0.614688129,392,367,46210,145178
0.791334141,0.645061728,0.614705882,0.629518072,0.704762771,0.603921569,345,393,42765,127221
0.788551581,0.648445874,0.626943005,0.637513172,0.716119301,0.615544041,328,360,52124,135559
0.777998041,0.657054583,0.615236258,0.635458167,0.70623267,0.606557377,333,399,43853,120602
0.774660399,0.635080645,0.623145401,0.629056415,0.703905866,0.610286845,362,381,42142,129062
0.775547702,0.62807377,0.612387612,0.620131512,0.698463774,0.606393606,363,388,51066,123784
0.779051201,0.617790811,0.633901705,0.625742574,0.704471876,0.61885657,391,365,52303,145445
0.791454877,0.641304348,0.639408867,0.640355205,0.71491464,0.625615764,363,366,40363,119980
0.781090035,0.661375661,0.603281853,0.630994447,0.702915761,0.591698842,320,411,41334,124270
0.788028452,0.637931034,0.60040568,0.618599791,0.697629812,0.592292089,336,394,44224,127744
0.775079083,0.638275499,0.625128733,0.631633715,0.710533518,0.618949537,344,364,41003,111070
0.78618262,0.648305085,0.611388611,0.629305913,0.705908821,0.6003996,332,389,43585,114385
0.767701619,0.618461538,0.597029703,0.607556675,0.687615786,0.591089109,372,407,51579,123053
0.782358134,0.644559585,0.615841584,0.629873418,0.704195009,0.605940594,343,388,44023,127724
0.772512675,0.631958763,0.617943548,0.624872579,0.701650764,0.608870968,357,379,44668,115945
0.76878705,0.646929825,0.586481113,0.615224192,0.692052968,0.580516899,322,416,31479,105302
0.775090962,0.6504329,0.59446093,0.62118863,0.698587678,0.585558853,323,410,50055,133190
0.77594896,0.643149284,0.610679612,0.626494024,0.699208588,0.595145631,349,401,54667,140823
0.800362007,0.667398463,0.604373757,0.634324465,0.706576389,0.60139165,303,398,41729,107248
0.77622641,0.65932914,0.613658537,0.635674583,0.705242909,0.60097561,325,396,46027,133101
0.789969179,0.659482759,0.610169492,0.633868462,0.709092572,0.600199402,316,391,39350,121269
0.777012731,0.654952077,0.600585938,0.626591951,0.700727896,0.591796875,324,409,39871,130820
0.775775262,0.656639004,0.611594203,0.633316658,0.704818075,0.606763285,331,402,48697,118802
0.793308338,0.658613445,0.627,0.642418033,0.716217916,0.616,325,373,43444,137284
0.773969406,0.616717635,0.619877049,0.618293306,0.700739486,0.606557377,376,371,46635,125362
0.779282296,0.654811715,0.603664417,0.628198695,0.698842816,0.592092575,330,411,33482,117554
0.770032759,0.618801653,0.612474438,0.615621788,0.696319745,0.601226994,369,379,46985,125005
0.767460344,0.64293305,0.60139165,0.621468927,0.697130115,0.595427435,336,401,49207,120541
0.791680746,0.657407407,0.615014437,0.635504724,0.708114454,0.60827719,333,400,40371,125020
0.778028472,0.621513944,0.611764706,0.616600791,0.692153172,0.602941176,380,396,50568,135990
0.793273071,0.645702306,0.617853561,0.63147104,0.708764948,0.602808425,338,381,49480,135288
0.763359751,0.635565313,0.574404762,0.603439291,0.683702315,0.569444444,332,429,48128,120025
0.782592655,0.646755922,0.624875622,0.63562753,0.71025643,0.615920398,343,377,40810,124519
0.7761167,0.649377593,0.611328125,0.629778672,0.701397498,0.602539063,338,398,41617,125031
0.789213203,0.668351871,0.62952381,0.648357038,0.715683913,0.622857143,328,389,42058,131259
0.785938342,0.657949791,0.610087294,0.633115249,0.705203897,0.605237633,327,402,40296,125797
0.769189806,0.634937238,0.601585728,0.617811705,0.693585883,0.595639247,349,402,47443,116487
0.800003206,0.672906404,0.657362849,0.665043817,0.729388126,0.645813282,332,356,43368,130114
0.770410123,0.602040816,0.609504132,0.605749487,0.690224402,0.587809917,390,378,44720,131251
0.773983864,0.652459016,0.583007813,0.615781331,0.691005817,0.5703125,318,427,33146,114373
0.769791536,0.637526652,0.589162562,0.612391193,0.690059117,0.574384236,340,417,34807,126750
0.774980758,0.646744931,0.603585657,0.624420402,0.702803784,0.593625498,331,398,42943,103213
0.778186444,0.640414508,0.596525097,0.617691154,0.690561558,0.583011583,347,418,43648,118966
0.78951115,0.65179543,0.590729783,0.619762028,0.695434132,0.585798817,320,415,42885,112877
0.792249596,0.658486708,0.625242718,0.641434263,0.711560553,0.613592233,334,386,35970,129693
0.785151803,0.664621677,0.607476636,0.634765625,0.70349463,0.600934579,328,420,37845,124625
0.781027302,0.652445369,0.614705882,0.633013629,0.707066092,0.605882353,334,393,45909,130457
0.791907476,0.64882227,0.607214429,0.627329193,0.704324146,0.594188377,328,392,40878,116101
0.764953684,0.638275499,0.59104187,0.613751264,0.687728717,0.576436222,344,420,46322,132707
0.78362121,0.662983425,0.60483871,0.632577754,0.707249086,0.596774194,305,392,37302,118612
0.775691991,0.618090452,0.623100304,0.620585267,0.70116328,0.612968592,380,372,47513,125808
0.778715979,0.655685441,0.602539063,0.627989822,0.702129978,0.595703125,324,407,31072,112000
0.780470474,0.632398754,0.625899281,0.629132231,0.708846159,0.614594039,354,364,43408,120671
0.777718917,0.637966805,0.606508876,0.621840243,0.698086254,0.594674556,349,399,39950,129362
0.763107791,0.627737226,0.589041096,0.607773852,0.685834233,0.574363992,357,420,42845,134811
0.778375345,0.647374062,0.600995025,0.623323013,0.700818443,0.586069652,329,401,37073,133022
0.781019721,0.677236693,0.588582677,0.629805161,0.701789274,0.581692913,285,418,32278,118184
0.784364679,0.652128764,0.6021093,0.626121635,0.697933542,0.594439118,335,415,47228,141015
0.777542033,0.623589744,0.614762386,0.619144603,0.701052047,0.605662285,367,381,59090,150434
0.786614752,0.64973545,0.62082912,0.634953464,0.711311175,0.612740142,331,375,52934,146424
0.773737423,0.634273772,0.606393606,0.620020429,0.698539444,0.596403596,350,394,38690,132220
0.798180575,0.66010929,0.605817452,0.631799163,0.707503287,0.598796389,311,393,38287,129212
0.794905917,0.66395112,0.637341153,0.650374065,0.721273207,0.625610948,330,371,43595,129260
0.787228043,0.653167186,0.628371628,0.640529532,0.713907146,0.614385614,334,372,40481,121301
0.778361354,0.646231156,0.613549618,0.629466471,0.700048523,0.606870229,352,405,60509,121097
0.777994615,0.645962733,0.617210682,0.631259484,0.704248919,0.606330366,342,387,42612,112145
0.79390676,0.648702595,0.642927794,0.645802285,0.719504511,0.619188922,352,361,35577,136264
0.759380601,0.603281853,0.605620155,0.604448743,0.683338639,0.597868217,411,407,47288,122772
0.773854632,0.64055794,0.590504451,0.614513639,0.694127292,0.580613254,335,414,40825,143012
0.787071892,0.639004149,0.617234469,0.627930683,0.704478443,0.607214429,348,382,50564,117992
0.796606796,0.661572052,0.60782347,0.633559854,0.708454,0.598796389,310,391,35009,115805
0.796011401,0.641434263,0.653807107,0.647561589,0.723068037,0.643654822,360,341,55919,129657
0.779288913,0.643712575,0.617816092,0.630498534,0.701373997,0.605363985,357,399,49791,142406
0.790259714,0.6608506,0.592375367,0.624742268,0.701098152,0.581622678,311,417,37154,111967
0.77861547,0.634304207,0.603076923,0.61829653,0.699595813,0.597948718,339,387,42535,115117
0.787048944,0.663975782,0.627264061,0.645098039,0.713666589,0.616777884,333,391,47270,137147
0.793361454,0.659509202,0.625606208,0.642110503,0.7099732,0.610087294,333,386,38504,121328
0.799064274,0.678286853,0.641847314,0.659564165,0.724783967,0.630537229,323,380,34471,120243
0.763384355,0.615384615,0.638722555,0.626836435,0.704209823,0.625748503,400,362,64604,148076
0.786196717,0.66527633,0.621832359,0.642821159,0.711841319,0.607212476,321,388,37507,122255
0.783847001,0.633403361,0.608476287,0.620689655,0.698341562,0.591321897,349,388,50670,129803
0.794841198,0.654101996,0.598377282,0.625,0.704049339,0.588235294,312,396,40207,132598
0.784658105,0.661341853,0.603498542,0.631097561,0.703788219,0.595724004,318,408,32374,105646
0.768215561,0.632478632,0.59437751,0.612836439,0.693432358,0.580321285,344,404,41683,124659
0.770071656,0.652173913,0.611057226,0.63094642,0.703324515,0.605237633,336,401,41246,114103
0.792202917,0.653414883,0.630285152,0.641641642,0.715096795,0.621435595,340,376,46940,136034
0.789921372,0.646008403,0.619959677,0.632716049,0.709806262,0.609879032,337,377,42675,116351
0.771549343,0.628657921,0.614398422,0.621446384,0.698581233,0.604536489,368,391,52220,138598
0.783326593,0.656283566,0.601377953,0.627632255,0.701541601,0.592519685,320,405,32539,124583
0.790874095,0.637037037,0.616803279,0.626756897,0.705983673,0.604508197,343,374,36039,103790
0.780302876,0.672335601,0.581372549,0.623554154,0.696084026,0.571568627,289,427,36891,115496
0.779504296,0.660695469,0.614705882,0.636871508,0.709581763,0.600980392,322,393,43611,135182
0.772088213,0.63562753,0.606763285,0.620860109,0.694782765,0.591304348,360,407,52960,135786
0.777299281,0.661490683,0.613832853,0.6367713,0.707319977,0.601344861,327,402,48715,129909
0.774776543,0.616784631,0.617408907,0.617096611,0.698405426,0.601214575,379,378,56976,133742
0.798698083,0.668776371,0.634634635,0.651258346,0.72335706,0.621621622,314,365,46091,144936
0.770869666,0.640341515,0.589390963,0.613810742,0.690454943,0.580550098,337,418,46838,132610
0.775085858,0.670820353,0.60657277,0.637080868,0.705121586,0.600938967,317,419,31528,109583
0.791061536,0.635029354,0.666324435,0.650300601,0.7275389,0.648870637,373,325,52195,133432
0.800247946,0.665207877,0.609218437,0.635983264,0.711253078,0.597194389,306,390,46365,123967
0.779810078,0.647843943,0.615609756,0.631315658,0.702333593,0.608780488,343,394,45534,120748
0.78525752,0.6507431,0.622335025,0.636222107,0.711197702,0.607106599,329,372,31523,122627
0.777317299,0.659871245,0.607107601,0.632390746,0.705783788,0.599210267,317,398,44212,126670
0.785905045,0.638506876,0.629235237,0.633837153,0.707474438,0.620522749,368,383,44646,122016
0.77743075,0.628877005,0.606811146,0.617647059,0.700615515,0.599587203,347,381,43226,102671
0.782198162,0.6485623,0.600591716,0.623655914,0.697582174,0.59270217,330,405,42652,136073
0.776311125,0.626252505,0.621272366,0.623752495,0.702110132,0.603379722,373,381,44585,121742
0.796391494,0.659482759,0.616935484,0.6375,0.711806669,0.603830645,316,380,33821,123333
0.778998978,0.6433942,0.610601427,0.626569038,0.705587777,0.603465851,332,382,35934,115005
0.773730692,0.646868251,0.594246032,0.619441572,0.6967826,0.58531746,327,409,49058,119282
0.783398112,0.635666347,0.644314869,0.63996139,0.712036474,0.621963071,380,366,46332,139161
0.7816204,0.642105263,0.618661258,0.630165289,0.706019981,0.609533469,340,376,42231,120635
0.779258904,0.659914712,0.606268364,0.631955079,0.706611318,0.594515181,319,402,42433,114547
0.784443959,0.651041667,0.598086124,0.623441397,0.696477256,0.589473684,335,420,42921,129900
0.792943294,0.661717922,0.614173228,0.637059724,0.71128717,0.606299213,319,392,32901,113364
0.774158416,0.631733595,0.631733595,0.631733595,0.70715208,0.620959843,376,376,48439,140168
0.78407498,0.644302449,0.606820461,0.625,0.701696341,0.59779338,334,392,43881,131025
0.783846718,0.62800418,0.617043121,0.622475401,0.704377382,0.608829569,356,373,42341,112386
0.783261508,0.650712831,0.625857003,0.638042936,0.711755909,0.617042116,343,382,45844,129679
0.787532476,0.648648649,0.625250501,0.636734694,0.710803891,0.614228457,338,374,49835,141853
0.783179483,0.653444676,0.617357002,0.634888438,0.707603122,0.605522682,332,388,50363,147459
0.775654006,0.617502458,0.609708738,0.61358085,0.692381304,0.6,389,402,44356,122546
0.764200112,0.623578077,0.603,0.613116421,0.693044175,0.597,364,397,50021,122912
0.783358259,0.638341969,0.60990099,0.623797468,0.701826625,0.593069307,349,394,45645,136468
0.773244428,0.641213389,0.600391773,0.620131512,0.69472851,0.586679726,343,408,50852,151419
0.774228704,0.662337662,0.593023256,0.625766871,0.697630311,0.574612403,312,420,50334,142322
0.777589697,0.649450549,0.592778335,0.619821709,0.69541379,0.584754263,319,406,35228,106021
0.780930675,0.646744931,0.602385686,0.623777663,0.699308015,0.592445328,331,400,39646,128707
0.783233362,0.64978903,0.619095477,0.634071024,0.710433757,0.610050251,332,379,37448,120440
0.77828388,0.625954198,0.595435685,0.610313663,0.693693453,0.589211618,343,390,40165,117119
0.776563799,0.615384615,0.643863179,0.629301868,0.707037986,0.636820926,400,354,49067,137709
0.77832691,0.641260163,0.624752475,0.632898696,0.708102595,0.60990099,353,379,36805,114422
0.780623301,0.656084656,0.615079365,0.634920635,0.708574076,0.604166667,325,388,39885,144863
0.770017462,0.614271938,0.638276553,0.626044226,0.702990802,0.619238477,400,361,46583,129959
0.78632823,0.619732785,0.616564417,0.618144541,0.701212632,0.600204499,370,375,47019,126032
0.785159387,0.649298597,0.634050881,0.641584158,0.715530488,0.624266145,350,374,44190,128002
0.78354741,0.629511677,0.613871636,0.621593291,0.704567127,0.607660455,349,373,45657,124495
0.784433935,0.650380022,0.597804391,0.622984919,0.699931939,0.586826347,322,403,34579,115347
0.785770914,0.631790744,0.629889669,0.630838774,0.708084564,0.615847543,366,369,57054,149828
0.785336972,0.648648649,0.620895522,0.634468734,0.709869852,0.611940299,338,381,43094,126220
0.77580035,0.634397528,0.607495069,0.620654912,0.6995638,0.59270217,355,398,51655,137319
0.776654739,0.633642931,0.618951613,0.626211117,0.705470777,0.61391129,355,378,46103,109867
0.780616186,0.668058455,0.60434372,0.63460585,0.703624702,0.59490085,318,419,31412,106435
0.781614336,0.653846154,0.615459883,0.634072581,0.705746667,0.6037182,333,393,41300,117200
0.774458572,0.640280561,0.62955665,0.634873323,0.708730059,0.612807882,359,376,48222,137989
0.789218583,0.639957265,0.613101331,0.626241505,0.706049665,0.603889458,337,378,35196,109812
0.782473595,0.617043121,0.617043121,0.617043121,0.699917503,0.610882957,373,373,57599,135742
0.779616425,0.630501535,0.628571429,0.629535003,0.710142891,0.619387755,361,364,42066,119105
0.783762484,0.646315789,0.59902439,0.621772152,0.697778642,0.589268293,336,411,49171,130144
0.787369711,0.644779333,0.607505071,0.625587467,0.705146703,0.596348884,330,387,41987,113893
0.783489456,0.642192347,0.613636364,0.627589692,0.70064905,0.595849802,346,391,49698,129496
0.777702435,0.664218258,0.608069164,0.634904714,0.707168975,0.600384246,320,408,43389,132748
0.782920068,0.644957983,0.610945274,0.627491058,0.702004663,0.5960199,338,391,37556,128246
0.767457841,0.657923497,0.590196078,0.622222222,0.697098177,0.581372549,313,418,37317,116174
0.782625858,0.625531915,0.6105919,0.617971624,0.700942071,0.59709242,352,375,40489,114734
0.790045262,0.649897331,0.626732673,0.638104839,0.710358596,0.621782178,341,377,44975,117565
0.781504056,0.653039832,0.604267701,0.627707809,0.700445696,0.588748788,331,408,51445,135183
0.777015192,0.633160622,0.599607458,0.615927419,0.690997812,0.59077527,354,408,44987,132961
0.781668132,0.646940822,0.629882813,0.638297872,0.710264936,0.618164063,352,379,46606,131211
0.778613707,0.627329193,0.624742268,0.626033058,0.706665357,0.616494845,360,364,43316,128158
0.792216955,0.675438596,0.583333333,0.62601626,0.696462318,0.573863636,296,440,39230,105772
0.785430769,0.656701031,0.6125,0.633830846,0.704237176,0.604807692,333,403,36116,111347
0.781469801,0.640438247,0.642357642,0.641396509,0.715136136,0.626373626,361,358,51892,133370
0.780804026,0.643995749,0.618367347,0.630921395,0.71053418,0.606122449,335,374,41744,113872
0.785704533,0.653017241,0.591796875,0.620901639,0.69837194,0.583007813,322,418,44727,128939
0.791624812,0.656415695,0.614087302,0.634546386,0.707568161,0.609126984,324,389,38612,114526
0.788854204,0.634984833,0.621782178,0.628314157,0.70464431,0.610891089,361,382,41095,112699
0.777673609,0.665178571,0.58546169,0.622779519,0.697542926,0.57956778,300,422,38895,112374
0.782162365,0.637396694,0.61885657,0.627989822,0.704662166,0.613841525,351,380,43962,115624
0.784221292,0.67539267,0.618408437,0.645645646,0.712502197,0.603068073,310,398,41602,132003
0.784075984,0.648471616,0.591633466,0.61875,0.697948499,0.585657371,322,410,33968,110356
0.774353829,0.625,0.615384615,0.620155039,0.701353024,0.607179487,360,375,49408,130148
0.787325674,0.655398037,0.583495146,0.617360041,0.692670085,0.577669903,316,429,33037,108830
0.781457414,0.655282818,0.617706237,0.635939927,0.711111653,0.609657948,323,380,33204,110234
0.781549927,0.651859504,0.614410906,0.632581454,0.704146192,0.606621227,337,396,35834,118566
0.777929064,0.662433862,0.598470363,0.628829734,0.700348797,0.586998088,319,420,40214,134225
0.769932654,0.635826772,0.62657614,0.631167562,0.703722886,0.614936954,370,385,55958,145636
0.766894657,0.620689655,0.617042116,0.618860511,0.696570271,0.608227228,385,391,46112,125829
0.776857209,0.647298675,0.628712871,0.637870417,0.710762846,0.616831683,346,375,34457,116900
0.786683397,0.632535885,0.63926499,0.635882636,0.709253002,0.623791103,384,373,46181,131091
0.771062958,0.618367347,0.615853659,0.617107943,0.697878326,0.605691057,374,378,54524,137357
0.778624107,0.643584521,0.618395303,0.630738523,0.703810381,0.60665362,350,390,62874,141263
0.789245006,0.645937813,0.624031008,0.634795466,0.706956822,0.606589147,353,388,31632,130102
0.76752673,0.622362869,0.598377282,0.610134436,0.690904885,0.588235294,358,396,47155,127180
0.777858448,0.637223975,0.602385686,0.619315278,0.699422831,0.596421471,345,400,50715,127007
0.787173893,0.657112527,0.605675147,0.630346232,0.702814814,0.600782779,323,403,37665,122672
0.779472596,0.631908238,0.626680455,0.629283489,0.70699021,0.615305067,353,361,51476,147600
0.787522238,0.638977636,0.617283951,0.627943485,0.70926685,0.610082305,339,372,48035,116398
0.772065266,0.633832976,0.60040568,0.616666667,0.696032037,0.592292089,342,394,34503,108891
0.792325001,0.638253638,0.612163509,0.624936387,0.70373358,0.60219342,348,389,38146,136784
0.780640895,0.672826087,0.596914176,0.63260092,0.70457572,0.588235294,301,418,38026,123784
0.786860038,0.636268344,0.620654397,0.628364389,0.708377297,0.609406953,347,371,47066,138329
0.778642393,0.615758755,0.63110668,0.623338257,0.704266782,0.614157527,395,370,43581,119051
0.781117522,0.660732984,0.622287968,0.640934485,0.712915683,0.609467456,324,383,38667,125395
0.774393373,0.631578947,0.614754098,0.62305296,0.702031471,0.603483607,350,376,44175,111094
0.798938649,0.643305439,0.64805058,0.645669291,0.724762718,0.634351949,341,334,40102,118388
0.77795703,0.628511967,0.611336032,0.619805028,0.698742655,0.592105263,357,384,44504,136193
0.775862069,0.647058824,0.604046243,0.624813154,0.699392446,0.595375723,342,411,42180,132851
0.767564392,0.61784141,0.584375,0.600642398,0.685569059,0.579166667,347,399,47715,120671
0.779677309,0.640473628,0.61277034,0.626315789,0.705770439,0.607621009,334,376,51326,120862
0.770519263,0.625371655,0.624752475,0.625061912,0.702064932,0.611881188,378,379,42784,132352
0.787225659,0.665584416,0.593056895,0.627231005,0.698598557,0.589199614,309,422,30234,98421
0.76831658,0.602215509,0.617768595,0.609892912,0.69457057,0.609504132,395,370,54502,127767
0.782619796,0.653964985,0.612343298,0.63247012,0.704762319,0.600771456,336,402,52489,154000
0.783994294,0.671120247,0.621313035,0.645256917,0.713565217,0.611798287,320,398,38277,129397
0.766070295,0.625976563,0.624756335,0.625365854,0.699582747,0.61208577,383,385,51340,136602
0.779069691,0.635542169,0.615758755,0.625494071,0.700082063,0.608949416,363,395,47490,123003
0.785214565,0.658695652,0.613981763,0.635553225,0.7107195,0.599797366,314,381,42156,114696
0.785035886,0.664550265,0.615083252,0.638860631,0.70996198,0.607247796,317,393,37571,125825
0.783983641,0.639676113,0.620825147,0.630109671,0.703840671,0.60805501,356,386,61553,142772
0.78767276,0.658254469,0.631685166,0.644696189,0.719111764,0.623612513,325,365,44441,132247
0.784251486,0.649431231,0.622398414,0.63562753,0.710530459,0.613478692,339,381,43357,139832
0.763176808,0.63540569,0.595261599,0.614678899,0.690722245,0.589338598,346,410,41612,114983
0.783478408,0.665284974,0.609108159,0.635958395,0.705166235,0.59772296,323,412,45132,115215
0.791415064,0.682017544,0.611001965,0.644559585,0.715704919,0.6021611,290,396,37047,119567
0.785688843,0.649793388,0.62962963,0.639552618,0.715198393,0.621621622,339,370,63204,150730
0.787147507,0.65320911,0.623517787,0.6380182,0.711687461,0.611660079,335,381,47215,131235
0.790991927,0.673378076,0.59077527,0.62937794,0.700880315,0.585868499,292,417,33948,104884
0.771978662,0.628230616,0.623274162,0.625742574,0.700591466,0.610453649,374,382,56888,139785
0.789355102,0.647362978,0.625374625,0.636178862,0.711317223,0.61038961,341,375,39390,125402
0.782886263,0.646475771,0.600204499,0.622481442,0.702004308,0.595092025,321,391,35845,117779
0.768674368,0.630905512,0.619323671,0.625060946,0.69619544,0.602898551,375,394,46849,124628
0.777607434,0.648621042,0.61352657,0.630585899,0.703579395,0.605797101,344,400,47399,125443
0.776643144,0.623853211,0.618181818,0.621004566,0.702275256,0.611111111,369,378,51356,124529
0.786638423,0.619234544,0.639959432,0.629426434,0.708798099,0.622718053,388,355,44540,137220
0.792221837,0.670953912,0.619188922,0.644032922,0.716193739,0.614243323,307,385,37091,105404
0.773475178,0.646936656,0.603682171,0.624561404,0.699251163,0.593992248,340,409,39332,119087
0.776385582,0.625498008,0.63370333,0.629573935,0.70809833,0.620585267,376,363,40404,121412
0.780379478,0.638541667,0.609950249,0.623918575,0.699041689,0.6,347,392,48292,137759
0.771637835,0.63315508,0.592,0.611886305,0.691872459,0.582,343,408,53816,132637
0.777336389,0.619791667,0.605906314,0.61277034,0.695886813,0.590631365,365,387,52655,140374
0.782038759,0.647619048,0.628336756,0.637832204,0.715199499,0.621149897,333,362,43601,106186
0.783163461,0.647764449,0.604887984,0.625592417,0.704687781,0.593686354,323,388,36861,115593
0.781050278,0.658536585,0.580645161,0.617142857,0.690933828,0.57086999,308,429,30707,103698
0.76989567,0.63322884,0.594117647,0.613050076,0.689709336,0.588235294,351,414,40984,109696
0.78102644,0.634249471,0.596421471,0.614754098,0.693078243,0.589463221,346,406,50006,121587
0.772879421,0.652083333,0.608949416,0.629778672,0.702926171,0.597276265,334,402,47054,118677
0.78340744,0.642784033,0.623634558,0.633064516,0.709168483,0.609731877,349,379,30137,107290
0.784364139,0.651639344,0.632835821,0.64209995,0.713815499,0.620895522,340,369,47206,114354
0.798082573,0.678535097,0.630434783,0.653601176,0.717269741,0.616257089,316,391,35465,118717
0.790861883,0.641304348,0.617154812,0.628997868,0.709847805,0.607740586,330,366,40217,125701
0.772436932,0.654876742,0.585249042,0.618108245,0.692371395,0.576628352,322,433,41345,127199
0.776352482,0.658280922,0.598095238,0.626746507,0.699536024,0.587619048,326,422,47027,146081
0.784811323,0.667735043,0.592979127,0.628140704,0.697717405,0.586337761,311,429,33491,115123
0.792397321,0.64293305,0.616717635,0.629552549,0.708995125,0.608562691,336,376,37836,111311
0.781678177,0.655244029,0.618627451,0.636409481,0.706993303,0.605882353,332,389,48896,132551
0.786910137,0.664509169,0.602150538,0.631794872,0.704264919,0.589442815,311,407,42809,127614
0.781523597,0.67413442,0.627488152,0.649975454,0.716428366,0.616113744,320,393,39504,136197
0.781100478,0.653276956,0.610671937,0.631256384,0.70520617,0.596837945,328,394,34294,122694
0.772244134,0.652587117,0.604696673,0.627729812,0.700397844,0.585127202,329,404,43825,140845
0.771022414,0.626626627,0.629778672,0.628198695,0.705238859,0.61971831,373,368,46289,117455
0.798237253,0.630321911,0.640295359,0.635269492,0.717957039,0.63185654,356,341,41682,113069
0.773718282,0.642458101,0.586734694,0.613333333,0.694901321,0.580612245,320,405,40076,105524
0.789147501,0.664210526,0.627236581,0.645194274,0.717382433,0.614314115,319,375,45824,117489
0.797063987,0.641566265,0.637724551,0.63963964,0.71466686,0.624750499,357,363,41545,103581
0.786121734,0.637204522,0.62,0.628484541,0.705934504,0.613,353,380,45747,131051
0.768206001,0.641430074,0.59454191,0.617096611,0.692960338,0.588693957,341,416,46193,121919
0.787098804,0.634245187,0.636178862,0.635210553,0.714088485,0.62703252,361,358,44815,134447
0.784075585,0.634,0.632734531,0.633366633,0.709376519,0.616766467,366,368,53228,149493
0.77744483,0.62605042,0.607543323,0.616658044,0.697551662,0.597349643,356,385,50508,145884
0.773854964,0.652892562,0.60827719,0.629795715,0.701346577,0.597690087,336,407,47895,136974
0.775041406,0.632323232,0.610136452,0.621031746,0.695457905,0.602339181,364,400,53287,127003
0.77815354,0.63540569,0.599403579,0.616879795,0.694094231,0.591451292,346,403,41119,122761
0.783177542,0.645464025,0.60331384,0.623677582,0.698062997,0.591617934,340,407,44246,144497
0.78389106,0.641806723,0.612224449,0.626666667,0.702426812,0.597194389,341,387,49609,128260
0.794027857,0.66025641,0.613095238,0.635802469,0.708163654,0.603174603,318,390,34351,110739
0.795144673,0.639344262,0.625877633,0.63253928,0.708889533,0.617853561,352,373,44200,114176
0.772750277,0.632337796,0.614,0.623033993,0.701874566,0.604,357,386,49730,131438
0.779600096,0.606060606,0.619834711,0.612870276,0.697600951,0.614669421,390,368,49379,117827
0.781613399,0.642105263,0.61928934,0.630490956,0.708556234,0.609137056,340,375,47241,145998
0.768666462,0.630526316,0.608121827,0.619121447,0.699100999,0.601015228,351,386,37133,117953
0.782432562,0.654166667,0.624254473,0.638860631,0.710638293,0.614314115,332,378,48549,123277
0.793472857,0.627085378,0.643504532,0.635188867,0.71338952,0.632426989,380,354,43039,109509
0.770574643,0.652037618,0.590350047,0.619662363,0.690398777,0.581835383,333,433,45865,136686
0.795932321,0.636011617,0.657657658,0.646653543,0.720718801,0.647647648,376,342,41434,112306
0.777210673,0.653643083,0.60331384,0.627470857,0.699750697,0.595516569,328,407,49743,126465
0.792374758,0.653968254,0.617382617,0.635149024,0.710306379,0.612387612,327,383,49836,110786
0.779009052,0.660020986,0.605973025,0.631843295,0.70292324,0.594412331,324,409,40255,132178
0.7753886,0.626104024,0.632936508,0.629501727,0.704271215,0.620039683,381,370,55583,136871
0.784750314,0.616108787,0.615464995,0.615786722,0.700871573,0.60815047,367,368,36941,107081
0.780365541,0.642857143,0.604743083,0.623217923,0.699496403,0.595849802,340,400,38805,114953
0.784898866,0.638541667,0.610557769,0.624236253,0.700517985,0.594621514,347,391,59162,165270
0.784576568,0.636820926,0.633633634,0.635223281,0.711627383,0.61961962,361,366,52910,117073
0.790612463,0.659183673,0.62295082,0.64055528,0.711007964,0.612343298,334,391,43957,130153
0.77713369,0.649784483,0.6,0.623900673,0.701531195,0.592039801,325,402,36039,118538
0.785729732,0.660734149,0.586956522,0.62166405,0.697126555,0.577075099,305,418,33976,118891
0.776614882,0.653846154,0.614257813,0.633434038,0.70691537,0.608398438,333,395,48658,124121
0.775647936,0.638629283,0.615,0.626591951,0.701628185,0.603,348,385,47703,114396
0.791285102,0.664746544,0.582240161,0.620763852,0.699021734,0.574167508,291,414,34356,105736
0.779955272,0.659211928,0.610453649,0.633896569,0.706859919,0.601577909,320,395,34646,116024
0.784602669,0.623232323,0.625760649,0.624493927,0.704844347,0.60851927,373,369,42862,146609
0.775041737,0.645491803,0.608695652,0.626553953,0.698423323,0.598067633,346,405,48204,118760
0.77043686,0.657777778,0.576998051,0.614745587,0.69002754,0.570175439,308,434,33949,117379
0.780432179,0.673036093,0.614936954,0.642676128,0.711220948,0.603297769,308,397,46992,119515
0.779019486,0.631416838,0.619959677,0.625635809,0.702904119,0.612903226,359,377,55191,133209
0.770854113,0.631578947,0.582406471,0.605996844,0.687002721,0.570273003,336,413,40615,110689
0.772460587,0.627170582,0.609126984,0.618017111,0.695251004,0.595238095,365,394,41346,135510
0.797808364,0.674814028,0.623159961,0.647959184,0.718059545,0.617271835,306,384,42358,116914
0.77519882,0.633673469,0.613030602,0.623181134,0.699565068,0.603158934,359,392,41106,124699
0.77724722,0.639751553,0.621105528,0.630290668,0.705303438,0.607035176,348,377,43510,125556
0.793133404,0.672916667,0.636453202,0.654177215,0.723828107,0.630541872,314,369,44322,114270
0.784733103,0.660215054,0.59902439,0.628132992,0.698943024,0.588292683,316,411,39684,136481
0.784524256,0.64084507,0.62944664,0.635094716,0.709865451,0.62055336,357,375,40314,119327
0.796498586,0.675159236,0.622918707,0.647987774,0.717538417,0.61410382,306,385,31266,112243
0.780175625,0.632337796,0.610945274,0.62145749,0.701256635,0.602985075,357,391,55981,133347
0.774954076,0.64091858,0.604330709,0.622087133,0.697576401,0.597440945,344,402,52637,133393
0.781148335,0.680044593,0.59454191,0.634425377,0.705789478,0.583820663,287,416,37694,124454
0.782475263,0.655991736,0.617103984,0.635953931,0.707350766,0.603498542,333,394,36867,115047
0.789009806,0.65208111,0.601970443,0.62602459,0.701798598,0.595073892,326,404,47185,125053
0.795058323,0.650810811,0.611788618,0.6306967,0.70886692,0.601626016,323,382,44288,127464
0.789013393,0.657608696,0.606212425,0.630865485,0.706649483,0.600200401,315,393,34106,113341
0.777008597,0.623843782,0.616243655,0.620020429,0.700071296,0.609137056,366,378,49594,127124
0.774936486,0.652892562,0.61003861,0.630738523,0.70116016,0.599420849,336,404,46057,126454
0.782224856,0.634937238,0.611895161,0.623203285,0.701896936,0.608870968,349,385,49048,111226
0.775857968,0.637894737,0.617737003,0.627654065,0.706880894,0.608562691,344,375,52381,132898
0.788316686,0.655688623,0.651139742,0.653406266,0.725634629,0.638255699,345,352,40864,130975
0.778875021,0.634453782,0.60219342,0.617902813,0.696316552,0.593220339,348,399,43790,138650
0.785381806,0.658146965,0.616766467,0.636785162,0.710616189,0.608782435,321,384,42449,117944
0.789588551,0.652631579,0.613861386,0.632653061,0.70655385,0.603960396,330,390,45357,126773
0.781018877,0.63877551,0.613124388,0.625687156,0.69965839,0.602350637,354,395,48204,136029
0.798768977,0.668478261,0.615615616,0.640958833,0.714192987,0.610610611,305,384,39245,108933
0.756919351,0.599038462,0.624248497,0.61138371,0.691260812,0.616232465,417,375,58414,149979
0.782493306,0.627430911,0.625510204,0.626469085,0.707102804,0.620408163,364,367,58964,129371
0.783058322,0.655579399,0.604352127,0.628924344,0.703030337,0.596439169,321,400,41949,109877
0.775635545,0.653455285,0.613549618,0.632874016,0.701963396,0.596374046,341,405,46643,132393
0.788058639,0.662728249,0.615154536,0.638055843,0.711006293,0.608175474,314,386,34811,109214
0.778207776,0.66858458,0.58509567,0.62406015,0.698909412,0.583081571,288,412,27921,94850
0.781873869,0.610576923,0.645325203,0.627470356,0.707819868,0.640243902,405,349,60364,138778
0.797549625,0.674672489,0.603515625,0.637113402,0.707758018,0.595703125,298,406,33118,108114
0.785868586,0.676535088,0.58930277,0.629913221,0.700735414,0.580706781,295,430,38308,127902
0.78828815,0.6875,0.582924436,0.630908125,0.701314831,0.57703631,270,425,36525,106232
0.792429195,0.673404255,0.623031496,0.647239264,0.716708783,0.617125984,307,383,35846,112573
0.789638101,0.65049505,0.641601563,0.646017699,0.717931667,0.630859375,353,367,52707,124479
0.782096561,0.652261307,0.615749526,0.633479746,0.704314481,0.604364326,346,405,46976,131121
0.77966165,0.658436214,0.620756547,0.639041438,0.709923242,0.611057226,332,391,44162,147661
0.780086036,0.64699793,0.61515748,0.630676085,0.703426083,0.606299213,341,391,37804,115822
0.773629775,0.666306695,0.6043095,0.633795583,0.70541173,0.597453477,309,404,44751,117913
0.787977757,0.628772636,0.62751004,0.628140704,0.706459146,0.615461847,369,371,44224,114547
0.781697768,0.658590308,0.582846004,0.618407446,0.693786073,0.574074074,310,428,40666,125675
0.774908262,0.636363636,0.587317073,0.610857433,0.688155113,0.581463415,344,423,46296,119815
0.776233563,0.639751553,0.607669617,0.623298033,0.699237798,0.599803343,348,399,36997,117052
0.773491479,0.631739573,0.617296223,0.624434389,0.700594457,0.609343936,362,385,54542,136516
0.791221917,0.654266958,0.601609658,0.626834382,0.704682378,0.592555332,316,396,44841,123684
0.790502116,0.642276423,0.635814889,0.639029323,0.714445873,0.626760563,352,362,43853,122027
0.783561106,0.625,0.62007874,0.622529644,0.698536851,0.605314961,378,386,42890,124131
0.775543932,0.61875,0.620689655,0.61971831,0.702944669,0.609195402,366,363,38599,122025
0.775981059,0.630526316,0.611848825,0.621047175,0.700563824,0.604698672,351,380,50278,132944
0.776581439,0.647302905,0.597129187,0.621204579,0.693958012,0.584688995,340,421,44739,129429
0.763027728,0.624210526,0.603869654,0.613871636,0.695148108,0.595723014,357,389,46781,114828
0.776960619,0.626304802,0.603015075,0.614439324,0.695375205,0.595979899,358,395,52237,116856
0.783653158,0.638799571,0.60020141,0.618899273,0.699069109,0.592145015,337,397,43663,130836
0.783280027,0.665258712,0.617647059,0.640569395,0.712668922,0.598039216,317,390,33686,127832
0.779929878,0.637195122,0.61773399,0.627313657,0.703571043,0.60591133,357,388,43997,128642
0.780886069,0.63780359,0.61319797,0.625258799,0.704520894,0.603045685,343,381,38122,114254
0.772935184,0.631318137,0.616054159,0.623592756,0.696436481,0.604448743,372,397,47056,116998
0.772756359,0.631524008,0.600198413,0.615462869,0.693952571,0.589285714,353,403,46992,141606
0.786378399,0.649364407,0.614844534,0.631633179,0.706781021,0.604814443,331,384,47285,131913
0.780258973,0.641337386,0.627353816,0.634268537,0.707372987,0.611496531,354,376,38849,109990
0.784601385,0.653769841,0.634874759,0.644183773,0.712874604,0.620423892,349,379,49873,135308
0.794645958,0.671657754,0.615083252,0.642126789,0.712467521,0.600391773,307,393,33602,110948
0.788636682,0.666306695,0.607283465,0.635427394,0.709125585,0.599409449,309,399,42160,125298
0.765311184,0.605769231,0.62749004,0.616438356,0.696047631,0.611553785,410,374,59770,134815
0.781533093,0.648730964,0.624023438,0.636137382,0.709030676,0.612304688,346,385,43655,123283
0.762682994,0.595538312,0.625891947,0.610337972,0.696503336,0.609582059,417,367,40417,128956
0.774551811,0.625877633,0.605237633,0.615384615,0.692487991,0.59456838,373,407,52318,150127
0.773951328,0.647379913,0.582514735,0.613236815,0.690429082,0.57367387,323,425,41925,131463
0.786907888,0.667016807,0.607655502,0.635953931,0.706795344,0.596172249,317,410,45902,130904
0.791753403,0.651939655,0.612348178,0.631524008,0.708805065,0.596153846,323,383,42748,122918
0.786867392,0.63891675,0.644084934,0.641490433,0.717269749,0.632962588,360,352,43105,124427
0.767417055,0.625383828,0.602564103,0.613761929,0.692357031,0.598619329,366,403,44419,108866
0.772616238,0.628328009,0.594758065,0.611082341,0.689489694,0.587701613,349,402,41563,113592
0.791982098,0.673751328,0.609615385,0.640080767,0.709676224,0.599038462,307,406,48032,139843
0.784225969,0.645918367,0.628599801,0.637141419,0.712663426,0.612711023,347,374,49322,136315
0.783983327,0.648706897,0.601398601,0.624157595,0.70009258,0.596403596,326,399,51987,122612
0.778970519,0.644171779,0.606352262,0.624690134,0.697515566,0.598652551,348,409,48714,125846
0.79005942,0.672432432,0.605058366,0.636968766,0.706632984,0.595330739,303,406,49357,134353
0.763329552,0.625386997,0.615853659,0.620583717,0.699321088,0.598577236,363,378,48247,125061
0.774346061,0.640640641,0.615976901,0.628066732,0.700592148,0.605389798,359,399,40996,113747
0.789227891,0.655543595,0.609,0.631415241,0.706062185,0.606,320,391,38497,102558
0.782093757,0.639004149,0.620342397,0.629535003,0.707443373,0.612286002,348,377,38095,115338
0.78168181,0.66091954,0.570436508,0.612353568,0.689113826,0.563492063,295,433,31636,104003
0.758961514,0.615462869,0.596059113,0.605605606,0.684769162,0.58226601,378,410,46746,132568
0.783739425,0.631524008,0.608040201,0.619559652,0.698423021,0.59798995,353,390,42013,120754
0.781851722,0.631851086,0.60555005,0.618421053,0.69572295,0.591674926,356,398,44549,129880
0.791714123,0.636363636,0.637651822,0.637007078,0.711987314,0.623481781,360,358,45814,121961
0.783591697,0.661324786,0.611660079,0.635523614,0.706810671,0.598814229,317,393,36400,129509
0.777261309,0.653185035,0.618181818,0.635201573,0.705483247,0.602870813,343,399,42916,121693
0.779013683,0.641104294,0.605797101,0.62295082,0.696701051,0.597101449,351,408,42213,118597
0.791413801,0.641414141,0.628090999,0.634682659,0.709742126,0.613254204,355,376,43683,115327
0.776243015,0.649890591,0.588701685,0.617784711,0.694326323,0.584737364,320,415,53715,118708
0.793789593,0.671009772,0.617382617,0.643080125,0.712686985,0.602397602,303,383,35083,127990
0.795406318,0.650746269,0.646884273,0.648809524,0.722726313,0.636993076,351,357,40908,123750
0.781022497,0.641050584,0.6404276,0.64073894,0.711607064,0.628765792,369,370,47406,141284
0.781942957,0.667785235,0.583007813,0.622523462,0.697488205,0.577148438,297,427,30868,110601
0.767013004,0.630585899,0.618908382,0.624692573,0.699113146,0.599415205,372,391,45695,129942
0.763826621,0.632653061,0.610837438,0.621553885,0.697616991,0.602955665,360,395,45586,120028
0.796338606,0.673491379,0.621272366,0.646328852,0.71668821,0.617296223,303,381,44574,107083
0.781114665,0.649947753,0.623246493,0.636317136,0.709646005,0.609218437,335,376,51749,137958
0.778146394,0.633846154,0.611881188,0.622670025,0.700470873,0.602970297,357,392,44427,126924
0.776157731,0.620908131,0.609958506,0.615384615,0.699697343,0.598547718,359,376,48258,134390
0.761463318,0.62710084,0.594621514,0.610429448,0.690857257,0.582669323,355,407,51168,117678
0.77397033,0.629822732,0.607645875,0.618535586,0.69876237,0.602615694,355,390,43502,115413
0.785928703,0.669801463,0.631527094,0.65010142,0.717369318,0.618719212,316,374,41627,115225
0.770333379,0.611220472,0.625377644,0.618218019,0.698562338,0.613293051,395,372,65722,137608
0.792754835,0.676251331,0.631212724,0.652956298,0.722623741,0.618290258,304,371,34466,119208
0.785968175,0.647118301,0.63681592,0.641925777,0.717145251,0.627860697,349,365,33142,127167
0.774163391,0.645768025,0.603515625,0.623927309,0.697905296,0.59375,339,406,34454,109503
0.776962644,0.635789474,0.61319797,0.624289406,0.703980857,0.6,346,381,36427,122267
0.758925588,0.624120603,0.607632094,0.615765989,0.689681735,0.595890411,374,401,45517,119961
0.755054455,0.614762386,0.601980198,0.608304152,0.688883921,0.59009901,381,402,56418,132214
0.776274782,0.653144016,0.617449664,0.634795466,0.704335764,0.607861937,342,399,42273,115016
0.78627334,0.674972914,0.604267701,0.637666325,0.70609128,0.596508244,300,408,31622,98124
0.773922089,0.632911392,0.594648167,0.613183444,0.691468921,0.585728444,348,409,37388,109760
0.787026444,0.653421634,0.586138614,0.617954071,0.694035197,0.578217822,314,418,31626,111942
0.777952307,0.636730575,0.615609756,0.625992063,0.701530361,0.604878049,360,394,42028,111531
0.801178478,0.677777778,0.621181263,0.648246546,0.720094387,0.617107943,290,372,42198,112574
0.790580165,0.661139896,0.620622568,0.640240843,0.713350892,0.614785992,327,390,47282,119433
0.783979576,0.650051921,0.61372549,0.631366616,0.705266398,0.606862745,337,394,45487,119998
0.787972223,0.667013528,0.637176938,0.65175394,0.722796576,0.624254473,320,365,41524,127815
0.769165557,0.609731877,0.625254582,0.617395676,0.699262333,0.608961303,393,368,37475,119880
0.781632224,0.66557377,0.576704545,0.617960426,0.690408546,0.570075758,306,447,36024,117551
0.766837308,0.629774731,0.620057859,0.624878523,0.698257737,0.614271938,378,394,48292,118076
0.789096548,0.638319672,0.631205674,0.634742741,0.71140611,0.62006079,353,364,36413,111413
0.793129095,0.672557173,0.618546845,0.644422311,0.711464032,0.606118547,315,399,46127,117371
0.789563174,0.652866242,0.619335347,0.635658915,0.71165052,0.613293051,327,378,44237,105969
0.777941907,0.612244898,0.619195046,0.615700359,0.700741899,0.600619195,380,369,47381,137937
0.781913015,0.642192347,0.622244489,0.632061069,0.708353825,0.614228457,346,377,43842,138151
0.786584641,0.655,0.640273705,0.647553139,0.717916461,0.634408602,345,368,48521,127882
0.78581383,0.64978903,0.603921569,0.62601626,0.700778033,0.597058824,332,404,45268,119667
0.771945392,0.648592284,0.607421875,0.627332325,0.701403722,0.592773438,337,402,40709,130037
0.773081054,0.642645607,0.621776504,0.632038835,0.703029638,0.611270296,362,396,53915,147523
0.759591267,0.628421053,0.605476673,0.616735537,0.696073561,0.596348884,353,389,45249,120017
0.772720009,0.620408163,0.613521695,0.616945713,0.696996996,0.601412714,372,383,58145,128334
0.784930031,0.666666667,0.604784689,0.634219769,0.70293915,0.599043062,316,413,38572,114900
0.787461233,0.638663968,0.626613704,0.632581454,0.707319072,0.616683217,357,376,54846,151181
0.769710039,0.635523614,0.615920398,0.625568469,0.701102787,0.605970149,355,386,40960,117230
0.78067773,0.646061815,0.630963973,0.638423645,0.710870862,0.622200584,355,379,45789,126712
0.777808305,0.655104063,0.627730294,0.641125121,0.707146616,0.60968661,348,392,46185,144776
0.786354739,0.657759507,0.621963071,0.639360639,0.710458313,0.607385811,333,389,46304,137169
0.78246973,0.650423729,0.597276265,0.622718053,0.697124487,0.592412451,330,414,50255,116638
0.775910656,0.644444444,0.598499062,0.620622568,0.690907929,0.582551595,352,428,43941,127835
0.778354974,0.636752137,0.598393574,0.616977226,0.695583385,0.587349398,340,400,43773,128219
0.779781574,0.634069401,0.614052953,0.623900673,0.702852866,0.603869654,348,379,56596,133587
0.784264029,0.666306695,0.599029126,0.630879346,0.702920446,0.591262136,309,413,43111,116698
0.78889643,0.664233577,0.628205128,0.645717182,0.718036158,0.619329389,322,377,38222,118857
0.793169538,0.661257606,0.623923445,0.642048252,0.711140824,0.616267943,334,393,44413,129096
0.785446579,0.638832998,0.620117188,0.629335976,0.703396704,0.604492188,359,389,38723,116664
0.790637868,0.638368247,0.595066804,0.615957447,0.697417311,0.582733813,328,394,39811,120945
0.775869512,0.636761488,0.583166333,0.608786611,0.688675273,0.572144289,332,416,45581,128745
0.784537902,0.628772636,0.641025641,0.63484002,0.713203622,0.634871795,369,350,51925,121714
0.776901219,0.646073298,0.619477912,0.632496156,0.707179634,0.607429719,338,379,50172,140413
0.791791686,0.648704663,0.616748768,0.632323232,0.70561109,0.601970443,339,389,50626,138892
0.790714834,0.673796791,0.6,0.634760705,0.703267555,0.591428571,305,420,42049,138429
0.773641546,0.620325983,0.639328063,0.629683698,0.702667876,0.622529644,396,365,64433,160314
0.787645523,0.635635636,0.631212724,0.633416459,0.70804705,0.614314115,364,371,44381,137145
0.791948149,0.646236559,0.610152284,0.62767624,0.7047977,0.597969543,329,384,47544,126292
0.767409283,0.633973711,0.602884615,0.618038443,0.691552492,0.592307692,362,413,56656,140513
0.78654865,0.620792079,0.640449438,0.630467572,0.710000197,0.621041879,383,352,50321,135900
0.770957528,0.630736393,0.589820359,0.609592573,0.690066135,0.580838323,346,411,40064,106076
0.79103658,0.652935118,0.614341085,0.633050424,0.706942956,0.600775194,337,398,34800,136842
0.781220039,0.650577125,0.613861386,0.631686195,0.705862286,0.601980198,333,390,37795,115871
0.774337093,0.636457261,0.617382617,0.626774848,0.701572482,0.606393606,353,383,40686,114854
0.77419857,0.612612613,0.625766871,0.619119879,0.700501064,0.610429448,387,366,36972,111661
0.782819999,0.620178042,0.62202381,0.621099554,0.701020269,0.612103175,384,381,57750,138035
0.777951762,0.643865364,0.595381526,0.618675013,0.6972091,0.584337349,328,403,48472,123979
0.783781133,0.649013499,0.61515748,0.631632137,0.705280553,0.603346457,338,391,45664,119563
0.791085351,0.654601861,0.62364532,0.638748739,0.711682935,0.608866995,334,382,49376,134044
0.795109113,0.671052632,0.613226453,0.640837696,0.713768612,0.609218437,300,386,32846,108078
0.771350656,0.627670397,0.6043095,0.615768463,0.693109415,0.591576885,366,404,36693,129180
0.785943255,0.651113468,0.606719368,0.628132992,0.702447826,0.595849802,329,398,38344,141413
0.775457648,0.65625,0.591549296,0.622222222,0.694835592,0.58028169,330,435,37364,116468
0.78938413,0.645636172,0.614614615,0.62974359,0.706284344,0.604604605,337,385,53024,143962
0.781737046,0.66838843,0.609227872,0.637438424,0.704358423,0.598870056,321,415,29857,118376
0.78434924,0.625250501,0.648648649,0.636734694,0.715470891,0.637214137,374,338,46937,137278
0.779714209,0.644086022,0.594246032,0.618163055,0.694976947,0.586309524,331,409,39561,121670
0.780296386,0.65212766,0.608134921,0.62936345,0.706265567,0.591269841,327,395,43123,135065
0.785080822,0.658688866,0.608653846,0.632683658,0.703537147,0.592307692,328,407,35111,142584
0.781514702,0.6592827,0.608568647,0.632911392,0.706441925,0.602726388,323,402,47933,125604
0.785698619,0.635523614,0.620240481,0.627789047,0.705631118,0.607214429,355,379,43305,129268
0.789559705,0.6598778,0.622478386,0.640632724,0.711339187,0.609990394,334,393,31103,113077
0.788169174,0.649323621,0.627135678,0.63803681,0.712315678,0.612060302,337,371,42080,127318
0.784041397,0.655958549,0.622418879,0.638748739,0.711840764,0.612586037,332,384,48460,127727
0.781593617,0.640378549,0.608391608,0.62397541,0.701209718,0.599400599,342,392,45210,123142
0.778888638,0.646750524,0.600778968,0.622917718,0.697971089,0.59006816,337,410,56061,151990
0.764434493,0.625641026,0.611835507,0.618661258,0.698355137,0.603811434,365,387,50647,131430
0.783638822,0.629473684,0.619689119,0.624543081,0.705905914,0.609326425,352,367,42799,116564
0.778001241,0.630136986,0.608961303,0.619368203,0.700058398,0.595723014,351,384,36660,124936
0.779834217,0.661894273,0.574021012,0.61483376,0.688728211,0.563514804,307,446,29947,109531
0.791010841,0.663551402,0.619786615,0.640922768,0.712329587,0.604267701,324,392,53313,156844
0.784669193,0.66031746,0.614778325,0.636734694,0.70938114,0.598029557,321,391,34892,115636
0.787607947,0.637462236,0.634268537,0.635861376,0.710922196,0.616232465,360,365,43427,126219
0.77655196,0.62854251,0.626639758,0.627589692,0.705190741,0.617558022,367,370,48393,117105
0.781598327,0.62585034,0.635108481,0.630445423,0.707538558,0.624260355,385,370,58280,133468
0.790591374,0.665217391,0.605341246,0.633868462,0.707611733,0.59446093,308,399,35625,107638
0.798006551,0.665222102,0.622718053,0.643268727,0.717198387,0.613590264,309,372,41391,116491
0.774800453,0.64699793,0.604448743,0.625,0.698142752,0.589941973,341,409,42221,122301
0.789365949,0.664248705,0.628431373,0.645843829,0.714610831,0.61372549,324,379,37283,126336
0.795326559,0.643459916,0.61928934,0.631143301,0.706245592,0.610152284,338,375,43100,122103
0.78628546,0.63110668,0.639393939,0.635223281,0.71250982,0.633333333,370,357,51634,135316
0.786703677,0.630316249,0.598343685,0.613913967,0.697247621,0.591097308,339,388,37833,123511
0.779733917,0.67431694,0.587619048,0.627989822,0.698699476,0.580952381,298,433,30937,116315
0.779150898,0.641260163,0.615609756,0.628173221,0.703143309,0.611707317,353,394,52647,115430
0.783436514,0.636454183,0.632673267,0.634558093,0.711189842,0.620792079,365,371,60724,139158
0.79054119,0.640124095,0.615920398,0.627789047,0.704964266,0.602985075,348,386,52118,134843
0.787879895,0.668166479,0.582352941,0.622315348,0.69666988,0.575490196,295,426,40987,124146
0.775579371,0.649064906,0.585898709,0.615866388,0.693467923,0.579940417,319,417,37745,110999
0.784411018,0.661375661,0.618199802,0.639059305,0.713838232,0.608308605,320,386,38462,121402
0.794444956,0.66350211,0.619704433,0.640855833,0.712620494,0.610837438,319,386,44412,121786
0.790180333,0.649246231,0.638971316,0.644067797,0.716227657,0.619188922,349,365,42710,134352
0.784087906,0.643763214,0.620795107,0.632070576,0.709502968,0.611620795,337,372,30906,101865
0.799539794,0.650050865,0.626470588,0.638042936,0.713996998,0.617647059,344,381,49969,129624
0.808820621,0.672376874,0.627372627,0.649095607,0.720482559,0.617382617,306,373,39415,117382
0.786889246,0.652400835,0.630676085,0.641354541,0.716711943,0.618567104,333,366,37761,114290
0.78236556,0.66874351,0.612749762,0.639523337,0.706846649,0.604186489,319,407,41754,129939
0.782279543,0.62398374,0.62398374,0.62398374,0.703972828,0.608739837,370,370,41064,132038
0.778844952,0.659871245,0.593056895,0.62468258,0.69888384,0.588235294,317,422,39498,128035
0.779344051,0.645833333,0.610837438,0.627848101,0.703105212,0.596059113,340,395,40432,129688
0.774247614,0.640591966,0.610887097,0.625386997,0.700789065,0.595766129,340,386,57853,143261
0.792203345,0.65,0.637637638,0.643759474,0.71818785,0.625625626,343,362,49776,130860
0.777047386,0.645661157,0.599232982,0.621581303,0.696178074,0.585810163,343,418,50667,145961
0.7909611,0.642857143,0.632885212,0.637832204,0.715776255,0.625646329,340,355,47058,126016
0.786005254,0.633874239,0.634517766,0.63419584,0.71050102,0.620304569,361,360,38990,120441
0.792776363,0.652928416,0.605633803,0.628392484,0.706793271,0.599597586,320,392,37716,119805
0.776989429,0.637014315,0.611984283,0.624248497,0.699803675,0.600196464,355,395,53595,126037
0.793427919,0.651546392,0.633266533,0.642276423,0.715682103,0.625250501,338,366,46102,133858
0.784809728,0.643318966,0.601814516,0.621875,0.700466605,0.589717742,331,395,41000,110384
0.780292646,0.653433476,0.600591716,0.625899281,0.699541474,0.596646943,323,405,39478,113086
0.793948624,0.68590455,0.601752678,0.641078838,0.709607465,0.593962999,283,409,33852,111942
0.786579128,0.647497338,0.609829488,0.628099174,0.705690627,0.603811434,331,389,38494,116417
0.763836792,0.660041841,0.585886722,0.620757501,0.688769623,0.580315692,325,446,44560,121837
0.791277379,0.660714286,0.588469185,0.622502629,0.695901538,0.580516899,304,414,50847,127744
0.781412804,0.616451933,0.621378621,0.618905473,0.700133837,0.614385614,387,379,46142,118471
0.776725483,0.642172524,0.599403579,0.620051414,0.696632008,0.590457256,336,403,41317,130711
0.783687815,0.63141994,0.619565217,0.625436409,0.702706604,0.60770751,366,385,50540,139205
0.780018024,0.644820296,0.598039216,0.620549339,0.697204612,0.592156863,336,410,45844,109708
0.773425802,0.654008439,0.607843137,0.630081301,0.703251932,0.595098039,328,400,45346,125378
0.783003648,0.657112527,0.61469712,0.635197537,0.70701032,0.604766634,323,388,32953,115323
0.785630686,0.665254237,0.606177606,0.634343434,0.705004324,0.595559846,316,408,34851,109635
0.782886667,0.644308943,0.632103689,0.638147962,0.712216617,0.622133599,350,369,39441,135720
0.785938211,0.674468085,0.598677998,0.634317159,0.703396606,0.590179415,306,425,43046,131146
0.785402913,0.650158061,0.605495584,0.62703252,0.70091162,0.598626104,332,402,49326,130161
0.787651813,0.649269311,0.625125628,0.636968766,0.710993399,0.621105528,336,373,53147,129148
0.779237858,0.636853448,0.604294479,0.620146905,0.700193022,0.599182004,337,387,49043,117997
0.789182349,0.649141631,0.600198413,0.62371134,0.700351297,0.589285714,327,403,35799,119593
0.783681991,0.644086022,0.602615694,0.622661123,0.70088837,0.593561368,331,395,45742,134581
0.788791221,0.635342186,0.630192503,0.632756867,0.711455515,0.612968592,357,365,42704,138162
0.783166755,0.625371655,0.629112662,0.627236581,0.704140701,0.614157527,378,372,45191,125984
0.781259965,0.637948718,0.624497992,0.6311517,0.70858662,0.615461847,353,374,51548,129872
0.797474826,0.673889491,0.606829268,0.638603696,0.707859155,0.6,301,403,35462,113817
0.773548248,0.607582938,0.651422764,0.628739578,0.708351479,0.639227642,414,343,47898,129245
0.772863251,0.631914894,0.584645669,0.607361963,0.687350545,0.576771654,346,422,46104,133246
0.775296057,0.638429752,0.619238477,0.628687691,0.704537934,0.609218437,350,380,50311,131297
0.796904566,0.676025918,0.611925709,0.642380708,0.713052134,0.606060606,300,397,39535,111197
0.767065276,0.641530055,0.582919563,0.61082206,0.688772722,0.579940417,328,420,30977,97411
0.775497704,0.641588297,0.60852329,0.624618515,0.700665821,0.601585728,343,395,38586,132575
0.77993898,0.641078838,0.626139818,0.633521271,0.709405302,0.61195542,346,369,47693,139448
0.770607663,0.632719393,0.602061856,0.617010037,0.698961667,0.596907216,339,386,54079,122749
0.782254701,0.648296593,0.631835938,0.639960435,0.711715996,0.611328125,351,377,42129,129714
0.796159876,0.64972973,0.616410256,0.632631579,0.710342644,0.61025641,324,374,46599,111315
0.785838364,0.644654088,0.610119048,0.626911315,0.701808371,0.603174603,339,393,45281,117272
0.784972464,0.651234568,0.618768328,0.634586466,0.708178714,0.610948192,339,390,38306,121399
0.790558758,0.643995749,0.608433735,0.625709861,0.702935136,0.604417671,335,390,44599,110089
0.75913101,0.597389558,0.612139918,0.604674797,0.69132554,0.598765432,401,377,52231,130704
0.779627701,0.621242485,0.62,0.620620621,0.700114751,0.611,378,380,53193,147165
0.773199931,0.662995595,0.581081081,0.619341564,0.690634774,0.568532819,306,434,33832,119162
0.790612405,0.661621622,0.601178782,0.62995368,0.702604912,0.594302554,313,406,45491,130416
0.784011487,0.65308255,0.607976654,0.629722922,0.703980815,0.601167315,332,403,47793,135370
0.791123793,0.660599572,0.61885657,0.639047126,0.713149719,0.610832497,317,380,40759,126213
0.784855464,0.625128733,0.632950991,0.629015544,0.71144345,0.622523462,364,352,54800,130755
0.789856059,0.65821501,0.616334283,0.636586562,0.705822935,0.605887939,337,404,48276,128328
0.797714549,0.654255319,0.608308605,0.630445925,0.705767505,0.604352127,325,396,45673,111650
0.787539622,0.63617245,0.627593361,0.631853786,0.711819704,0.619294606,346,359,41212,122862
0.778101014,0.627682403,0.584415584,0.605276772,0.685071913,0.569430569,347,416,38400,107778
0.782818611,0.648429585,0.620155039,0.633977216,0.706390373,0.603682171,347,392,32322,107188
0.78149035,0.631027254,0.618069815,0.624481328,0.706252918,0.609856263,352,372,42949,110555
0.780439597,0.648478489,0.621105528,0.63449692,0.708087042,0.613065327,335,377,36107,123535
0.797513272,0.659707724,0.626984127,0.642929807,0.715739706,0.619047619,326,376,38217,128514
0.781709077,0.64362851,0.606307223,0.624410686,0.703139306,0.599186165,330,387,45751,107238
0.786732896,0.655555556,0.642574257,0.649,0.720793643,0.630693069,341,361,40627,111007
0.778426079,0.645790554,0.608906099,0.626806178,0.699724549,0.601161665,345,404,47612,134964
0.791129963,0.667377399,0.619188922,0.642380708,0.714259718,0.610286845,312,385,40885,124937
0.783042494,0.627565982,0.647830474,0.637537239,0.716770661,0.632694248,381,349,53237,126084
0.792658747,0.667386609,0.595375723,0.629327902,0.699159409,0.590558767,308,420,38623,114860
0.776763665,0.635789474,0.598019802,0.616326531,0.695259329,0.588118812,346,406,42208,114038
0.757737444,0.606896552,0.629213483,0.617853561,0.698179005,0.614913177,399,363,49011,123935
0.789342652,0.643086817,0.612244898,0.627286984,0.707611835,0.597959184,333,380,46601,127476
0.785917052,0.672376874,0.609117362,0.639185751,0.708820105,0.600387973,306,403,42144,131007
0.768263038,0.631524008,0.592556317,0.611419909,0.687522188,0.581782566,353,416,41930,130784
0.774440888,0.631256384,0.62804878,0.629648497,0.708878393,0.615853659,361,366,41336,122350
0.773563037,0.640973631,0.622047244,0.631368631,0.705334715,0.609251969,354,384,42315,130218
0.764051645,0.642934196,0.592445328,0.616658044,0.694461751,0.585487078,331,410,48391,131734
0.767235555,0.617586912,0.599206349,0.608257805,0.687036775,0.588293651,374,404,51479,124290
0.79281206,0.667381974,0.616451933,0.640906749,0.712128453,0.604558969,310,387,38892,120429
0.78007956,0.654526535,0.608906099,0.630892678,0.704429652,0.600193611,332,404,37505,106615
0.781766387,0.644221106,0.641,0.642606516,0.716852363,0.625,354,359,52473,129862
0.782642695,0.632548618,0.611881188,0.622043281,0.698158221,0.600990099,359,392,44866,139849
0.773311021,0.64206269,0.608237548,0.624692573,0.698001043,0.598659004,354,409,51690,146014
0.769564484,0.633642931,0.604926108,0.618951613,0.693029265,0.598029557,355,401,52791,133786
0.777333105,0.64500485,0.632129278,0.63850216,0.707106397,0.616920152,366,387,53705,138467
0.780329496,0.652265543,0.60805501,0.62938485,0.702790859,0.591355599,330,399,43788,134014
0.778372027,0.652517275,0.633141762,0.64268352,0.711949528,0.619731801,352,383,45861,129004
0.781183831,0.644565217,0.608829569,0.626187962,0.70567641,0.598562628,327,381,43110,127277
0.789150074,0.656544503,0.60696999,0.630784708,0.703694987,0.600193611,328,406,42244,109410
0.781046422,0.642328042,0.607607608,0.624485597,0.700466647,0.601601602,338,392,48110,109208
0.776718995,0.622933884,0.603603604,0.613116421,0.694611174,0.597597598,365,396,41778,107002
0.779905104,0.617148554,0.627789047,0.622423328,0.701080419,0.615618661,384,367,55245,127659
0.769713497,0.621272366,0.624375624,0.62282013,0.69927227,0.612387612,381,376,50663,136846
0.771326645,0.632523759,0.602615694,0.617207625,0.694775318,0.598591549,348,395,44651,120704
0.783943176,0.646624473,0.608738828,0.627109974,0.701480929,0.588877855,335,394,47217,134676
0.783893326,0.661764706,0.585,0.621019108,0.696577076,0.575,299,415,45154,125726
0.786047643,0.644654088,0.616232465,0.630122951,0.706261544,0.605210421,339,383,44126,128083
0.773286126,0.631138976,0.600397614,0.615384615,0.693779502,0.589463221,353,402,42052,114702
0.776652598,0.654215582,0.605731225,0.629040534,0.702142919,0.599802372,324,399,38028,114163
0.769494097,0.627692308,0.60774578,0.617558022,0.6965513,0.597815293,363,395,52170,128821
0.785236132,0.633744856,0.613545817,0.623481781,0.701856987,0.60059761,356,388,43846,111536
0.767644132,0.615,0.618712274,0.616850552,0.696177959,0.609657948,385,379,53999,129114
0.78984871,0.655314757,0.628712871,0.641738252,0.714846429,0.618811881,334,375,38845,118319
0.784684504,0.642376682,0.584097859,0.611852643,0.693406275,0.575942915,319,408,39922,123575
0.792023852,0.625657203,0.633652822,0.62962963,0.714740905,0.627263046,356,344,43981,108441
0.797843316,0.623031496,0.638104839,0.630478088,0.710115182,0.628024194,383,359,39639,111214
0.770974549,0.613386613,0.625254582,0.619263742,0.700801625,0.616089613,387,368,54623,136802
0.777347961,0.642497482,0.619417476,0.630746416,0.701701508,0.6,355,392,44898,145731
0.788617666,0.651041667,0.623752495,0.637104995,0.710889029,0.620758483,335,377,39259,107325
0.791750906,0.653495441,0.631733595,0.642430279,0.711881522,0.618021548,342,376,42161,120359
0.775009589,0.636267232,0.597609562,0.61633282,0.695371574,0.589641434,343,404,45930,134469
0.782600952,0.655,0.634689922,0.644685039,0.715265706,0.621124031,345,377,46453,139354
0.773021045,0.651214128,0.593561368,0.621052632,0.698192198,0.583501006,316,404,40880,136148
0.771719187,0.639784946,0.600403633,0.619469027,0.696756215,0.586276488,335,396,39286,129075
0.773624541,0.612202689,0.617309698,0.614745587,0.698351917,0.613138686,375,367,46526,127224
0.780865417,0.645708583,0.626937984,0.636184857,0.706210663,0.619186047,355,385,39277,121948
0.777792321,0.667011375,0.613117871,0.638930163,0.707001496,0.604562738,322,407,47927,142721
0.788695001,0.648008611,0.596630327,0.62125903,0.699129264,0.584737364,327,407,48036,138384
0.780511533,0.639130435,0.585657371,0.611226611,0.689470148,0.578685259,332,416,49153,121204
0.775632644,0.62703252,0.623232323,0.625126646,0.704537869,0.609090909,367,373,55709,135837
0.792632831,0.652719665,0.625250501,0.638689867,0.713503725,0.615230461,332,374,44325,121184
0.777981702,0.635897436,0.611439842,0.623428859,0.699146928,0.603550296,355,394,40574,127326
0.786562667,0.641975309,0.629032258,0.635437882,0.712805197,0.611895161,348,368,41496,133445
0.78058352,0.646305419,0.635043562,0.640625,0.711249648,0.618586641,359,377,43553,123931
0.77678583,0.607003891,0.630940344,0.618740704,0.698784017,0.609706775,404,365,53845,141295
0.77689024,0.642182581,0.603550296,0.622267412,0.699254169,0.59270217,341,402,47214,130642
0.782085183,0.625248509,0.627118644,0.62618218,0.703798865,0.622133599,377,374,52580,128771
0.790498693,0.655209452,0.595121951,0.623721881,0.698940681,0.585365854,321,415,40882,124772
0.789654129,0.638228942,0.622760801,0.6304,0.712389249,0.604847208,335,358,33161,123880
0.775486267,0.630676085,0.608568647,0.619425173,0.695245031,0.599805258,366,402,54342,127587
0.784187148,0.662309368,0.608,0.633993743,0.708346121,0.604,310,392,43379,113931
0.779924867,0.638977636,0.605449041,0.621761658,0.69954198,0.595358224,339,391,39712,124390
0.785118959,0.663135593,0.618577075,0.6400818,0.711817599,0.609683794,318,386,49516,118630
0.784243084,0.6485623,0.6,0.623336745,0.69925046,0.584236453,330,406,44588,128484
0.769929534,0.628024194,0.608398438,0.618055556,0.694714817,0.599609375,369,401,45661,135471
0.788753607,0.657894737,0.62560154,0.641341885,0.711290067,0.617901829,338,389,40409,122728
0.776853936,0.631578947,0.60362173,0.617283951,0.695056822,0.593561368,350,394,48497,120781
0.777296333,0.648351648,0.592369478,0.619097587,0.696789716,0.579317269,320,406,36424,111168
0.782986532,0.650423729,0.605522682,0.627170582,0.702371619,0.594674556,330,400,39128,131898
0.774287981,0.640895219,0.612840467,0.626553953,0.702601526,0.601167315,353,398,47652,126114
0.787290246,0.634194831,0.653019447,0.643469491,0.721436447,0.638689867,368,339,57120,136378
0.778221867,0.642070485,0.589484328,0.614654718,0.6942004,0.581395349,325,406,40765,102052
0.785795482,0.64940239,0.630560928,0.639842983,0.710043288,0.615087041,352,382,39293,124895
0.781914286,0.652525253,0.615238095,0.633333333,0.705449686,0.604761905,344,404,33638,125458
0.790329808,0.669945355,0.610557769,0.638874414,0.710641968,0.602589641,302,391,33491,111923
0.781084902,0.656762295,0.625365854,0.64067966,0.711713215,0.611707317,335,384,41652,110559
0.778511183,0.685555556,0.587619048,0.632820513,0.701105993,0.580952381,283,433,35806,99608
0.783947119,0.637385087,0.628398792,0.632860041,0.71035353,0.611278953,355,369,42992,123050
0.778622654,0.62633833,0.606217617,0.616113744,0.699612149,0.596891192,349,380,36734,117815
0.790481541,0.670781893,0.610486891,0.639215686,0.706296682,0.602059925,320,416,41042,118410
0.772854459,0.641053787,0.595918367,0.617662612,0.696062568,0.589795918,327,396,37401,108299
0.783440634,0.665240642,0.614017769,0.638603696,0.709037174,0.5982231,313,391,44072,130168
0.772062561,0.626470588,0.624633431,0.625550661,0.701725983,0.612903226,381,384,48237,115814
0.783106019,0.647532729,0.621856867,0.634435126,0.705577655,0.606382979,350,391,48859,129392
0.784469914,0.66017316,0.597453477,0.627249357,0.700658886,0.589618022,314,411,33509,131745
0.778580779,0.655789474,0.601351351,0.627391742,0.699503173,0.592664093,327,413,50224,134149
0.778455155,0.651086957,0.602615694,0.625914316,0.702460755,0.595573441,321,395,31395,111373
0.783869662,0.639175258,0.625630676,0.632330444,0.709581098,0.613521695,350,371,47929,121764
0.772971804,0.651945321,0.592168099,0.620620621,0.693306154,0.578796562,331,427,40342,120014
0.778264466,0.634984833,0.634984833,0.634984833,0.711020221,0.623862487,361,361,44150,108619
0.775667479,0.653684211,0.601744186,0.626639758,0.698871957,0.588178295,329,411,46857,148140
0.791860718,0.671722644,0.599033816,0.633299285,0.705027271,0.591304348,303,415,39320,121691
0.777447598,0.662983425,0.575815739,0.61633282,0.690071945,0.570057582,305,442,31206,100785
0.782908141,0.63608871,0.624752475,0.63036963,0.706721229,0.618811881,361,379,54670,127644
0.7872499,0.644135189,0.631578947,0.637795276,0.709915516,0.615009747,358,378,44140,128808
0.772004558,0.641606591,0.624248497,0.632808532,0.709001042,0.614228457,348,375,48298,139760
0.798311856,0.663838812,0.626626627,0.644696189,0.717305334,0.614614615,317,373,40603,103009
0.784059976,0.649141631,0.617977528,0.633176347,0.710201648,0.603677222,327,374,37739,129152
0.785278261,0.651804671,0.611553785,0.631038027,0.703706249,0.589641434,328,390,44390,130514
0.789534619,0.639393939,0.642639594,0.641012658,0.714587957,0.630456853,357,352,45723,126527
0.771067163,0.651995906,0.616054159,0.633515664,0.705204624,0.601547389,340,397,50386,147789
0.768611694,0.610483042,0.624605678,0.617463617,0.701681385,0.617245005,379,357,47993,127314
0.776408576,0.62800418,0.620227038,0.624091381,0.704103746,0.607843137,356,368,40623,126355
0.779341719,0.636072572,0.598393574,0.616658044,0.695248,0.592369478,341,400,48399,131582
0.77259934,0.631147541,0.616616617,0.623797468,0.70210382,0.606606607,360,383,47328,129955
0.781739864,0.636747624,0.603603604,0.619732785,0.698332709,0.597597598,344,396,44966,118566
0.783880682,0.662351672,0.59902439,0.629098361,0.699279864,0.582439024,313,411,37058,110071
0.786868232,0.647442873,0.592039801,0.618503119,0.69624523,0.583084577,324,410,47306,134151
0.778392569,0.628385699,0.618996798,0.623655914,0.706526502,0.60832444,343,357,36737,107002
0.769281695,0.616080402,0.608738828,0.612387612,0.690264095,0.59285005,382,394,46205,113597
0.79054823,0.6629667,0.646017699,0.65438247,0.723814083,0.634218289,334,360,47668,127303
0.775659051,0.647058824,0.600794439,0.623069001,0.699668643,0.593843098,330,402,48720,133808
0.771777254,0.644628099,0.623376623,0.633824276,0.707896912,0.611388611,344,377,36846,144195
0.775473891,0.646569647,0.614017769,0.629873418,0.70394271,0.604146101,340,391,41052,124355
0.787385883,0.653968254,0.616151545,0.63449692,0.709464533,0.606181456,327,385,36470,113188
0.785951147,0.657291667,0.60440613,0.629740519,0.702276796,0.594827586,329,413,37688,112257
0.795063559,0.637149028,0.613943809,0.625331214,0.706685642,0.600416233,336,371,48534,146516
0.780244923,0.618305745,0.642712551,0.630272953,0.706451171,0.618421053,392,353,47062,144932
0.773144008,0.637374861,0.582909461,0.608926674,0.690340549,0.577822991,326,410,45671,129261
0.790956465,0.662119622,0.61741683,0.638987342,0.710477031,0.605675147,322,391,40087,117735
0.763458243,0.60515873,0.608782435,0.606965174,0.685919798,0.594810379,398,392,38262,121182
0.794793989,0.653104925,0.608782435,0.630165289,0.705581819,0.598802395,324,392,42985,127782
0.783540478,0.64748954,0.610453649,0.628426396,0.704026232,0.601577909,337,395,43116,110264
0.772737581,0.633642931,0.60852329,0.62082912,0.696375441,0.594648167,355,395,50392,134151
0.791326375,0.668410042,0.624023438,0.645454545,0.715415658,0.614257813,317,385,38637,105822
0.788824826,0.632124352,0.63081696,0.631469979,0.710788042,0.619441572,355,357,39274,116724
0.784928322,0.649064906,0.586481113,0.61618799,0.693982314,0.58250497,319,416,34099,93160
0.782439543,0.63618677,0.649453823,0.642751843,0.716610131,0.636544191,374,353,49048,134847
0.77975769,0.633266533,0.618395303,0.625742574,0.700886661,0.6037182,366,390,36472,108482
0.779668321,0.657113613,0.617901829,0.636904762,0.706884231,0.609239654,335,397,35286,113646
0.78574821,0.657866948,0.603097773,0.629292929,0.703661808,0.591481123,324,410,41602,135303
0.785465314,0.644221106,0.625365854,0.634653465,0.706097347,0.613658537,354,384,40551,125303
0.781228386,0.612440191,0.647773279,0.629611412,0.708364998,0.630566802,405,348,56056,127323
0.771428523,0.628723404,0.601220753,0.614664587,0.696075472,0.594099695,349,392,41370,114043
0.790228912,0.648925281,0.641051567,0.644964395,0.719679151,0.630940344,343,355,58689,150425
0.78820794,0.663926002,0.611742424,0.63676688,0.707581037,0.604166667,327,410,52149,125227
0.784709961,0.648363252,0.617706237,0.632663575,0.707836341,0.608651911,333,380,40848,120675
0.787107571,0.660041841,0.609073359,0.633534137,0.705463252,0.599420849,325,405,46660,141530
0.781381273,0.640576725,0.625125628,0.632756867,0.708670306,0.612060302,349,373,42992,109619
0.768196195,0.617588933,0.628772636,0.623130608,0.701856874,0.617706237,387,369,46646,125051
0.789231439,0.64484127,0.640394089,0.642609985,0.715661936,0.631527094,358,365,43154,123317
0.772777738,0.63963039,0.608993157,0.623935904,0.697893664,0.596285435,351,400,37966,108575
0.794621418,0.657172996,0.616221563,0.636038795,0.709501418,0.601384768,325,388,43153,123401
0.774487086,0.652078775,0.591269841,0.620187305,0.695884847,0.584325397,318,412,37232,114066
0.767189943,0.619747899,0.598377282,0.608875129,0.68865376,0.582150101,362,396,49240,128934
0.784931901,0.647429171,0.592130518,0.618546366,0.692759897,0.585412668,336,425,36975,113873
0.77715407,0.63655244,0.620445344,0.628395695,0.706634416,0.612348178,350,375,54741,130726
0.769109055,0.644124169,0.584507042,0.612869198,0.69242535,0.573440644,321,413,30268,103356
0.776104566,0.645342312,0.573852295,0.607501321,0.687255148,0.566866267,316,427,48959,123265
0.770664275,0.645542427,0.589793916,0.616410256,0.691329479,0.585868499,330,418,44779,109921
0.795937172,0.648305085,0.620689655,0.634196891,0.710669055,0.610547667,332,374,42431,113313
0.797561883,0.652935118,0.641700405,0.647269015,0.722467278,0.633603239,337,354,51937,130422
0.776127368,0.660215054,0.601960784,0.62974359,0.703244454,0.591176471,316,406,42816,121525
0.782021366,0.679039301,0.599229287,0.636642784,0.705428847,0.588631985,294,416,36282,128251
0.778361397,0.641760491,0.628256513,0.634936709,0.711260559,0.616232465,350,371,39695,115367
0.78373715,0.639684107,0.630963973,0.635294118,0.706442796,0.612463486,365,379,50880,151494
0.785356631,0.619460501,0.651469098,0.635061728,0.714738729,0.63627153,395,344,50291,128690
0.769557662,0.650577125,0.60665362,0.627848101,0.700394652,0.593933464,333,402,41622,126262
0.7954718,0.661928934,0.635477583,0.648433615,0.717131961,0.622807018,333,374,33651,134470
0.764041308,0.656282451,0.596226415,0.624814632,0.695952199,0.582075472,331,428,38233,123041
0.777095605,0.638170974,0.610846813,0.624210015,0.695183724,0.604186489,364,409,46215,129236
0.781101865,0.63540569,0.606639839,0.620689655,0.698608436,0.598591549,346,391,35881,103962
0.79139492,0.653884965,0.624277457,0.638738295,0.70826461,0.610789981,343,390,44652,136511
0.770204811,0.637696335,0.588405797,0.612060302,0.688405136,0.580676329,346,426,40767,117364
0.777391624,0.654255319,0.593056895,0.62215478,0.695372956,0.586306654,325,422,47512,118775
0.791301631,0.658174098,0.620620621,0.638845956,0.713470803,0.611611612,322,379,43194,116757
0.766754001,0.646391753,0.596007605,0.620178042,0.694256184,0.581749049,343,425,42085,139238
0.76899884,0.635974304,0.594,0.614270941,0.690546036,0.585,340,406,34815,114230
0.780914171,0.653017241,0.60782347,0.62961039,0.705510598,0.601805416,322,391,42752,122116
0.788342348,0.647959184,0.644016227,0.645981689,0.721512151,0.632860041,345,351,47160,128905
0.790031887,0.664847162,0.604766634,0.633385335,0.706721726,0.600794439,307,398,40197,112327
0.770138867,0.631155779,0.626121635,0.628628629,0.706716091,0.620139581,367,375,44452,114083
0.789206991,0.655704008,0.631058358,0.643145161,0.716208948,0.622156281,335,373,50831,135218
0.792867417,0.674203494,0.622981956,0.647581441,0.715216248,0.606837607,317,397,35104,125368
0.787477428,0.628687691,0.633846154,0.631256384,0.711305625,0.618461538,365,357,44542,133175
0.798492006,0.655004859,0.651207729,0.653100775,0.723522402,0.642512077,355,361,35697,101168
0.793646825,0.662393162,0.604288499,0.632008155,0.703860855,0.599415205,316,406,40824,110213
0.794456626,0.645330535,0.615615616,0.630122951,0.706153035,0.5995996,338,384,38963,126407
0.7690822,0.650380022,0.583252191,0.614989733,0.690452845,0.576436222,322,428,31842,96694
0.774256086,0.643153527,0.612648221,0.627530364,0.702070753,0.600790514,344,392,43491,136062
0.791114786,0.67402734,0.621726479,0.646821393,0.716083079,0.616876819,310,390,37680,96179
0.791532892,0.664278403,0.634408602,0.649,0.719012216,0.623655914,328,374,52866,153286
0.782060285,0.641509434,0.614457831,0.627692308,0.705943237,0.608433735,342,384,42162,114515
0.770819698,0.61791967,0.60483871,0.611309221,0.69289641,0.590725806,371,392,55810,127749
0.784992199,0.631469979,0.628218332,0.629839959,0.709616208,0.611740474,356,361,53396,141873
0.786528518,0.639240506,0.606606607,0.622496148,0.699993453,0.598598599,342,393,50389,127833
0.783421265,0.642073779,0.617449664,0.629521017,0.702577247,0.609779482,359,399,47537,117814
0.77719995,0.655355249,0.6,0.626457172,0.700627267,0.593203883,325,412,43522,119057
0.778815296,0.646090535,0.608527132,0.626746507,0.698925283,0.598837209,344,404,42172,122207
0.795902434,0.655567118,0.624380575,0.639593909,0.713837464,0.609514371,331,379,39701,142264
0.775897184,0.635983264,0.616008105,0.625836336,0.703390106,0.604863222,348,379,41038,107817
0.777501023,0.614035088,0.631262525,0.622529644,0.701536115,0.619238477,396,368,50200,126192
0.761976491,0.64910432,0.590604027,0.618473896,0.689239483,0.575263663,333,427,46676,132094
0.792438475,0.656370656,0.645773979,0.651029201,0.717220399,0.632478632,356,373,37657,116629
0.793633666,0.659352142,0.62413452,0.641260163,0.715563428,0.611275964,326,380,33038,127056
0.772106067,0.637770898,0.617382617,0.627411168,0.703675822,0.606393606,351,383,52430,139324
0.791214465,0.648815654,0.620689655,0.634441088,0.708834637,0.614778325,341,385,42327,115566
0.779003039,0.625837321,0.646245059,0.635877491,0.709340272,0.627470356,391,358,48092,133542
0.804651602,0.659574468,0.629441624,0.644155844,0.720551592,0.623350254,320,365,40667,110243
0.796233295,0.663874346,0.627722772,0.645292621,0.717478151,0.618811881,321,376,36554,115399
0.760446973,0.631355932,0.605691057,0.618257261,0.698712492,0.593495935,348,388,46697,128080
0.769558201,0.64277839,0.57495069,0.606975534,0.685393979,0.567061144,324,431,46817,108813
0.791899397,0.676243094,0.600588813,0.636174636,0.707574167,0.589793916,293,407,39420,126462
0.775182717,0.638075314,0.610610611,0.624040921,0.700015704,0.5995996,346,389,31172,103527
0.786270848,0.659714599,0.596822244,0.626694473,0.701128056,0.586891758,310,406,41197,126218
0.79774277,0.651750973,0.660098522,0.655898189,0.723423804,0.644334975,358,345,40543,132635
0.775331355,0.609781478,0.607883817,0.608831169,0.694319845,0.601659751,375,378,52723,127159
0.783183381,0.64978903,0.613545817,0.631147541,0.70652207,0.605577689,332,388,30795,113873
0.777273787,0.629707113,0.598409543,0.613659531,0.692867132,0.589463221,354,404,43033,128690
0.784140347,0.655497382,0.610136452,0.632004038,0.705508962,0.597465887,329,400,35610,110202
0.785578829,0.636546185,0.620959843,0.62865642,0.704475485,0.608227228,362,387,47428,137149
0.784237545,0.65026738,0.604373757,0.626481195,0.701983841,0.595427435,327,398,54966,139630
0.775608894,0.631198347,0.621566633,0.626345464,0.702512056,0.610376399,357,372,47298,121138
0.785890007,0.659641728,0.606001936,0.631685166,0.705378965,0.599225557,323,407,54355,133510
0.790609022,0.667393675,0.603550296,0.633868462,0.705775542,0.591715976,305,402,42837,115018
0.784883115,0.649838883,0.604395604,0.626293996,0.701425705,0.597402597,326,396,40168,114036
0.791340997,0.648902821,0.62854251,0.638560411,0.714349264,0.619433198,336,367,36306,111365
0.780253916,0.636180905,0.638104839,0.637141419,0.712304858,0.621975806,362,359,44633,117980
0.774279595,0.641450777,0.594049904,0.616841056,0.693355319,0.579654511,346,423,39915,128920
0.780239273,0.64973545,0.616465863,0.632663575,0.707386989,0.606425703,331,382,34059,97135
0.774923206,0.643979058,0.618712274,0.631092868,0.710113091,0.610663984,340,379,39930,120803
0.790484215,0.664634146,0.623450906,0.643384161,0.710733581,0.612011439,330,395,41098,122435
0.77277929,0.663551402,0.589483395,0.624328285,0.69252524,0.580258303,324,445,43708,115982
0.773696045,0.639744952,0.596630327,0.617435897,0.694382059,0.591674926,339,407,43342,124950
0.775835562,0.619852165,0.594129555,0.606718346,0.690415787,0.586032389,360,401,41538,115445
0.784716902,0.647727273,0.61410382,0.630467572,0.704644693,0.603330069,341,394,38048,126463
0.777332558,0.604938272,0.63891675,0.621463415,0.699951197,0.625877633,416,360,58092,143594
0.782713333,0.650992685,0.611984283,0.630886076,0.703644747,0.599214145,334,395,40100,142787
0.781134651,0.640657084,0.627135678,0.633824276,0.708816758,0.620100503,350,371,51371,128929
0.780448195,0.648790747,0.615768463,0.631848438,0.706337315,0.600798403,334,385,39099,105127
0.788106002,0.667,0.628652215,0.647258612,0.713510334,0.609802074,333,394,39710,120450
0.780544448,0.618274112,0.624615385,0.621428571,0.703768238,0.619487179,376,366,41845,103211
0.775893872,0.655059848,0.583899127,0.617435897,0.691073949,0.573229874,317,429,42568,136217
0.78401793,0.653637351,0.592519685,0.621579763,0.696858263,0.585629921,319,414,45504,109459
0.779187013,0.629969419,0.625506073,0.627729812,0.706407087,0.613360324,363,370,34906,96130
0.775026094,0.635162602,0.62751004,0.631313131,0.705878072,0.615461847,359,371,44629,113961
0.787431397,0.639958377,0.610724926,0.625,0.704100221,0.59980139,346,392,39947,137518
0.784121871,0.632591093,0.628772636,0.630676085,0.706565978,0.613682093,363,369,39742,118926
0.784723124,0.667014614,0.615014437,0.63995994,0.707778717,0.60346487,319,400,45491,115732
0.781808963,0.641547862,0.623145401,0.632212745,0.707194448,0.614243323,352,381,43295,129606
0.782562683,0.63312369,0.605817452,0.619169657,0.699234402,0.595787362,350,393,45968,129199
0.782419656,0.645228216,0.619521912,0.632113821,0.708571623,0.611553785,342,382,42687,119291
0.776755774,0.623623624,0.626130653,0.624874624,0.703231626,0.616080402,376,372,51785,136646
0.773770584,0.638004246,0.605236657,0.62118863,0.699955272,0.596173212,341,392,50834,135166
0.798551154,0.680170576,0.618816683,0.648044693,0.715927129,0.600387973,300,393,33673,112968
0.788945279,0.649484536,0.621915104,0.635400908,0.709592426,0.614017769,340,383,43138,129369
0.790463605,0.666666667,0.60920666,0.636642784,0.709228648,0.605288932,311,399,40525,115250
0.782156305,0.667738478,0.605442177,0.635066259,0.706087018,0.596695821,310,406,38679,121387
0.783178871,0.65060241,0.594,0.621014114,0.698629178,0.589,319,406,51125,125976
0.772447701,0.646569647,0.608610568,0.627016129,0.699185814,0.593933464,340,400,42006,125775
0.776869685,0.656283566,0.601377953,0.627632255,0.700962784,0.592519685,320,405,33427,123743
0.792588113,0.665611814,0.619234544,0.641586172,0.714522754,0.610402355,317,388,43622,122988
0.787324931,0.631908238,0.626680455,0.629283489,0.709243109,0.61737332,353,361,42996,125680
0.78944972,0.651859504,0.616210938,0.633534137,0.706693039,0.604492188,337,393,41070,127645
0.771487751,0.646560847,0.612838516,0.629248198,0.703561315,0.604814443,334,386,38775,127334
0.791340311,0.630952381,0.650306748,0.640483384,0.718631094,0.63394683,372,342,58333,137380
0.780207695,0.648590022,0.603430878,0.625196027,0.703084931,0.589303734,324,393,30615,101201
0.775292792,0.65,0.611911623,0.630381,0.702232736,0.597502402,343,404,45989,124203
0.782227714,0.655891554,0.622156281,0.63857868,0.712539696,0.614243323,330,382,49323,131605
0.787825894,0.664882227,0.610019646,0.636270492,0.708837065,0.596267191,313,397,34473,103267
0.784994176,0.651483051,0.624365482,0.637636081,0.712728799,0.618274112,329,370,38861,101562
0.787453713,0.656182213,0.603792415,0.628898129,0.703016297,0.592814371,317,397,42075,133054
0.795566584,0.648621042,0.635635636,0.64206269,0.717423245,0.627627628,344,364,42289,126579
0.781786593,0.661290323,0.597667638,0.627871363,0.700801308,0.586005831,315,414,51470,137659
0.78662845,0.647690655,0.604814443,0.625518672,0.702886896,0.59779338,328,394,45536,122760
0.792819299,0.659235669,0.617296223,0.637577002,0.711799509,0.609343936,321,385,39009,112942
0.785036502,0.672025723,0.596574691,0.632056452,0.70253431,0.586108468,306,424,37221,126321
0.790838279,0.650455927,0.635014837,0.642642643,0.714519067,0.618199802,345,369,39166,112748
0.789890056,0.684563758,0.594174757,0.636174636,0.706071554,0.583495146,282,418,38817,131656
0.781083782,0.623110151,0.609936575,0.616452991,0.702396275,0.596194503,349,369,48055,119631
0.783796131,0.640324215,0.622660099,0.631368631,0.706520802,0.607881773,355,383,44205,130621
0.791090344,0.636363636,0.651,0.643598616,0.717117087,0.634,372,349,52424,150451
0.782996481,0.675734494,0.595397891,0.633027523,0.702651853,0.585810163,298,422,29835,108088
0.764594656,0.634351949,0.602602603,0.618069815,0.696653863,0.592592593,347,397,47208,112959
0.764937791,0.609311741,0.605025126,0.607160867,0.688668147,0.595979899,386,393,46747,132294
0.776438089,0.636820926,0.638104839,0.637462236,0.713378712,0.629032258,361,359,50822,129558
0.793563742,0.636642784,0.617063492,0.626700252,0.704393931,0.599206349,355,386,46222,132714
0.787026618,0.660418964,0.597804391,0.627553693,0.703439337,0.590818363,308,403,38031,126404
0.792771296,0.651452282,0.619329389,0.634984833,0.710138297,0.612426036,336,386,38239,116810
0.793392115,0.66631016,0.611984283,0.637992832,0.710980221,0.604125737,312,395,36833,122000
0.796757684,0.6598493,0.603940887,0.630658436,0.703304045,0.595073892,316,402,47690,134618
0.783377612,0.647183847,0.612676056,0.629457364,0.705930174,0.600603622,332,385,41530,132979
0.778360191,0.653333333,0.628825271,0.64084507,0.713500364,0.616979269,338,376,50270,129508
0.800854222,0.66316894,0.629482072,0.645886561,0.718615188,0.619521912,321,372,42213,117086
0.774542401,0.649740933,0.612304688,0.630467572,0.705709462,0.603515625,338,397,44132,116622
0.78037336,0.639917695,0.623871615,0.631792788,0.707366679,0.612838516,350,375,37030,110243
0.779091409,0.645726056,0.60755814,0.626060909,0.700616554,0.595930233,344,405,45959,126054
0.78323609,0.663201663,0.621832359,0.641851107,0.711878001,0.611111111,324,388,47975,129284
0.790326897,0.653465347,0.613003096,0.632587859,0.711187119,0.605779154,315,375,41240,117746
0.797231748,0.663608563,0.632038835,0.647439085,0.718847366,0.619417476,330,379,31806,121719
0.777105936,0.636456212,0.604448743,0.620039683,0.698521607,0.594777563,357,409,39731,117679
0.79365176,0.654676259,0.635094716,0.644736842,0.720237104,0.629112662,336,366,45718,114550
0.787573237,0.645833333,0.614469772,0.6297613,0.707499105,0.609514371,340,389,41524,120421
0.774912339,0.625126646,0.620100503,0.622603431,0.701879904,0.608040201,370,378,38918,127104
0.767726918,0.631522897,0.602642276,0.61674467,0.698847555,0.589430894,346,391,43294,127557
0.771871687,0.623246493,0.618905473,0.621068397,0.700088433,0.606965174,376,383,52029,122243
0.785360662,0.634575569,0.620445344,0.627430911,0.707275275,0.610323887,353,375,39716,117192
0.769850832,0.630784708,0.609922179,0.620178042,0.695465364,0.597276265,367,401,49524,130411
0.772277288,0.623493976,0.611220472,0.617296223,0.695156807,0.603346457,375,395,41777,118327
0.780351761,0.640471513,0.628736741,0.634549878,0.70692788,0.613307618,366,385,49594,137882
0.784775512,0.652866242,0.623100304,0.637636081,0.713364236,0.614994934,327,372,41689,124328
0.780540323,0.651483051,0.615,0.632716049,0.706008202,0.607,329,385,38213,125069
0.776069676,0.652928416,0.608080808,0.629707113,0.70679241,0.596969697,320,388,39155,125195
0.79197687,0.650054171,0.611620795,0.630252101,0.710067863,0.603465851,323,381,37485,117463
0.779003353,0.612936345,0.616735537,0.614830072,0.699970274,0.604338843,377,371,42087,123209
0.788945112,0.637362637,0.605427975,0.620985011,0.702450976,0.591858038,330,378,39508,118041
0.772441743,0.63185654,0.606889564,0.619121447,0.697528582,0.591691996,349,388,37162,120646
0.776898979,0.642039542,0.61332008,0.627351296,0.70535317,0.597415507,344,389,38487,112537
0.766161616,0.62371134,0.611111111,0.617346939,0.697793213,0.597979798,365,385,47083,118305
0.780527121,0.625258799,0.619487179,0.622359608,0.703146523,0.609230769,362,371,52564,127397
0.784031559,0.640495868,0.615079365,0.627530364,0.703631662,0.609126984,348,388,38165,115585
0.775299333,0.648351648,0.598984772,0.622691293,0.701101674,0.593908629,320,395,42942,117159
0.771358469,0.652631579,0.606060606,0.628484541,0.701033113,0.598240469,330,403,34817,124172
0.78844328,0.638974359,0.628024194,0.633451957,0.71102094,0.622983871,352,369,48786,119190
0.785341859,0.639919759,0.622439024,0.631058358,0.705360694,0.607804878,359,387,47066,143090
0.771770736,0.639705882,0.597058824,0.617647059,0.693134292,0.579411765,343,411,38714,116599
0.789421289,0.664187035,0.607976654,0.63484002,0.706005525,0.595330739,316,403,42067,122918
0.796427172,0.671891327,0.618864293,0.644288577,0.71511156,0.60346487,314,396,32422,116915
0.76671806,0.638453501,0.597262952,0.617171717,0.693045188,0.588465298,346,412,49298,127279
0.780283447,0.646454265,0.629,0.637607704,0.711574219,0.614,344,371,43291,126368
0.769809906,0.638,0.618217054,0.627952756,0.70222665,0.613372093,362,394,52909,126901
0.778154806,0.646569647,0.595785441,0.620139581,0.694525766,0.585249042,340,422,49853,142942
0.791604253,0.638753651,0.650148662,0.644400786,0.718173051,0.634291378,371,353,50974,124526
0.789956567,0.66,0.621407334,0.640122511,0.712657698,0.616451933,323,382,41017,110752
0.772583036,0.630669546,0.594099695,0.611838659,0.694945863,0.591047813,342,399,30542,95950
0.780435487,0.636993076,0.637623762,0.637308263,0.711031023,0.625742574,367,366,41700,122735
0.783205586,0.666325486,0.608411215,0.63605276,0.704433669,0.597196262,326,419,47795,134505
0.776862415,0.648016277,0.616650532,0.631944444,0.704733937,0.604065828,346,396,56831,126507
0.783884137,0.657232704,0.612903226,0.634294385,0.709326824,0.602150538,327,396,41388,118870
0.782766212,0.621594349,0.629856851,0.625698324,0.708208312,0.613496933,375,362,45357,127344
0.785379434,0.652076319,0.588652482,0.618743344,0.696566209,0.581560284,310,406,33096,109196
0.781797306,0.649946638,0.620795107,0.635036496,0.713036885,0.611620795,328,372,36131,123731
0.802148899,0.667410714,0.617768595,0.641630901,0.717460484,0.609504132,298,370,33768,110699
0.786137689,0.624141315,0.633466135,0.628769155,0.704442351,0.612549801,383,368,45044,143194
0.792637149,0.661375661,0.621890547,0.641025641,0.714816387,0.612935323,320,380,41656,117236
0.780601681,0.626880642,0.611545988,0.619118375,0.697824764,0.607632094,372,397,54741,126893
