0c6f9a9a1e253d50dac6b265f04c0a458ac535ee,,,,
3c10f6ef863f0eac713de0869c753cee5b607dae,,,,
6f338aa2817c221c16b6a97b7d3377daeaf42726,,,,
7441c6b6035e4a86d6a32b39445d75a33802ec3e,,,,
397ede661f505eac82cebcd63e40c06925a7889d,,,,
50a94cbf12f6a4b9d623b07515b9fd86c53efb13,,,,
d340e0902b8abf6c551486306c1db1dbe3562b9b,,,,
86a069ac5db9742ae58e396e162a0b3e2bdc66c3,,,,
3f11127567a590065d76021ab09216752922cae8,,,,
122745b5b8b55b41d329e5457796229a15146d19,,,,
973c78cbecd1c0c5eb61c8e16d60979574c9b751,,,,
09003e8fef27f51b83a5ee4242709c2b20821a83,,,,
309b6a39b7a5d7385f8abbc88e0e7c17cf8cc135,,,,
85ad5aa1ef3c1009ba297f3f40ef82422e3c8a2e,,,,
25483c05d1b9a1f3958365b48a27a7040b4837cd,,,,
75023f2bedb9f7587736ca63f59565f669d09214,,,,
10910a423c3a874e90a402f54ecaa26bf0d05ee8,,,,
2a66f53fdcda047907d42ef6218719771a8f6083,,,,
c4927638da9797df2d740a3e6694092b20228a34,,,,
814a286dfe64bfde749e54b8552b5197abe97b37,,,,
f7e2d438318037fcbf0e529e0f5f830541df0d08,,,,
ca77f9cfc9135c5cf7fbb91c0d4ccbf95ca44b59,,,,
bf3a9f44f625ef26e3c687be92e73ee1e9288d6f,,,,
aff9413cdbe88041552369787d1ba001c2b4ffd4,,,,
ccf56875b0660214e0a61bd2f8adc418143551fc,,,,
98b9f2e2839da6ccff53260571b0e3a43aeb4285,,,,
cd1d5eb785a759d285652551f1984ce9877a1192,,,,
0262338687d7bf811ad9ee0620f77806bd7e08ad,,,,
9e6543551731ef0241967ca545c9a4956876cb86,,,,
fcfb059c878f86c0f00686cd768f0ff3e6454ece,,,,
042cad9e931378609bf83ac9ecb50f3a224930c8,,,,
9f513f88781667df1a2a4b0a85153059dc097295,,,,
703b8cbda39f4a1263e7ecfbb1eb1ec247f91162,,,,
a2dccbf8431b881fc95f63a41ce4deb4ae476304,,,,
84f8447a195e79c0dda47406731bbca1ce63a8f9,,,,
57e38509e529def1f870d811f26145d21f7ac57e,,,,
9cb680c0bad9fb3f92807d0f49e02505c544e3e9,,,,
d2b0affedb38c5439bce2fb5a8e321bc5d0ec713,,,,
e093a8c1d8fef0cfc818fd7ad408564bbe7d281a,,,,
fb1e642c15fa842e5e25b80d89293d0bb03225c0,,,,
79c74998dc1efb72b05d32f920052a1df4b6dd8e,,,,
5d3a3fcca7fbc04e60a146e42fb1f65b94e4ea7b,,,,
5f1b6a1fc21fe2d4bd5f52579983a1a4818fedb7,,,,
3ac3a420a14b9209222568d7c361855157467163,,,,
ba2447e39ad513ff1a37833887cfd2e9bf49a0b5,,,,
a311139bfe2f2b3ffc0c84cfb1e9cec0c11830c7,,,,
57c7939534a927bfc2d1b0454aac7ef8d804532b,,,,
99db9ef301c8e8a7156d5c5a71875958f412792a,,,,
ac1e709dc4ed419c8d789fc29e970fde6b796ed1,,,,
02c1e6d8f21d3bfc50154815ffb2f5caef05573c,,,,
8cbc2080a737aad063bde7260ba8e7963ec0b206,,,,
2f5e5efec5685b192c28d2f1d0edaa688691801a,,,,
8f88dcda09760df3aba3306f49a3311fb22a654f,,,,
b92aaa2f583e1ef92bd84678701ced43c1d1d9a9,,,,
5ed9a5d4030a8dd8b60e1cdbf3c3fca3a0d66311,,,,
1e31df9800fc2db258f2458628bd9863c11b2846,,,,
69fad2a135689f6c31fbada1c397f2e0dfd90d3c,,,,
ba7934e91adf1c068db7107a6353b867e276affb,,,,
9ec6ee43b146736fdf635090b2829a0c621a00f3,,,,
7974e8c0991dd0bcf2e226ea9b54ff8d740acfc8,,,,
525fd29d166c401a9e2d0328015e22682954cf31,,,,
b79fcd0a768e5c7d45a7f68febf447d8379cbaf4,,,,
e39db5693496d48f0d704f9f14f8e2c9b6a153cf,,,,
0b76d3a0eac9802941b9dfc2a85589dac95ed40a,,,,
5fb470478f8511619ddf9f0725ce000756536843,,,,
9abbe826ecc47596fb43fd42e094d403c56b158d,,,,
7313d72c6b67968d84959f6aac186bfead17d6a2,,,,
7ba7bfd9cd9d070840a35ed71422eb4d6e60ab1e,,,,
3f83bfcae25dc807a929a5135a5631729493aeb8,,,,
46160c7b7f66d9d5dda05d2e2dc45e993d3cc48e,,,,
76490a2c7f3a95c3861bb2dec76c4cc16f5dae3c,,,,
e0aa091d9ef16fb3f2a570a95bbd4326abc58941,,,,
ed8860000f6d9c0dcd71206309ba27a34db2c606,,,,
4c972d97b95ea521493db5def6869eab663e5f64,,,,
5b1412ddfd1c83ae595bdb0543fbf92499bc3822,,,,
db8c771b2a37ad16d789f546507b6329221f4c7a,,,,
2a953481821fcbfefbdd235a2c5b7f7e7ef8a6b7,,,,
b8cfab97db9917cd3f20dc1a9676eef3ac0c999e,,,,
b29d2ea34275ce5cb4d2653ff1edda9dad454763,,,,
84126d8a7a7eb9faf44bef687dcf647e84173f22,,,,
f69fd6f0020290752a7424479821c22d94f9b8b7,,,,
822cf6203437f06a58e8e442de87b8416ad232e6,,,,
5e2adc0ed7dfe2e827bdef878f1c8cde12ff5773,,,,
a1f15f45111aacdde2ff883116d32aa8c14e4adc,,,,
ee9921bd970e84a1ef1dc7497f152b5fc23754e7,,,,
ecb404b3ebf66a9d2182f28312cb0664d44814b3,,,,
703b7b151017fe117363e5598146e157bad78265,,,,
2ce1c1352fb64ecf1d3018e2b0f7cabeba99b589,,,,
e5de25f4fc7401c4b5888bb9836eb5a6886bada2,,,,
ec6fa190999160676cab900038b268b2d40a4d5c,,,,
4535e8f097c993364026c00ed40777c71a36a6ea,,,,
39caca7cf6593c167f00e89842b16812edbc578f,,,,
c9eb5a7251795da46c87c5a9650818bad9521c96,39caca7cf6593c167f00e89842b16812edbc578f,,,
051e2b791c88e09a0f7cdecfb53eb2fd52c1d39c,,,,
2f1a6d3b3bd1d2fb94a84e5a68b6eab210184e82,051e2b791c88e09a0f7cdecfb53eb2fd52c1d39c,,,
56baba96c657d4e44b88955a964d6c92ff39b822,,,,
36a2871301e9e75c198294d31756b49a22a21fc8,,,,
e7bce023de48591475781ba024104f8010a696fc,,,,
5fa0bbd5156f29d97dcf48fd9fdb6a0488a8df1a,,,,
d2e49be3a8f21d862726c1f6bc9e1caa6ee8b581,5fa0bbd5156f29d97dcf48fd9fdb6a0488a8df1a,,,
08aa5118ffcd8dfc4ec813d799a61ef1ee4421d1,,,,
2e3a7f6114fae1ffb9c19ee4af2f4541fdfc238e,,,,
6013441a9a7c4a13f7412d6d72638de0f420e6a3,,,,
3ca439cadaa8c40f506aa1ef683b36624d216254,,,,
a8a032af091ae2f6d1affe95b37bb424214d1990,,,,
41211c78d19b545a2352584d3598346aa3705be4,,,,
96ce14b278fef9e5f428f1c3c07ce5c09fd8f9a8,,,,
e793260573f30365572a1e7507cd98e9ed17b1b5,,,,
f9899922783e0e94de030f4c867e5d48a3d869a9,,,,
044699c00cbe65c3930194c6937b12b62f502177,,,,
578eacab455d82989da2ac26980379a04eeb2ad0,,,,
41a100766c19655816d575841ba559d33c63313d,,,,
a21dd40527d1576c8fa0029ca2996961af12bb9a,,,,
6e33507bf2fc2acea9f61e230cf8e2a9cbccc3ce,,,,
61d3231d3647fc136b12fd88a9165b783e36585b,,,,
5b4fb8aa2bafa691860745d182a831e1e852eeb1,,,,
8c3ef6cadb46d9694c68aa649a7952eb1612279f,,,,
f82eccd2f504b59c2e98ba8273e28f4d7a2a8698,,,,
6b27708ae15818d025e9f65a1bf8d54a31e01045,,,,
f82993d9c2315d7ea6c35d164f7665987cdbe1b8,,,,
a359d8152cfee6f2fe95d34fd1b2296f6ed2670c,,,,
c691124d3288ffc9299bedca69b952952f2cbcf6,,,,
ed395d1a8544bb0df7283d6335a88f6c2a3c867f,,,,
42bf6e9061c4bb5723e380da3b1c2c6a5a162ffd,,,,
2e492569db2345cf3be8532630f93219159a8b15,,,,
5e656d394ce73d6f7d9e72f46348ed7dc9b6240c,,,,
35bd3ad938f5c378b17a34980d2f3480bf3bbfc3,,,,
c7291f1ecfefec7aad6fcf168e298e2ef0af8ed7,,,,
4c986d102cd5c862d88fd84eec1889b9786e9970,,,,
63f0b7e20d56837b4f159e83594a4e4fb906cd4a,,,,
068b7946ce14a8b9d02fa49bd05b8f4113a8ad88,,,,
8646bb1010d2632f5d405fe1761c2b9c99a0a139,,,,
a67c75a9e15c9957aedc0bc8c4aa89952a4c5ea0,,,,
a15626193c8d3c099b0bcf1e605b892b533a4d3e,,,,
206f77adac24414751509195fd3b985d976573fd,,,,
ddfa96028c4c803467b0c074b8c1b4d3e5f9687d,,,,
bdad06fdca98f161aefbd23e2c983a0d8c60898f,,,,
3cd5529f505907912476a054758612a2eb22a1e0,,,,
56bed30c6427a1cc6b41e0d289a97c3e5b4582c4,,,,
42e4a6cd9902e63db26f4edc22dfca123df01fc8,56bed30c6427a1cc6b41e0d289a97c3e5b4582c4,,,
d7f70837b7e80d41e45362c1327f4d9af25335e1,,,,
499347542c91774f0bd4a4e2a1a3932e286a7934,,,,
ce551cf97d95fbed89ebecf10c40a5060d7b756a,,,,
2490c85fc5cc27cb32f01553784ef6bc63cd15f0,,,,
8417ce537b2cb96965827ebfb793f31814ba1ddd,,,,
e83bb6dc38ed793ead919e5d7d6d9146816c66a5,,,,
bd8661796b190ef605458cdd7a0d90d9af4f51a0,,,,
e69367fbc329aa66a90e33a917b0d4ccd86c015e,,,,
2e2d5ddd3de7d0fe36ce5eb3d4fe81e97fe990a4,,,,
808a4c5c173bf789326d33ed6bbbc7a6544bf8e0,,,,
381a1ae20611427eddb6a8743e4043c9917cfbbc,,,,
af03ad467987fad7f1ee2d8382ed0acd17432a9b,,,,
172c29091e340515341daee0f10e1334db905721,,,,
0752d840b90a5acdb04410362fb16c943f09dc2f,,,,
21ae1ef2e658a14f89bde79a83a32af340fb351a,,,,
0d824a8e6832419cb952ef503504c5296b069ad9,,,,
b04b9716855d95eae0276cc56c464765d3fbd95e,,,,
30edca5b22d95e919f403c03b1c307914572ba65,b04b9716855d95eae0276cc56c464765d3fbd95e,,,
eab9a0d05758fd0e8e83e7e482f4f0406cd9af5e,,,,
90b808ab98b760f06885a5f45628353c9d2224f2,,,,
8641928553e0f1d97416fd010c2f7d6f165b3660,,,,
0cf64783d2cbae684f6d2d3e6c46801070f7fd77,,,,
1f53b124bcdc41e6241c811f6854c42855deaf6a,,,,
79069598b1435cadaef504d8d3de31777b869c59,,,,
fe5164a404ebcb0879c1b769e16c00f475320419,,,,
d53b8f8d424e3cf51646b215007fc017717edf44,,,,
c64af87ee2318bb9ea8059c07a542a02444b8b41,,,,
d86c98a68772aaa879e6a573fed1ab8382568c9e,,,,
0ee4f5b84302daf8901363556d038e274c2defd5,,,,
83511c96e5cf91f348a81ecc3c4439aa345548dd,,,,
38d85be476a06fe9a1f60b4f38232d64a6d0398a,,,,
64b3203713161ee0dd5d8d1dbd74f4c4602f546c,,,,
e415d2921ec7eabeccdf7db4d1850caa68486de3,,,,
659d1f6ba545dd283e80489425b616c75fee973d,,,,
d0c95146c37f96ca69e1fe82c4b2fe9208f8184e,,,,
56bb079c8227a2beee609b205c001d66597db98a,,,,
4f6c55ad67f8e080d5bc3adba124f5e76d9f0224,,,,
20522394cc747e64bd9f87e2e0b64d886c4dec62,,,,
281d600ae2f9ba6c6bc7bee0e8025698b9a76563,,,,
2769298cf64a10cd74320ad132b3677bac20a6cc,,,,
8a34ca0ec742f9d3e71211802ac235a7ae88789b,,,,
4a1c05b628fbb3c97c394eebc6810a9786daca4e,,,,
25703fbd1f27b65a7410acd7df0bfaf7c16845d8,,,,
27238b2dd790cea38d95da46b23ed141f5847782,,,,
29b4db5c34fbb7087bc6a08f3e393da32b39ce66,,,,
1a2e3eb0c76b0a44244f8f4bd69b3dfe1331741b,,,,
d3c5e8188d0e6ab693be4ff681c143b0bdcd7828,1a2e3eb0c76b0a44244f8f4bd69b3dfe1331741b,,,
0f0bdb21ef97c39ec7d54d164e07921611c1de08,,,,
80f46a80560b2b2ed9fb418c33df75136bc3dc52,,,,
cfdff4edc529984deea27067578810498541321c,,,,
f40532a23d70639a027fcf87893de8683edf430f,,,,
2c828b23df991f1e86747d2bcf95329cf1696827,,,,
e050519ff6ae8079c5183f6e6372ddb3d03e91c7,,,,
7e648d512d06508d85f6a4e111d9adbdb9e33a82,,,,
980162233fd3693d1f83d3f95985ac33affa7a8f,,,,
097c0e7eae360f376b525448863e86452ebc06cc,,,,
937b2acd4628fdbfe8165db5f97225dddab515e7,,,,
7cf7fba7aab05ea9c41bf009325c63a6798f6cc8,,,,
016ae05d0e2697fe53db276d8e6f098d2e9f6f05,,,,
629ee285685b5f63315c8fcd6138a37bd17b958d,,,,
d1f42bd01e90abe3fb171834efd46a3594ba2600,,,,
c239bf01a9f643fd217ee10efc5992105694b125,,,,
5c80eda321e7edb5f34ffd62c71523310d26b2ca,,,,
11541e8608807d900f0fd66ef48bbc7c5590ee4c,,,,
0a80165a99bff33bfaeeb8fe1dc7b5a8e6f50830,,,,
a2d92ef786ad6fd542afb82543784794321fd13d,,,,
cec3245a9fd50ad1850bdf57d3935d42886cefe2,,,,
b34336cc0adeb8908580631f979715852458a69b,,,,
1a91decf9f6dd7305dd91ae6769df78cc4758c82,,,,
7c3bb401007b4047c540287b53b435b20d3161c0,,,,
24a79413c66013818795360cf3ecc4489d1e4d5f,,,,
b9cb02ae54a27e6c2f3ff934a1f01b88b7af2f11,,,,
1a811b72ddfae5874016de71300e73d8a286a8c6,,,,
bd8f17700c32652883c0372c85f5296276cd1128,,,,
4c838c5fa3c83782b1bfaa069f2beb7a87a7beaa,,,,
d206621a73e4731b00eff49518ea93ba9a4ee3c0,,,,
338a74dfa42a7b19d39adecacfa5f626a050e807,,,,
10fc397ab72bcd3c111b517af687ccf4c9372ced,,,,
406a34294befca4ba2de4b728c86f64b96a94945,,,,
a9f9d4a4d2ede752afa74b22394b80822052543d,,,,
3e237ca73a9c9af18191ff4a23c456c1d427511e,,,,
f71e0ee15b2c456dac28cf456deafb764221afa6,,,,
1ac89543a8d7f969f84fa51d92c4e1e0d65f1161,,,,
1316b57edba75336e02645abc3a7e8369526b2e8,,,,
a2995b7614a6e15af7958f78bd412ccab00589bb,,,,
baef8f8ec20ed3057895f6ec1e02ca6ea75a33a1,,,,
d88c4e46ecffdba0040299df6efbcdc4171d1c3d,,,,
0dd806f43f3bee9372ee9b9481089d417c265dfe,,,,
45f60e4133f64603d5f1a5161c363eb185d2804d,,,,
b1a9a9382b837fb8cff7f9586c7f9516675bf78a,,,,
5702ec8d7ca330c94d6e4b59cea4606285b2c196,,,,
a82c95cd29a6b06d2083b1869129b9e2addac7da,,,,
09456480b838efd97297679840d33f7949449e21,,,,
18571ce09b6385d8560200928a353e9da1a1ffe4,,,,
2b99ffcc22e8c982883ae553bd91d03acc68aaa2,,,,
f25e7ab47f1bed223e30fc85afbe43ba1f4c93e6,,,,
d4c7cce7d733df9fcdcd0daec4ce64fb3844ce64,,,,
35e8a528880d1ae427124b6ea1b8ef810478484c,,,,
63d62a71f59ec485ac79e1ce40e98316d37ca14a,,,,
7c293b661f22245ce21bf2b5aa1c5bf4192cb8c5,,,,
6c01b641b1850b384e57d74ad6471ea4c8fcf01f,,,,
ffee8b442f57b38d57a59745b9062e8d963c65ba,,,,
5d53aa2d11edb3b819b4ee862a10c7bd1532e805,,,,
a35d23dff7642a097eda24caa9c9979c99bafafe,,,,
4516c8df3f45db4ea3495e397744e9c235b68d7f,,,,
b4ab0e1af9fb0bb56b8a4a9cfc948727a7b92e0c,,,,
da9fedead4078cc82efb32e15d8d9cd53c8e82dc,,,,
2fdc2600ac37d11d2d660654b327dddd852eeef7,,,,
640289868e18e82b054be8aff5580d3665518f5c,,,,
84cd815500bb486d2ab3d8724a76f0ac43dc3bf4,,,,
a038655605e8fa1de279b37989ba69a68f83c601,,,,
0050f22b97aaf15446c482c6dd229500ab0e2eba,,,,
ee271afe9041172df24b572231b394a7c6fec0ce,,,,
88daeec28f25266c6fce15e200ac6d2ca9d11eb6,,,,
88af1c70d96d2df15a127ba02d73f205202fb5cc,,,,
9ab94883a8ba88aeeb0a16e2310ab42a46de1d05,,,,
98c5866c7534c1f26d2e41edbdb372fe21387fe4,,,,
bb8d32c04aa06735d0036963685a4bc41fcbaad7,,,,
f8bc19b96da752e216de2c5c543a7d8523512a03,,,,
4a1f2f7ca73fc3cf8d650a4d1b884bc6a0750e59,,,,
b9fad53fc650a9026391bef0fd74aea1bea7ec1b,,,,
2b1cda196471280c4fc587d8664d6373e18c97ca,,,,
5a874816b74a485822bcb60e1cf7fc550644d62a,,,,
1030fb184216d00e3fd43a416931acd3b2fc6794,,,,
8447e1af2d45479fb602a6c16982e7b00b52a5b0,,,,
06e929f1016571f9e5a024e42a4fc5298d9f9684,,,,
4437393aa1a981a182142c255f76ae7cc50af183,,,,
50dc5864fd61ba528c20c7a2a8502204a7a32f6d,,,,
42dabb7a7a7f981eb57d46663456ac1d7c912acb,,,,
16c487a7b9ba54c013254a1c642d31eba86acc8b,,,,
667ea7c640dd0203b2ecdc83f74435e77cbe44ab,,,,
b5b087d5585b734d15873303b1f35c572cafbe68,,,,
c02bc648460059b6dbc201fa21b7ee0ce2445082,,,,
72c3a6d0b4e72ffce30d07b7395031152009fe53,,,,
6bfa13b6e707fb3465a9193cd44c478514fcd948,,,,
4e23adfcc981d3e13e7f1b1182b89a954160a26a,,,,
e02c1a17f83b21cbf42fa9e6e78a891af3edd8bb,,,,
6be36305f6669ded47bcd33016583a86bdda04dd,,,,
03785a4d53877bb4088e0d83558d09147e1f0124,,,,
c5998444cf3c29ea97cea28937180bf8b99dd666,,,,
c49db029ab280dcc1755d855f3641526ad2a5e90,,,,
6bf5987921f6fdb6844652bb77e2fc14b002ccf2,,,,
db71b43b19e24019fe7ef08dd80d53998b9eec9b,,,,
76b70545f248e6970245719f2f584298b8d493fd,,,,
6ae169e2755257b1e8e5068473bdb3156160790d,,,,
927bef7345dfff779209d3c3291d0df51f41583d,,,,
1ccd17791b1cb5ba4487adb6d14a819d2d2840e2,,,,
3c342ffce43546667f59bb16db373061724e1b0f,,,,
297eadf7461fe4043c81c6f8d806a7c61b680731,,,,
4d6f4d74755d6c9985078766fce2eba95d9bbb6a,,,,
8031d77f984e4d3c54782dd4934f48b35cf16c00,,,,
e47edd7a282e1391f480c1278555f4a86e9a8ea9,,,,
3e7847aeada26bf147ca297e79995d43e74fc97d,,,,
b65c0d1be4b0812229d3f166e50d963766856c53,,,,
b027e655538226b56f1fe277a426e0df41501fc6,,,,
4a3fa320e75870cef83f46ab125eda0dfc0cc69f,,,,
19fd084a83c990f9fb75a5f2becb48ac808a1b36,,,,
092c56d70c1440fbdb1e91447a1bc4a2c461e5c7,,,,
15dc6cc7659bfacf3ca10c490466a2cf2d3c54de,,,,
aaecdff8b485dc1baf84110375d4b9ffa6f68c19,,,,
cbad8babe507f63cc80e42fe37070b898d4d8dbc,,,,
7a61718e0255728b7a822b25fcf75a030be14359,,,,
078da5e7f8b2cff44899332dde5db53bfc3a7ffc,,,,
2a8218a9a8cfa74e1049249481f601e042f33358,,,,
e0c549996479c2a1ccf70029ad4462cb987650f6,,,,
ea09159a4087212964787e7cf68ef30170d115f0,,,,
2788bd55845d35ffb753f20ea1fee9711e85fe43,,,,
b39ab7867c208a967090eff189594c2b06dafb34,,,,
e313f4098900b717614cc109a1ab028e7bb5fd67,,,,
e375af3810aa3ae0cc87c9a4b7400e9730ad65c2,,,,
473b3284d42613b117bd5103d59435ab46f0c420,,,,
552c0f0f7a7502c0337b13699de51a11b29723a2,,,,
7335f699f2a8eafa1c103f9ff3f3d1202572523d,,,,
4fb808397759b5569f8e8b49a486026aeaeecac2,,,,
6e2edf08c3e3dda7656dffa1af8c92b6ed333c22,,,,
0f445a535f8ec1135d6769a9e7c1503fd7b26121,,,,
33e27a4f5ac864c3bd7ee124b2e2f2e43e8c5983,,,,
3f7b2d6bb042599a1f4d4a5553df7ccf7c10d1a8,,,,
24ad36778534c5ac888f880837075449169578ad,,,,
40ecf22f0fdff6d3e5404a4a8724af25d0724d09,,,,
90726a60afffa0bff6db74b15340152ebe1d5082,,,,
386210fafe331630aded29f2af64b1ccdf161bf3,,,,
25ff5699f1fb7c73668d5da2eacb53ad2ef14289,,,,
8c4b5f485d64caec97b0abe2b721d47bc19bfba1,,,,
04b191ceb48637fc12cb02a01cf0bb23f081d84a,8c4b5f485d64caec97b0abe2b721d47bc19bfba1,,,
5f7a81f9280fb65b8a3c1f85c4570a18d87fafd9,,,,
161730fda2a15c41a3f620a476ba49f841b87545,,,,
186b5d0f305ed63b23a1db712a933aa4896006cf,,,,
648d08391d5c4efdbfe0734744f19ed9b8b14276,186b5d0f305ed63b23a1db712a933aa4896006cf,,,
6bff094f5a0150ccf224f3be7ee0399bbb6eb99f,648d08391d5c4efdbfe0734744f19ed9b8b14276,186b5d0f305ed63b23a1db712a933aa4896006cf,,
4a937def7db8d5f8229c95c05843f98de1803068,,,,
e0ad700f2c886527614a7591f4ca68a897bb8063,,,,
27a07431fb81944f3df967807a80697a11fef954,,,,
a772b0ef7261b3cbe0093e083d39f6440aa6a936,,,,
b4aa53d806570a4f054dc0af9cb095f13b914153,,,,
193f6be6878502f3db8563465872a1afd86b7c54,,,,
1ae29382e12dd9704d78f12b7948b442005ce086,,,,
df868fe4a372054e0e02af2a1abae6e1160f1299,,,,
7b7e362465d05ad42b3d6a6c8211097dd2053c2a,,,,
10c998b0bc9728276a738ed24d20c6fc82c6365a,,,,
5adbafef3b9ec05de7186caa9112f3639c7a6253,,,,
ebcc1b4eae194553e2e9764d9e0c337e0efc320f,,,,
92870553389ef288d81c4ad670463c4fb1002c69,,,,
505a76a8bb7180debbd36637dce1b9101150d0b4,,,,
db1506a5921f70134c3b647cec51204f0e1c1416,,,,
66cfc7bab3dfa2e079bbc5276312c97ab02cae4f,,,,
8f6baf81885793a8615fde946674a61340ec4e91,,,,
a558f8d4f197f0f83a91f8f7e5dc9653d5c24707,8f6baf81885793a8615fde946674a61340ec4e91,,,
e3df09b9db09d6cf2834b0beb901c253be9b6120,,,,
6b1e87410da4a2033c286fcaa758371e48da62ec,,,,
8e2176d93c95d847c813f54d54aaf9bafba4d5c4,,,,
da3b1380234c5d1745094f883778f19e58fe9cee,,,,
564d55023ec7386c31277db054ecc63d966e2b29,,,,
507d40a79f15449ba6d79ef85d7fdf6bf50a3a65,,,,
4e63ee7cc7c4ed7d1fb8ae916c0984b974c175c0,,,,
370b1810995c48129521d1c86d7b0a31d1d966d9,,,,
b103932ccd24235fad91c104f46b5c5194500bfb,370b1810995c48129521d1c86d7b0a31d1d966d9,,,
246ccb8e04515c6e85544b32035537f60d92b5b9,,,,
a253ad3c71a07bb4d1883fe84be217af9855cfc6,,,,
b9dcb010f74675f6369f7e74b931b670e0ecab51,,,,
eeec0c07b06e6121ed33e20f7c663214538d0da1,,,,
9e7fae0d83c584f98e99024ba6d20e53f14b81f7,,,,
b7787bf6fbbb33b5d16b34dab07de52b76044a4c,,,,
455a628305dc49476d7033701901d119db3fffdb,,,,
35df815fb86d201e63b4f0f2d53bee3bae5c0752,,,,
7951037f20e8d6752ab0bbd90189a8276bc61a55,,,,
f3aedc753c877cd947c6eb968f1ca8d8d1809f8a,7951037f20e8d6752ab0bbd90189a8276bc61a55,,,
94446e53dc348b9109dff46e92484ed9e6cc1d72,,,,
c78eddce7ed3045b5508dd6713252dca8766436c,,,,
da076f4a632af6ad1d66382523f4c50e9de9e62e,,,,
93092f7ea0e231cd7d615f8ee6420c9b73a5367f,,,,
31d99b6aa92aed27acfd90a4d2a278c077a47a33,,,,
8609f74db329d97eac054cca2d1dd188c2960ddd,,,,
768fa17085ac938441915a82987c99b37ac52515,,,,
d7febddb6789171ccfd22faf0ee4f00f3e9c9490,,,,
5db5f3e39a682640b64bc904f30cbd2e0e3de4da,,,,
9c4ef26d5ca27fb789e88980112598a31d178a4f,,,,
7a7c70ad7524594339c4388b897fa1eac6988928,,,,
5772e7bed88198f57fabb08c2f48a1de68dea72c,,,,
88ec9dad9dc47790a3fc4e0f5ad939ea5530dad7,,,,
179dc3acb28a8a7fc3c1eddf6c6ac54fe49836a5,,,,
913f64476b66c452fa03cb4fb8c09d831825bca5,,,,
66c348b1b85e341ed508b9c10028c037a226dfb6,,,,
11ebaccd64db6413abdf3cd60b580e2703df1e8f,66c348b1b85e341ed508b9c10028c037a226dfb6,,,
75ff17af414b98dbdd891f66b9425692ca799fcc,,,,
d346a765e3064a951c5d55119b80b8432a45bcb6,,,,
819e512138f55d70197949a4fae208a81ea86502,d346a765e3064a951c5d55119b80b8432a45bcb6,,,
8363c99b51a98eb176e6baea82fcafce3225ba2c,,,,
35b7ac250b5fa0b8c8dbf728881cc9dbf6edce19,,,,
b5dd0a16f4197cfab086b3139892a73b27c8ac74,,,,
d7e4c6d96f0e5b26d4b392e6b36595ee644fb9a2,,,,
934f3cea7effdff3b43ddabc9d0f03535fa44e5f,,,,
5d353e241b0ba76ad1a0b42ef5c7a2ae54106860,,,,
014d5594d605515e84f935eea3fcd1a201648653,,,,
037f91d61e0e632bc6b3b32c91b8cf58d8b673ae,,,,
c360c3e4a38b51f72b109a095a648433754acc2d,,,,
92d5efc32ca79b23225a2fa5225fe07083a0c3e5,,,,
490436c136a6e7e44a3d907378afebd264d3cd3b,,,,
80b526be7df3471876eceaa2c610747ca7fb89da,,,,
816e8dfe5413cf9316bf1946afe6f236d85f8351,,,,
aa743cbd7ab7815bfa84e11aee9d3783c08e9eea,,,,
bbcd93803207f22d6c549bc79dd7d0c28e16be26,,,,
b83c38b04c3e4330e6d5f57e4c5d7f3fd62942f0,,,,
81b4b9ae3d17c83c42c17290348e2aed6f17d28b,,,,
7c7c505057ec350eada8d5194b7e30337277f9b2,,,,
4a8fec4a6698552ee14c232f122f3c7387679b38,,,,
ee4672baaf190782c197b886f13aea566ba3253f,,,,
4f8d56aaf60f99abe643e79c6c4940a571289a86,,,,
f58683ea07c49aa567a3dc888b12b7de92918ed6,,,,
505916b92797035c6c41174f220d9e9c9f669b79,,,,
d983d525ce22025dd6ad4b27e729e1a1917f06f5,,,,
3c2ed9352b38f39ba57b322b9006ab82d7a4470f,,,,
ffdaeb2bd19b299613de7aebc809079bc2cd4416,,,,
049f8da23605e13f60a8a53a519661cfb226edc1,,,,
e5a94bfee2bc850f1999c58c2916655e8caba2d3,,,,
8f407a78dc5ed868c1b59ccb68f489c8ceae875f,,,,
9810e61b1bcfde63d3156beed6f8043ef70a283d,,,,
e99c8148301c6ff6b6ed529a26ba3337ef20d016,,,,
c5a1b86062d8cb46cffbd300916c55a1677778fb,,,,
f8e778ea98c1f6dde7c2ea45541e964e6376ace3,,,,
f2c3ebfa0eca24fc021692428eaf12e0014e01f4,,,,
c85fa67e1c65caecb96d3a044fbd5ac835cce3db,,,,
1d71cb70367859223edfab65405d999a0ef21f7d,,,,
20832f1f1b5bf028d43256a8b2172f2795b0c02d,,,,
7738e862ae5337cb9d8d07092e57520e8368f912,,,,
2b17fd805098e0c42821dacd5695db067ce594f6,,,,
8d4234345bd5a03194032acd7af1e03d6b2f7711,,,,
07338e7553279aff45ac2b13ec8ea19f98c9069a,,,,
3155c625c69e3251e3ecd73d50f1dc5ed48387d3,,,,
f91abd3d46ac1f7ded399ce3bbc36fdfb70a91cb,,,,
2a0be3b0f09a5473e5bd7944fce5286742c80a58,,,,
b0a1bd833c2ea8e4ce2063636b0ee638f3f97f9b,,,,
6c4f15e2208ba3461508327fea5be81c6e53db7d,,,,
243db1c289e8e1394adc7751a7a545af6df06fc9,,,,
a56996dd6cc1249223899555ae2e6c66d7acb9e2,,,,
c1c82beb2d6cea17eb5a8164a42dde1bba2ef77c,,,,
4ff5a3e48e312fe10bae206027646e8a5f6b1002,,,,
fb684db4a87c7025b3a1947740d4f8ef50019ec7,,,,
357d491cbe5e97e36e6bf0731bcedfd8a1c67ec5,,,,
0b5231ada5ce365b41832ba8752ee210145d1cbe,,,,
b2afb8c9698875ca4b6f2ef4f1f18abfcf9fc15e,,,,
60bdfc061cf3ced688a6b5aca9f00c4a3390312a,,,,
b9696ac80bb496b52d05c3884f81b0746d9af9e2,,,,
4fa10356f09908d8cfb9fd4448983ac6d7e80ee7,,,,
9b017fdb391ae1c5ef890e3824a77d63a490dc11,,,,
6e9ecdfe21b8bb894ae9a4473a76eb3548e84b87,,,,
bf5305e2ee207a415318e4375cf98c8521fc56c5,,,,
b1bc59393122888dd7dfe2c24026d7a0bdf54141,,,,
deee04015105b833553d0fe8d0ae4eaead60a3bf,,,,
582fc08019c5cab275c4abc054d0fb69c72b7fe2,,,,
14678e1c446e5563bcd51c590a0667fe5bedec01,,,,
00921f22ff9a8792d7663ef8fadd4823402a6324,,,,
c391321d1b5b59542d847717654b0d4dba54cf2f,,,,
4a2af3ab072c67408e477f3e41388310f8f414db,,,,
ec2a3c750bbfb33763ac56b8b0a660bdf8542145,,,,
533cedc4fc555b4df573c8e17594941019f5e50b,,,,
ab1e9c78ef45fa6b8702a0890c2ae3edf9824a86,,,,
960186af89d0fb6601ba147c5aa7216cc769aa7f,,,,
56484823110d39b33d36b594c42b3ba2317889ec,,,,
58ae402b1d61e74511cfd29e1aea7e9597b3a76b,,,,
6bdce73d838abccd8495c979c45bbff8a8bdfc5f,,,,
acf84b43e9b7c8aaf92784569075f00e83cf4809,,,,
98f707bd1e733821a02e13b6ae0fe9bc8a0ed9b0,,,,
4b0e3e57bacf9e4ca6e692cfad314b2ba67ac8c1,,,,
207d4cdee682b65f3c434b51f440b1b6c28eefbd,,,,
25e3c1b3c6f0702b6a60bbaa29465e3dbb1b8c76,,,,
e1cd19e86e0623987618e1281d3c09a73be7c4bf,,,,
d54e0d6ab590b6a6148a5e2629c45b95d3f40eb8,,,,
c34851fd57bc7ef3fc2c847d71ae4cd8f32670e3,,,,
4d4766e3a3a9c6e4178b0b0b9cd625ada9d2f427,,,,
7fe431b21f70f2187afe6f28ccb3e78140c4719d,,,,
bf1c57b33d2c013a8096b5a1982a00c20ce25909,,,,
ccf4b9f34f0fe68c3e0ae3acc790f58299f1db99,,,,
5aef16ad0600f525f4515e55f296a987bffa8058,,,,
106f759571a242ab4cc0b35d1098eb4f52149394,,,,
0fdd4611a0918fadadc9e6ecf594c9d97b8f5ca3,,,,
d9b03acffbbab90dc0b0a1922d28c60893624348,,,,
ce911bafbfc4bab88fbd0827273ab4e9ee2de0f7,,,,
8824ac9fcb245c0191471ac9190fbf9ef652589c,,,,
878e3a16cad1a00e1f820c3480eed4015cc19b9d,,,,
f395c706089bc0e38b2af133fb7bcfbc8d3010f0,,,,
91a004191595b1048583d921d9bfe3bcc5fdd81e,,,,
77713d9d1a91ca711c4716617280ef33514d76a6,,,,
736ffc9b965bff26745f77b4eb31e69c2393dd8d,,,,
27b3a7c3440e3e04fae1a1eb766ed13733c27949,,,,
b1d46e45c6e770b91e48917684f529dcae1c616f,,,,
07dad1cd558f9f14d3520018c0da20dd0e6e81e5,,,,
b8830ddab15bd5739f8ec30de81d9e98908727aa,,,,
707940f1a6f3b80d3e340cbbb7baeb3d8a5057bf,,,,
27799fec97b9ed7d685169593f7e6da06d52df0b,,,,
1236ba41569e7c99e9c28eddc6cf079e1e0476df,,,,
33b88d34a9c242787c5878c9192f77bbb163e446,,,,
df0c195941537589d7cb224443f40899e2cda5bb,,,,
9c4621da8c37f15917f1e189f51ba04c084c2788,,,,
efcef4533e31191f097791e9a99d15a35573c453,,,,
2b3c4777523f1ff19ab3a36ff8441fe2e22dd35d,,,,
914beaeb4cc713c558098b0694fdb48fdfab473c,,,,
f364b8a391f9597913e7b16bcf8376ecab68eec6,,,,
f42d56c1f8601d96fa53ff59ce69f9a97dd31e9c,,,,
314b6e1fd703902cf1b3e14759dfd4db58ca7afa,,,,
61081277d84ddf12e14a559af9d27a5bdef97d1c,,,,
1e7dc12c3098061a421ba709b00aaf07d3e63b69,,,,
519d8f7db0d3243cb3b60b156369f3f069e20e52,,,,
afded924ffde28c1f491db761774e14c5e954413,,,,
221a751d0a67e8d1f240d30a2f56c71a31d7627c,,,,
3321f99643edc5ebc4bd8f4b9eaea90744fc6d60,,,,
e102e64e9da9477494e73fe7291f15cf50b4ad70,,,,
9eb7fb9062651e0db04430ee497639b054dd6da3,,,,
5a80cee9608fdf93fde7d5b132d6ddd8a9eba946,,,,
bdf7aa4823fd6bf7d2e3e1ae32158542b05b9ed3,,,,
da3775302c68c628138a221409910ff9c4ca48a6,,,,
d4d985503e79334b45cc13d5757a47a7afbb68da,,,,
69e6ad8cf3b43e1e1eb12d6c9c2e87d72a4aa789,,,,
875822de5172607496e7bd219a177213df92b7cd,,,,
f5e54cf75cbf7dc48fc894a8f6db5880c2abcd49,,,,
c7d66e944d94c7452273d8ca998e7c506e385ade,,,,
19344991af148ea46ef0492c1f9561a93f610448,,,,
8b993b4dc6de85199f2ac19b178275180859ed15,,,,
146fb121086f5aee41c58785e57199ee7a6a95e4,,,,
fde22a8496a160fc746c6f193dea3f29d113c6e3,,,,
713250f5f0439e4f83de1550fe21068184f17f87,,,,
95d20e5b47aeb179493fba5b1f40df9f237538db,,,,
dea05884710b451bbdf74d91719e7c8be95af7b4,,,,
3826a23ed5e77115170f3ac57dc2385234473f1b,,,,
d8cd37030ba51a14623abc4fbe168454b36c2970,,,,
dd0c9c414449406266c72712aea65472b5a2f63a,,,,
90104943b28cac1a95b037fae8e338ffe04398fd,,,,
18e163de5e12fe8b88e5ce0b60cec461948573a5,,,,
d29bab50e5f110f677f041c4f3602dc3ce5d76d4,,,,
a50f01127276f45797cbe8623790aa2de818841d,,,,
f7cbe9fa173f1f3cf91d016ed340f90a2bd61242,,,,
48d25adfc834c5a8502f22354edad31374763053,,,,
82cd2566830ac2b523387f441b0771c6ef408721,,,,
9b00a0947e2cf8e603b89070afebf22123867f4f,,,,
e7703f70e0f679d0534379be26aa3de612747f93,,,,
0918430dc20b6d2952ce393d218c355135de466e,,,,
a2ede974b95261885404a02f32a918dbd9213f51,,,,
e56c062f279dc110df4707024654b2b7c40f6c1d,,,,
5e42bd64bcf3c1557f2f108f57124e3e066ec158,,,,
612a816d986d74eaf23b4b07ba0adb26a135098a,,,,
6549342061eae34da8f25460e70d832666d730e2,,,,
40c09ed5e5ba8b3f647d765a8cec1e298c871bfc,,,,
3d63ca75fbd5251328323d49987eba8da5d7f6e8,,,,
08f21ed71d44a819e969174596f3118ea318627c,,,,
11ae61f5398445c05da2b5dc0c32d2633921335e,,,,
5c9dcee7ed4b4a13f54e9221be4891d2ac0f0f9e,,,,
2a7c3499766c961c6996429af82c3ee374d24a33,,,,
ef619b6a9bb9fd215a3996c8dc49f21e04380547,,,,
efb988655cbad639bba5e83475310ee702f501ee,,,,
a33a4e769335300556f938b1da803b07078f881d,,,,
cc47ab6d002a0810f44b1cd8c40ed97c822b7e08,,,,
efc51fa4487f80027a1ff95de7e5bd7479eaab47,,,,
be8990e06d53eebef8db7404e4cf4aa71df13590,,,,
283cdd0502d61e5ee339c80de5c0ff27f05c239f,,,,
f92d45bec1be76b1e38d3be2d9700bbdd9054d17,,,,
3af70ba285057e3a82d68bb6d8825a05f16fcdb6,,,,
cf2083f06b1dcc2828d1e053030f63a9760c6344,,,,
04c6d9dd69402038d78104f1cc48c22e30edfddc,,,,
97b12c7245be24356314fbe333491461eb9b892c,,,,
ed66e3b3410ccc81bf52b158b1b0ec86f6300951,,,,
96bdda716a2f4f15620528e9869c00a11242bb98,,,,
7db0fe6a3859cadb4658318e7db262a34fe36b17,,,,
44b25cb7a1385ba0e019db97e9fe9899737b2d0f,,,,
14d24cca30bbbde9c515004fd72234c7a1fe3039,,,,
f69cbd8ec6ec7cfa78a83892d32c7bb3bbd3a7d1,,,,
c50b6c39babb9e0c4265e632aabf9c38f69c6730,,,,
57f5d49ae9a76f2a3a17fa7c7966130c7a7352fe,,,,
c387e842ee16dcfc6d4de7bd3acf9f0f5595775d,,,,
7c01c9b5818f10dcf92dd6696b736605d7dc17e8,,,,
a64976a3774eeecc2830bdfc3bf70499f9cfccb1,,,,
a6d05daba6135dc3096b906643451950cd577d2f,,,,
257710ba1a40e0ac78f5f8035d9663775e122d41,,,,
cb5c29d02d02dc7f7fa4f5c1a97bd2a59078bccd,,,,
dcedd9fe96a208d9465c73c370821525e148d398,,,,
e1e8c5b083e0c9f6e6c6f4dd25d35ad039fc4ca1,,,,
78c4e43372baac8fcc93a7093f4006d8205117ae,,,,
26c41d0362d9f4bf27568e6ce7fcfd7e2e59fde8,,,,
2bbfbcfb29463f9723a0efe548d46af7ddb3fbb6,,,,
71e45856897dd96d403e01fdf1f912b1420444c8,,,,
b7c430d0683c8f682c5a88a063a8bbdda0ebdf07,,,,
3797da64fcd13f2b8a6458fddc02a11c8f0c1fb6,,,,
b21dc69e815a97da922f5122d124d317aab7b78e,,,,
d0f1dd6668ed56c2369525818031096cd87cee98,,,,
ed8e4eae8f79b6f88562d3008292a1927b21786d,,,,
7cf5c240a260c30572729b3a1b29863b64935a44,,,,
8b06c44cc0028565b1de42bebad024f20fbc1a00,,,,
9b889024596dc47dea4917551a2d5813796a6b19,,,,
489f929686f29190e7a3aba252767ba38159bdde,,,,
02ef9445dddcffc5f701dcb43ef0fa3d6acbc307,,,,
69e35d6c4a77c1c693587dd84b9032118fa7b7bd,,,,
07ec890372feb58ae69578fcc8f76483de178c70,,,,
f0334862a20c73ae82cc15003719838f40dccfe6,,,,
61e13fa6ce03029df2eb78762d6bf11b07a36dd3,,,,
cfeea7797d9f3cbd5c0685f39d8b2a9cef77d8bb,,,,
b9f0783af5f50bedfa316aade9ce577af4bc9c0f,,,,
06f24e2e0ba4dd6d8920d188482b9eb1e08ab888,,,,
e3fed4b57a295c73fcc98f2abbdd98d3a67baaba,,,,
7d98b320509ab460e337e54afd8043297164777c,,,,
a6e306437efafc13cf2c2e9d681d5685fdfbcfce,,,,
b0e91d47f5fced59c89a34d993f4d87c7986b04b,,,,
c0090f6f0c94b502d8043ffaea20b57500188156,,,,
a3e3d487a33e48d0ef697340c5deacd7ba59bffe,,,,
bc1ca6c8cf3cfb36f552c6315f1a2ec359e3bb6b,,,,
de58386607f6c080ae5466a17d5c9cdbd25b8df8,,,,
511b60c6f650650b24df34ac55dd174006b4cd43,,,,
030c2cca31fa41dc938b7a6a5904c90bfce6dfac,,,,
a46db89b2a691f979d722e51a9540e7dfd61a845,,,,
ff593bf3dd942b3072d9f6608f1ec6cedd3d5421,,,,
c60af641653d69a0a7fce6088f2954f41b204a0a,,,,
0a67b12c647bc3fb42542b640dfb698fcf802456,,,,
291ec5ea17817cb374c1a2342dd280ee986ebaa3,,,,
c55a66692126c76b81cfd20c66749e3bf1bb8606,,,,
7f639a60473c903333b0b0adabdc5473f54cf5ce,,,,
2a6aab40b4def2add11755868b3bb17fe45908e8,,,,
99278dfb9c31a2c73a3d798e17fe44e33fa8965c,,,,
6ed8f43d8d0d6a8f846ad5695f74ada014aa3f5e,,,,
5e5458ec38f7a204bb40174e13262c7b892de89b,,,,
2fd52c9dcf6740d35ed78c0a5d88937a13416412,,,,
497fbfc04b1fd8ab1db6afe72742a0755842a73d,,,,
4f1754bdc242e2cd8766607908024891fe20bcde,,,,
4183e6e47c29f6d34313a83cb748b4c137b8a353,,,,
d2ddd1dcadffc6f16901f634a6b04314f48f9d8d,,,,
47d198513915532e1e8a3bcb0f9a6f98f5a794dd,,,,
7e000d5a40f8bbb817dec42a8f9fd03de0f972d7,,,,
b0b3a169ce2cbec5353e3d625a94f9b6cee4765c,,,,
38ab4b10a47614a07bb2e3be6e98ee4b23074e7e,,,,
8f078a3f4ce0599f958c1363e55fbc966013cdba,,,,
692428eee5f7af1118881c1140ff45cd33e99d18,,,,
42e1c463d4df7b210c9694aaf9dbe36c3d29a01b,,,,
982b728f24415513a18cb51097b5a10d2f9b66db,,,,
50ec158e25d1ee81e788e29e15366e3955c8295f,,,,
4367ec1b829f46da60bd592a671ea1ebc8aedcd7,,,,
d872994260df2f7591f35d6a260cb474e9508e4d,,,,
4ddbb8546d7ca50b57213da45f3fbd021ef7fe69,,,,
d0f48b3ee504650330425707c363ea103be3c3dd,,,,
06356db1c4dda514be086961a891aff8765c63be,,,,
a6c14b41814552152df335cb7f811088eb7eb160,,,,
48d615d3113cf3d2a9d33bd5264c4f334d34b5c5,,,,
65be281c16b277c0adb647ec864414c4e36bcb03,,,,
5469d806e8a8a94f774528fb65d6c52352ebce6f,,,,
6e49ef3a600f9b6602dfc205137775b97c6e9e19,,,,
20747eedca6577af2031c107d4b1ec3b69724731,,,,
70e2b998d2941b4568e8da54bc1fed851b602d77,,,,
5dacae368b125cd6371bc5d74cb1820ba0a5ca5a,,,,
8a8fcb6ef4a8e7c5a35e03a8ea043e0984ef2cf8,,,,
855419359cefbdb31be38510db121b17170af42d,,,,
582af3e74adca7efbf7d88d092764325341b719d,,,,
24d5490e57f06bbf1384d828fc3448bf7c1f5b70,,,,
7dfb0a2a3c86528d3b7bfeef1fe2df38339b450b,,,,
3ed52ef8a247496c7333ed0ded72f5bb8fda4e91,,,,
2a59294909d0d0ede024533bca04c86a46c14411,,,,
f7311567a022dcdfb00126b4931a485a8afdb134,,,,
dc290ecb457d74cadf7286083e955cfe4b29bf94,,,,
da45d994ac31cb8ef78ff429fd7e26e5f6834749,,,,
c2eb4863a8cc4de79a7f63fea915bf9397981bb8,,,,
ec97d0aad024890251d4105001f17c56d6090658,,,,
043a4ad4ff235ce28bc1bcbd594c50a262caf373,,,,
0f09f78f3e04a712b0b066d0b2710c3d0af749e4,,,,
ae1da749b780520fad4a444f4b8babdfcb9a583d,,,,
85bc9ce9d01cb1174572ed23372e18d753837eec,,,,
598f206a58d1dc14fbe48812ac28266789722dd8,,,,
c015a98e0ac54fa82a889d3e48396550a5905196,,,,
d4da85f39bb4f58293817cdd1703ddea66f66a3a,,,,
f5dd1256e467966f14a7447a4cd1fc45f21f19a3,,,,
9346fb3638f293b585560051cd57ef7e513c0d4a,,,,
a89088f4d9dbe95c6bc8be20b4e4ac438cf6abef,,,,
a976ca38835fb029daeeff4d8a2042e3812971dd,,,,
6c9b04a8dba0245c37fc2f43538bfd3f5b84d8a1,,,,
6ceab80bbea272c8dab1881f6456f009b3affcd6,,,,
950251e92550afaf91c96d33db38c288ea4df01d,,,,
e440e903e206cac9832ca2c56592e6aaec844b81,,,,
565a97f98c16b35f31211e8e59f33fba3acb258e,,,,
9b500a87a22fa2d0b0c3f940371ff990ed49f280,,,,
228e8a8f54a29a4822aa7aacd76b0fef8ad1a00e,,,,
b78be5000bda64361988775e1193e141c170a6ad,,,,
dab19a3c7d0e82945b2faa1079b0f55250a490f6,,,,
5efd8b917204726d0b40f69418db37eaee692f55,,,,
31ec5bafd87c58d814ef7b68afc8174e4e08fce1,5efd8b917204726d0b40f69418db37eaee692f55,,,
2e43fa3a2ba4a8d91a46beb7cb7142c1f5ff8ab7,31ec5bafd87c58d814ef7b68afc8174e4e08fce1,5efd8b917204726d0b40f69418db37eaee692f55,,
6973173fa2369a69eba337554eb02fd331fbc62e,,,,
3db5d18a439fb5e2cd3b3fc20daf1a8c742f9951,,,,
88fbea116d9107d34d3e95ffc17045a1356b2bc8,,,,
e0ce1d770da038f4530d3193584934b7f243ea4d,,,,
ecaacd852eff962dd9beee2df47db0f7f9e311d3,2e43fa3a2ba4a8d91a46beb7cb7142c1f5ff8ab7,31ec5bafd87c58d814ef7b68afc8174e4e08fce1,5efd8b917204726d0b40f69418db37eaee692f55,
142a8ede9203f702a9af0d539b8187717b6e6a3e,ecaacd852eff962dd9beee2df47db0f7f9e311d3,2e43fa3a2ba4a8d91a46beb7cb7142c1f5ff8ab7,31ec5bafd87c58d814ef7b68afc8174e4e08fce1,5efd8b917204726d0b40f69418db37eaee692f55
f2fee789800161a39a366ae407e22a9cb42c6651,,,,
29bed59c9a8b735a146f95423f2ca22e667fccdd,,,,
0a34fe63b6d6a570a03658b08fc1772c10c3bdc4,,,,
2d474b6c082d9910825e257af90eb248aa37a9a7,,,,
12b1bee3335cf376dfaec3d02ec1fc258c36f3b0,,,,
bb98038a9c7d2be659f643f22fbe36b8a47c326b,,,,
888b3f8a7a9ea9b9ae0b909cef0696a03d304c0b,,,,
5031408866bb0c52975c0e2801b82c17a95334a5,,,,
81415b5d1bc429ad44f8cb0d0209105372feff23,,,,
a7da603c4f7905183009112f494b5f0faa8cef45,,,,
5a43a94db5f592a656baab8727f771e54696dc7e,,,,
8e74cc8fc9d43b59ee2281b15cf13b35a49b5447,,,,
97143be5456a6d954b755ad68425a1403b91c493,,,,
ae6f8020e751a3eaa33e20068dfb76ac6a751ecd,,,,
3a76567b797e7212f28d4bba6879afa955866d0e,,,,
255f3cd229f27dfbcb432de20f70a070a7cada63,,,,
5fb258e8ea0cf1413402e822a6064a5cdfbbc7d8,,,,
577f6378fab6b175f705476c53fa0236a5edb4c4,,,,
eb1df6f0dd36432b6d7239f9482b82f02354fa13,,,,
0351b5c7552a1c14d5f612b5b920602e70c90a46,,,,
8a8ad82046a17b3b211f14d47a2619d161857964,,,,
6fa5d1456c0cd3c390eafe0238155a0810d3278e,,,,
4993f827271740df13783f07d69a0b0ebd8c8122,,,,
9360f50b49dda3fde0e4db7aea7452279f9b5709,,,,
2787a85ba73c401db81579e408ee0703358e93dd,,,,
3f3030e5f5c7cbf71575cd737924759f29d69e0c,,,,
e624508480776250c5d476be1733fc715fec43cb,,,,
120a7a10b0cd31faea5f8fb6d811ad97860505fb,,,,
7a97edc865746b978a1455f5330aad100c239302,,,,
e6533f3d4016d27e9c9ec1f07c6fedaabb4f39d8,,,,
3398a6911d8b4b0e686bd4950537ed561cc8b9f1,,,,
3da2ae3091fcede54aa829e4679c57d58b6cdfa4,,,,
0bb6df16bd5cbdc4ea41e4974358f6601e27ed1f,,,,
9bd267ed8d0c6a09cee5fd0c968b5acf26993cd5,,,,
df8d3d4a63af5eeba2ed3c63cbdeb11e96529f07,,,,
50a0402e556ae6c34dda48c221bf43a7530a30fb,,,,
2a07b408ee6f1bf63d06e4dc8da04f02fa25a4e7,,,,
e1507574215e46582833afded979318cd1684f7f,,,,
84d71fcb3cc272c6c2bedd8fed063e42195fb4e4,,,,
2a4590527da8aee94d3f211aa7e6ce81876d47f8,,,,
20c0ba689a38b65c4f6d31255fa34d434c5c27f1,,,,
963ef01ab8b669c1adbbc596df2ad3546e93cd0a,,,,
f37ec17d47ac319b9583de23fd04e197b7c6dfee,,,,
48bb971398cc88bba32c22b3964acc7fbcbd03d7,,,,
8cfe9336ba846311f2f37c79041c86a478cadeb4,,,,
bd4efcd73f1869856fc27258b9fdb328209b6e1c,48bb971398cc88bba32c22b3964acc7fbcbd03d7,,,
915a9f5e1d7b952a1e21f1348626f8e673e87a65,bd4efcd73f1869856fc27258b9fdb328209b6e1c,48bb971398cc88bba32c22b3964acc7fbcbd03d7,,
96002426624d5a79f1946adc679244247e3c4a5b,,,,
2049bb7ddb70fb7f1ab38ec06c0963d27346e7a8,,,,
a18d506c4fcd4ea9b5334a19203038825f321cb6,,,,
cd96d29a933e13600221c7292cdd3de72c4ef86d,,,,
fe81c0fc98c6c47f0423f043c659f465ef5eeb40,,,,
5074fefc09df86ad14d550c125f82a025b121a22,,,,
79b4d44c927ef61afe252a08275339a24d6ea6ab,,,,
3b03a5f34808794014df417009038c20059b8cf1,,,,
ece0653e8e0872b96f3e51a9e456c5ecce0d62a0,,,,
6a6e806552e38d978b7bd7caf630762c914d7cb9,,,,
2b50ad637804299cec21390c85b11ff182ed15c2,,,,
b99f6b667651a9fd8d21aad2ecd067d183d72b12,,,,
67b1873b669752494c12ab21a48f43b2fd042c2a,,,,
ba842ad58fac149426b7017e98a68edc05a4b945,,,,
7e551e100ede57cdee87a1dae7717b37087e8ddf,,,,
f53358fb5542b57b2215912fe37afcb3a184cfc4,,,,
a0852272684c99d523a2e06b947aee3fd47bfdfc,,,,
cb3dd92ed26fec1b9ed5784f7fc4e1ff8f003326,,,,
9fdb13aecab4b76a6aff1a60126dbd1f81799690,,,,
20f47285a85c8201d0925b07002a19d29d88daa8,,,,
1b6f8e26cfce46cb5d6641720dbcf8a05e399ec9,,,,
d76664ae1ac422b1d78e6636cf7717b11555072c,,,,
0101b8879ce30e3007ba8b86b2e52bbd514ec4ad,,,,
81f8131fcccbadc49fe10bb7d0966bb16c2d4083,,,,
8dd67934e6d277ee2b46c2af3630c9f232bb54da,,,,
37aba7aa11cf790050acd8e0a4c0ebe1b12616b2,,,,
fdf3571a8b1b70a3bcb9ef00500bf9f4e644cf07,,,,
64917b80324e697cac5060e99c220a52ef5a19db,,,,
9e588fd1adf72098cf7c450fa9e0d107e4ad6fa1,,,,
f830e07b669c914342125dd5973754ec4c822939,,,,
660f9cf819b46a7ee57d12f0d7b90fe48d9c97a9,,,,
71da0cd97aedba8e2251502dd78eb5d3460fad76,,,,
3008cfb4423bbf29a3cb5e75e732a328ed5e845f,,,,
88d5c9c29649b29e8edd988106fe6d198a41c639,,,,
8715f19d0d7c728c7c5d8e242cfdd43dbee0ce5b,,,,
9f6d8d21c7db8bac5a8b24d73ed2d8857e183a8e,,,,
4037e9db9ccde86966dd56f6f93ddaa0997c67bb,,,,
0dd7973aa2500c77dc726d795c7d5fd0a92a5e5c,,,,
d31324c8b0cbbf12b8645a8155fcfa80e7039544,,,,
c6e0a61d731245388b7dcdfb68a9a8c438e480cf,,,,
a33f73e2026de6060199ab091b9b7ff369c50eb6,,,,
7029d9b058282cd114afcf52fede7b7dd168f434,,,,
4474eb8a1b3e376af5ad14a5a69e7bcc97480f23,,,,
dc8cd476694af283e8fd0e80234b2c324cac4f22,,,,
296d537b1351abeade7f19a3d20f2e5151bb306c,,,,
d301cea84c9c34d7b5769d5d6ff29e9dec33fc10,,,,
05de2b1f475ec37820ed7064119655b0f5c248f9,,,,
eb19487b669838127429e5e1e0c50fe1391b20af,,,,
274f677ecb8de58404d85a79b8e7c3812fa9572d,,,,
df4309b45db630a669694e4237a4a3fd7d2322dd,,,,
669415cfa209d0b304379aa5e1b614b486955312,,,,
26198c209486e8ad1956c1a8b0a38d1633e360f3,,,,
46d98e1287a82f1941911146436287dfb9e0e36a,,,,
722f69fa964001697bc9859d1d94cc215031f4b7,,,,
810a54fea89c18919a82835b538700154e439ba2,,,,
2b903d446ad57e0ab84cee7556a9a68542d72d29,,,,
7351c4bd0d0229750eba5bfccc380f04ce8c67db,,,,
5bb32abe03bfe22a4179cae02b023afc5fcdc75e,,,,
f4a7b26f2826a26fb6db20f6c7e1bd4b41fb89ec,,,,
2e44c7e98c0339f7a140f936ab2f699e0432559a,,,,
e8e8b43b76acb0f6bd7992834b452e5493b44b51,,,,
f08fccc5cbc440f6ecacfc39117421bf8fb700c1,,,,
af759961d94df68c07ab70908812755e01999ec6,,,,
71c5a277d229f05c7360fdeed2d6700004f41970,,,,
545c909ec98a7a133245da705f2e6f66bd7178ce,,,,
219fb2705b213fd5d2d1c53bb9b0713575ab5a92,,,,
395bf8d74016964e6bb7afa19becb67e603fdec0,,,,
51135a727ae439104ec69a3b3de5ad062cfd68d4,,,,
a02fd05f57fafe250c49b032039add7673d9c11d,,,,
1c0e39f7c942cae683225138e85eae7e34cb3a4b,,,,
c0fb0c558462063f67a26c4fe983caf628af2b6c,,,,
836ca817ef59dae0bc787aefe05ae43908bcdb33,,,,
1bcd631bf913558d6213ce1e66946444a88a7a16,,,,
2fc3e8ee7f672cf75e8a028bd72780d923287ab4,,,,
f2f428101bd3f35c30c2433f38eeaeba6dc4bf64,,,,
ca60ebbf73e551f8d4d45405593609f9934f5ce0,,,,
ad2546fa8d3982f6671e8022e05e3fb21f32227c,,,,
75fde7165e9541da926ecc9763c905b9783f4c82,,,,
1250a6d023092e739700ca8260ecfdc3c6a20cc6,,,,
d6c75ee25ec7c9cf3955d1610208d70445fdf619,,,,
40958b688fc5fc028fcbd4eef9aa0301d9374414,,,,
87666fa1948d22b89fd8cf547d5b4ef86044b9d7,,,,
cf5ee40d6397ad5e6106e74612620c797561cbd9,,,,
ff30070bea5bdeb12deaf3d59cf639087033c8b8,,,,
d320676ae1d031f61f7ee099b5aedf844a874296,,,,
16d403f5354ff7428e54f78ea0fbd360b54259b1,,,,
1b0a344feac82eccd163a21633146db2a794021c,,,,
371e892e2c733e06718a5c10d1c26a9b4abfeb0f,,,,
81b9a08d55564795cfc05fc8b7ce2cc74e3623fe,,,,
4213222264ca82d9f6e71711c3c1b14426daaf54,,,,
1702c9b15f322544dfeb2e3553848480199c168e,,,,
1ca2d6f57a3135cb154dca1c513c07114697c687,,,,
f7f2a22712103aaf601b05de0bc160eb2534d2c0,,,,
784d69ff806ff30d205322d537507d63eb3e028e,,,,
1e47d1ba034d7910a62346e1858a0e6339a2fbb4,,,,
142f2ea67068d8e45ff6b1fa041565801b5bc5e8,,,,
568bdc4bd47113100a702bd0b013cd06bb1f3819,,,,
10302dd92e1820d794ad9a364739c815f3127637,,,,
4624a3a3cb4ee00f601dc8c7129aa84bf9a369b2,,,,
3756ee2d3a1409e3b2345a2c603377893da77576,,,,
73c4d4d7c2a13e3d154c103f4bebc2f4d6dcd539,,,,
dfd0436c1f3f9490de961f3ad2638ad9a6c1b0a9,,,,
6cb4828e51d6ea1829171b3539cc1ece615bc492,,,,
17741208271801d810afb865736ff4907768f474,,,,
77e977ec579f17d74d023af144332d0f4e8b6ad9,,,,
5c7cf0c3c96786c9ab3aca74c86f5485b8b6ffb3,,,,
da46dac7bce6d813a1570670b798bd8d66291fdd,,,,
3b7507f6b756153568742b95ba1f7f871f359b5b,,,,
a5f74d673d938f5e8bb8b73295c1143101510bec,,,,
15550b812af7ec9b559881cef0af4b44856bf226,,,,
8700ab7cdebb96d7afba702b26551c23a0faba72,,,,
dad9a3bf764e173479bdc7454f3ec58af140b660,,,,
