10d338769baffbc84d3e3a6804a0183be94fd616,,,,
8d071799459ec8e54d340d747a078fa9f3476349,,,,
81ae40b7b7df3dd1536df0d01bef7250b667bedd,,,,
602661a26140653dcb47180f9db7579a7d95b097,,,,
c70d7b38f2e8169169b07b0b8c5e9db4f73ddbc1,,,,
40a0dafe5603d9ddea78669684b9062929a123f6,,,,
ba9aedc1787e44623c1e0faef88edc898d18def2,,,,
a5f1f5da69d788afa3513ebdf162ea8edcfe2a91,,,,
b9ce2ec5306de88302946567eb119350e6c37ebd,,,,
01194f02a09d4b81595ca28f41c5b4bcb564c326,,,,
20ba0870ed0ab9821721a7c28f05e99608a08e9d,,,,
b8edc2f6494a64d064e7c4e262c5080ff5ca36d9,,,,
ff5bc28d8369d347d6791285f3793ef90a7f9c04,,,,
94b82029f6c76563a165bd3025225c5d8258809a,,,,
d2b7e212a2fcb7b989198923e9e76ee49ebf850d,,,,
014a927675050a18bac84614af7911567912464a,,,,
2d2e583d3a525581f29bba70d743985bd7cd3b4a,,,,
637a1e7337070972e9ebfede7460f7f42a582fdf,,,,
d60160ac4a805c95306e306e453c35536f03dfa9,,,,
c79485d1834ce5b74172dc18c944eb93ce7cda4c,,,,
45cc424523745e259549f7b33cfef79a24d15bd2,,,,
4285af8d30e88b7b05e07e8651d46c131df1ff0a,,,,
a47b08df31f63d9770c2a29ed983b19507dc1f54,,,,
f7a6edb191576e076d769b65e9958445dfa39727,,,,
5ee9298f9915aba788f53f7d8978ab4f46de4c51,,,,
de6d38ddb1a29ea16c411b1f9c620e0ac54cccd5,,,,
75c84d51f1e1a72f1217b3fe10ab52f0e3a5f4aa,,,,
4f9f4cdd9b564d2f1818e3d29ba0f88ce420bf0a,,,,
005ace96ff191bd8091be0e16cedb295f5397585,,,,
130a4456f952d63e1e0384681af5b5a983a4a051,,,,
9e4953738e9cd4e043be2a84190e2d3c6eed1cbd,130a4456f952d63e1e0384681af5b5a983a4a051,,,
368bd2b4294c46915c294b009f9eef5786c08768,,,,
e61d517e91c6c598c2e478f3541cdeecfe63b679,,,,
f8cb87f386f292e122f5ff8223f7299bb5a13ea2,,,,
4ed079f19ae54c6f7b29ce99fc0f099a79b65a2f,,,,
f25d3bd229984c72d05f352f014b762b34bfaa08,,,,
7d372a4b85bbb0b5e1257f8a899f7b59f9224de1,,,,
ff2facf8a2ec778a54f3713fe90a14cc6d6c4da7,,,,
3e10748fbcba054aac1ebcf2cf912b9d1364cc07,,,,
b8e39e37d6620b4a9d27c97d13a2ea2eace0e27e,,,,
ed215a6fe166b5a2be13545efa4a5bb8828a0191,,,,
452d2fcc5764b4ed1712f2689f6034e4f69b9099,,,,
c58fc26fbe3b369e10d7b5f4a9db3fa0f64f9ae2,,,,
21a36c066c349a0f08ce6be64b01f921907bf35f,,,,
7c0880b4f74ab78d9f380da076625d21a708dc03,,,,
7cb00608bf7bf3227bfa22993217bde121561c8c,,,,
6799882175d19d13b24ce0e4c1ded757b4eb40a9,,,,
bd1759b7754ab5512a3a53cd880e79886c4f3f0d,,,,
8d3890ad20a9a36f16159f2e0bf44bf6ee0088e0,,,,
092951d46def0fc1e662d3f571a6846fae865cd0,,,,
44b648315b3b914387b7e030c85f02fb283424c8,,,,
83a55ba30379c623fce1de6fc9ea09d2557e6926,,,,
ad3868ef53e886109811ac9bfca90c8ee29ad187,,,,
b54dcaa0447ff260b3b4d0dac780b051ddbb3634,,,,
532321edae2a6bb9103e4d55d31ba570e87e648d,,,,
83815e259305c6bed96a7f1ee2ef450c3c47dfdf,,,,
fe532c2b809f10526ae21fa1afe8091f5c05f970,,,,
c131ebcac5d733e19272971161bafa0eb56bbdcf,,,,
ad8fc7edcafeecb483191e04b51185c29e0b1ea3,,,,
2757df6103b7774971b4bedd0354db80af497707,,,,
2566c40e7aa05efe0888edb9965b9db19054c710,,,,
a1cc623818bcf06c989579694bb83dceaf2a9add,,,,
98063272b48483a08f007762d0d5430f5fc33bd8,,,,
3244dea183ea2c94093424ca4b2f1f7837f3733f,,,,
16d2e31af63fd3e48b9be04e603122c56f20c7ae,,,,
36ceb3d89ab6c43c306702e7ac7c3dd991a95ba4,,,,
57f1f9759cf220b9c17e9ea9bad2a72336c926ae,,,,
b39e7b8dbc92004410a76b34b785bb4d4124b490,,,,
903fcd9206c876b83ce5811644da4d10801e2343,,,,
0347d0e4a046a046ef2d31fa8c460768d95a874e,,,,
94e51be9f0394bc9f5d278a9e2cec12da1b38f5e,,,,
4d3f8d263ab69c5231a329c33eac589c54bf2e22,,,,
2e4b37e0dcd8d36c81a48ea7a232744b5b361330,,,,
b9f2f4895b45ac0550d67e0b87f0dca729edf908,,,,
04c29e9114ce36624f6920bc8f786fb3c6c6d258,,,,
7d0462ca2bd6f5e260a51a0c565997ac6d80f830,,,,
0b9056ce04c0f528a53fa1cff64a312d86eed46a,,,,
edbf59d34beccbc1f2a247a54cd2ae8c01257a4b,,,,
96974fe84daa94f76565954318b39d3acc91811d,,,,
596ec07b4120935a379862d9f8c7a1d0842f9440,,,,
7c5ef04be35fe40ff1f6c3eb79dbf2d48e24b9fa,,,,
c7f1e54b81bd4b32dc5a03c58513d3d54eb24133,,,,
085c697ad26b0165b7ace93781e1b20674ee8d9d,,,,
c0a6f6aa5ee168566d8d3439d863687eefe70ad8,,,,
2f2346e65da40e0048da8ffe3fc2d54b9f189478,,,,
aeffc2a1b8038ccc085af23004afc0d7969313cc,,,,
0b9a821a671a2f4b4a434d4b26b79bb0a07b5387,,,,
98792f691949c154c0b8785b9f853b44f60c8d73,,,,
0c30d9244886917ce6523acbc6d055fa5997ef5d,,,,
f1e8bb158f23d12b17ce2d0d949773ef9f93c170,,,,
e2f59b94ae589973cd8121de18c568e60521f171,,,,
958ce948f4471d3e7e83491a76299f1e9d404889,,,,
3f9cc4014a46261d6eec510475e5715329a15829,,,,
d378b259d89ee3dc1c5e539f1e0f3322a331602b,,,,
04aaad195ac81a4c4688bc30c580796f2e4543f8,,,,
98ae96bf3c99e5badef5e17635a72ad18e5e7a08,,,,
3b3ab6078050f05b01e63afac41f8fb080282b65,,,,
2607cdd4ad66193f00554426520f729d3d98650a,,,,
8f7a1f1844b8dc549c6b3c9047303a518cb35dbe,,,,
3699726871f52db7559bbbe6f9c4dfcbf643d30d,,,,
b649bb9b0c59033501e7f30e64fb10a315ac4801,,,,
93f671be815b582cad87e578107521581aaa0105,,,,
8c01e239bbab3441bcf9d03e65002916e59936ae,,,,
55d53f5e8cd4157efbed5f4bb288fce02654a52f,,,,
b528dc1cb4ac27abe832bede3fe2374fa49d5b46,,,,
34d7f472f7826ed81f4fe8ab8c83a095b09322c2,,,,
798ced2917ee0b7149ec898766bbb29f2f48ee3d,,,,
463faef24d9aa7937ff9b1ab87690b423a311c1f,,,,
4764c196bbfaf36018df612223084a745c04ddf4,,,,
1760b0e82ef4fddb56782011b41c69bc7232b1a7,,,,
c48b953e1518674cbc7f41715d5ee92208e1e7b5,,,,
063a612c05c4d09880ed40dbfa6cfc1ecfe6f198,,,,
99413352981a8a829c50aec2f2a6bbdf5a4ae15b,,,,
610bdba7f653e22a8d2fb574af7446be125d5d6b,,,,
7b282bb6f0a7e25d762b6534799a5b0e7a470ca1,,,,
0338c6d446d1b94fffce87d28fa0f7bee34bf807,,,,
a78c80276d361ca2aad4a8af2057cd8e0a22cd39,,,,
756d799858ef9f616d3b4d58984c0ad676a1b64e,,,,
3095b5dad28bb94d2fcc3b4a2fa60e2965b85ad9,,,,
253e0571bdc21ca63d2bcaa0df3ec92207a4c784,,,,
868b078f9fb7aa90c4d1515a5e1909af74c174d5,,,,
05ca6d92e51f95041529cbb22d3915114ef23b41,,,,
0820cebaf28c8aa5829da6ebddae3bb15e350dcd,,,,
d6cf3b57930eb89efd65705bde71778e1f5b0a0e,,,,
30a8480385d7120008de97495cd8669ecb3663f2,99413352981a8a829c50aec2f2a6bbdf5a4ae15b,,,
b3cc784284b6623d0f00857d6a56663865d88497,30a8480385d7120008de97495cd8669ecb3663f2,99413352981a8a829c50aec2f2a6bbdf5a4ae15b,,
21f1ed434a779b83d5946b4db673dac41951a1a3,,,,
004f78ad2269ae7a8463ec9cdf01615406eccdc5,,,,
8209f212411961ff76e7af57e448436062096db2,,,,
a8993ba268a646f946d2e1d2eeb5f55a23fb0684,,,,
b3215ab462c321f4d8865c83b388e47a1b9ec938,,,,
8f8c320349b037277f0661133fbe956d57350374,,,,
eca74b7862fac5dfe562fd6f2ae9269f61c03243,,,,
0ad6b0f2a92bc6c9fd6c600967310810456fec64,,,,
a751ef08c2f0f9bf9253abf0776506482861fe17,,,,
05364a18e71c411f9c6bd18ed66d9a3f33508bdc,,,,
2776f383af16f19927c54f4c0363240977d3b22b,,,,
bd21469b937d2c8754f592d68ca219ba23f46519,,,,
1faf1dc65f90d399fcaecc5d4f4959b53063d71e,,,,
23b210e583ad6995a53787b91e8e76346e8a8e21,,,,
a2e141732816c22c3f078b44689d4280fb14aa1c,,,,
369eb68e7bbff59d2f4f71262dcd865a46efa983,,,,
4879bec13d9487e3b6ea4a6da1012d7d7faad0a9,,,,
c88a0cab728dba567044e6bd673c13f3d8035a21,,,,
4dc2910286badf25a3aa43c5ee78ee3cde306b84,,,,
8277042ff356c58c64cfcdaa0a590890a7de4ffd,,,,
c935eadfc1abb25abbaeba63fc415507297c3979,,,,
3620e6486dd3b2a26bf65792a95f5a26a6d87a65,,,,
0026db31c02138f1685c2ce6afe39dfb1058d480,,,,
dc3f2401f44ff0b46db8de29480561344dd4314a,,,,
10d1b0dad0efdfa524017b52e6e4a46c6c7263b4,,,,
4cbc8fd892ba7a65ea1b3a22ac3faa8d70a67163,,,,
fc58d1a9a530454cc6c44ff067bd41f9e84f1e5d,,,,
ef4cccfdea1d689e4b9a9adba9afdd5a080c2b55,,,,
2be8012dc53b3cda0825b1d35dda062f45f0c1a3,,,,
28310f6820bcc513f1f4a8daa3f8292ffa548631,,,,
ce82d28537dd8b6b297374eb1937d42da217ce7e,,,,
db4e63141f37d061aed5a206cf20a65671b3f34e,,,,
987e26afefab9f5a58c8f3eb70d73e87a4a2a443,,,,
ec1b6b90fb967b73558289a85d9da5422d444354,,,,
493206bdf608ee46c6311f547a3a1c83e8735e91,,,,
060c816d042f540d93728971aefac90c54f957d1,,,,
c9c35c68c770215752947ed0d2c2bdcfa49df62d,,,,
3eeb69c1124feedd0437dd7176b5ef5406a82115,,,,
6143405921704d8cdb85d4b5419a3c322a6150be,,,,
f6c5b79a3412d2eaab0b4eb79be916d8f56ddb9c,,,,
987e3cbc101cb01d61d1547b5f20141ff4e1e479,,,,
ea985ed9133bfa4fab667035ea4545c3c3a18857,,,,
dfc6bae8e55863d9d052fa218994ec934461706c,,,,
40e493d7370af505d2d207952223cc89380f8f6b,,,,
898209dca1092fd7263e510a9854a5cdcebe27e7,,,,
71aea911ec03e6fdfbdd0db4407f71133de409b1,,,,
99444655a6c74bc489f5378b752d9acd9624c284,,,,
49b744a4a7c42fc2657ce34f5bdaac0752612e05,,,,
8c58d1403cbb47a427c33844c89becffc842a457,,,,
46b173d879b4249ea206d98455f9d774e35228b9,,,,
c49cd725e868c2b8d52f5719675a2355a658de6f,,,,
359a80d35f525a4868775e50c81e7a82d0ea5dd3,,,,
32dc007e1ac84d75694d64183f525aef93ee3d6e,,,,
ddd6d5d4cda84f142f01ea4019edf8e6a2487a00,,,,
e1e1cfa3c4c3f1dbe3e926a058fa961a7f19ea62,,,,
1e1aad84768e12d48858dd42c6212dc47037e234,,,,
976c426ebe23c84a021a762524b2ccd22fc4f2a7,,,,
40d9e7fbdb7165c87907466bec637e8efd1666d5,,,,
35e785d3b4000fc340e03bc610cdb6e1279ba7df,,,,
c9f0ee5b70cd1ad527b0f39cf157a182d95b8cf0,,,,
45630e387f12189d82fd80615ae2df620ce3afc1,,,,
b70a5b5c3bd7daab625dc0ac05e9dce859a23e05,,,,
e182f16347f7b7cfd9894028a4f322587c9b3799,,,,
6874e4892645afcccc3fdcaffcf00c9ec9385d1a,,,,
65b249f8c49bcbcf7aa818dad6de20b9bec70a02,,,,
3fc350104a787aa7fd20dec0b2c9543add0eadf9,,,,
0c25cac73a38ea2477fe2b777d047c3b11e7d1f9,,,,
3df96a5f2e37c13ef6b12f6dcb284e5041978faf,,,,
ce4de27fc06ddf96d009f7c46ce6b5707b4c3a5f,,,,
5e0a4ae9adc35f3ef3fd23ffecb6f6887d00af6b,,,,
5e5af4f02a27b80d24d8b5f30a367a19e740c441,,,,
bc51c922536076ccaaf79d776c966c0c1f3a2854,,,,
425c2bc01af8fae3bca3ee9459472bdb2b9790af,,,,
63d78f4d101c6ff1507257a488036db5724b6b81,,,,
88a3793a48b9e0c74109127e2e31ca6fa80bfa55,,,,
eef9386ebdde8b8982b3ee34b629b9f6c19d46cd,,,,
3a5e821af58cae618c54f8612644d2b18f7f4dd0,,,,
54a5a0c9dd3b1a228fbf86742720a8102763002f,,,,
4563c6186d6d1cc3311443f3b5b2119d43446f03,,,,
fe9645afe35a2877983a2c0889a7807f9e529a69,,,,
e314fe348ea59f8193807b04f111ee8793fffe0d,,,,
756cf39da94c39e69a553dfce23592e296e34603,,,,
40a50538f786cd44ef5ac47850209175bb5ddea6,,,,
49d5ffaedc6c8aaa567878a351b87bc0e467118f,,,,
b3b679b1a7a67a3b034f964a5b7754c07a90d754,,,,
7b7a628d475f0a7c3d025b8a7db2df5c35e19c91,,,,
f878f90c267ec45ef1091d98b7d92e77020d5ea4,,,,
448e2e61652f46b9391e35d50423c7b2af876bab,,,,
ba1a19ea4761b59eff37bb875040a3b403f13080,,,,
2a07293fff228d6f4f7a63871e350a26adc26ee8,,,,
82dc52e9105075a1b861e2e33f7a2cd6c76f6267,,,,
60cc974b3c203aab37e7dc6c5b1c9371f9c764cc,,,,
d31bfd173aecb622f659eeee2146651820a0d2da,,,,
e08f8f2ada63d93a4ef7dadfeccbddbaa90fdb42,,,,
072952ac1100adf3fe7d0fc55afdfa8a9009ac76,,,,
f7a2652225bb9305d17585efb04cb6aa85e744cb,,,,
fcc9efc353cd97828afe50f9fee2b968de913651,,,,
7df9470268e9176f9199627392caafcd73b4799a,fcc9efc353cd97828afe50f9fee2b968de913651,,,
0b770dd379f69bbc2c4367079758a37c387a6ea1,,,,
73148804ad71b0b844efc6e734bcebfe0bcec84f,,,,
f186467352f9b3559b331e29aaa7159e4afab08e,,,,
56608b0d5c1217da7d539a6b6e14b726c6368b5d,,,,
8544bf2400caad3f32d3d65215294edc2d9fc3d0,,,,
17b16f17efbe2d86b7640b2068eaaeec7bae21b0,,,,
9791ea6870dbab52b6ff626869e981d74ec298e1,,,,
fea9c898682136a4efc0c2be224997149a891abe,,,,
71c820a927402ce9930dc94b530d591a0a298f25,fea9c898682136a4efc0c2be224997149a891abe,,,
b169ea1d64b9971742d6f1ed30a486c8efffe973,,,,
0ce3f71b3b89dfacaaeef78a322b1d2930b64bf3,,,,
8ca5626a0f59f338e78d1d56e092997d523f7823,,,,
8e6cdeb84b778cceeb7b39cac9dd6d7992a311c9,8ca5626a0f59f338e78d1d56e092997d523f7823,,,
562ae5ffe790244862f3398d0267fd0205c21df8,,,,
a7a6359b3f1c9d05d65aed20079adf8c57e0de43,562ae5ffe790244862f3398d0267fd0205c21df8,,,
89b36a5c605408bae98b7d0770ad912b5d2db843,,,,
9cb5b127258202489b42e7632a102b15d46b0a92,,,,
7d1f9a3a53d62183007c2cfdbebc2f3843931593,,,,
a231a34eb89bdee46e75e8721c4ee265c3f47509,,,,
853f81190e042e231b6543eb2b26d265d3849522,,,,
ee0477bf7368f915d72011b611327609f11ccd1d,,,,
7f0f4a9d4b393aefc9a2c73dd86dbc10398305ba,,,,
5c6609038a3e7eeb912a31b0ac0078894f84ae1e,,,,
f18093ac5c475f433509a4636f11c2cb2f46600b,,,,
0bbfff6111bb3f43115ec0d5e9e2b62934b27780,,,,
66b0cc0cdf83ecf8a74491ae9c38c27cecfca865,,,,
84c3f0bc7a029812a1595df9b82b6fa642aaf0ab,,,,
09f48e307a34893b7883ca2c037ef67e008f8ebe,,,,
0feb1669d0b86c56991baa0c21d7151e52fee4b6,,,,
bf685bfbaa24885e8365fc841df537b5864f5182,,,,
4df3ac49d5b856704c50980b263b0a5f2add9bbe,bf685bfbaa24885e8365fc841df537b5864f5182,,,
3b9664c36fb435d3307d17e1ba9231e63fe71bb1,,,,
c192e6488851a1010f3d57041121a87c5d0a846d,,,,
bbc676c68d1635a64b9f05e6d156ee010b23fcf2,,,,
73ce7f1b0d1294e301b5554f4e320ce5bc862cee,,,,
0adbe31e6e355cdeb57b460ae8a19c9de03141be,,,,
73684bd0cbe51c5de3caf512253543e6d039cd6d,,,,
29bc220b6807642ab79424025dc29a10e822892a,,,,
3539cf509c711bc3bbe8384ad2aed1b4a4266460,29bc220b6807642ab79424025dc29a10e822892a,,,
faf70eb51b4fbdd2c01bf4fd4fe02936beac4a90,,,,
5d455ce4130b034686f506e7f22b8dd944bbb754,,,,
08cd22a9c3843eea955b529727a331f363a3812a,,,,
dddbe67c64d726fad068431cb8b20ebf9f63bc9c,,,,
fd127277b4479c5aac5e3a87e8c504b3330fb01a,,,,
eca9096f451af1d583e2e82edcb1591f49f6fe36,,,,
5a29f8601cdb3fc4dc206c8437fae54d8e9c20d0,,,,
10aeac96bf5ba14f17ef328dd6850b4f562560b3,5a29f8601cdb3fc4dc206c8437fae54d8e9c20d0,,,
96123dfd7b5f2adca79e1bab2d1fe9f99d1e1f31,,,,
6772208c2f0d95c9690a054040cbf1812a174e50,,,,
a0e435a9cd29da85cd19f84bda9ea2e4b44540e2,,,,
a0e435a9cd29da85cd19f84bda9ea2e4b44540e2,,,,
4ba4ef2b81405dcd7fbd10f3b925f263ed9d72a9,,,,
02d26c93bdc5ed427df9e22122f93513e9e603bd,,,,
f797cb7318f06ff47d5bcb8c03bedd924f700db9,02d26c93bdc5ed427df9e22122f93513e9e603bd,,,
776f5a67bf798e4929ae8f822b28756f64413411,,,,
997c1268f10b3707c6ec5b1011de1044dc6a10bc,f797cb7318f06ff47d5bcb8c03bedd924f700db9,02d26c93bdc5ed427df9e22122f93513e9e603bd,,
54ec13a0df647e9e46d884a0372c2483cfbe13a1,,,,
f752221fa731e38ebcfbcee1434cf05104b64dad,,,,
b4b154bce7fc57b4bd953bbb3c2c84a2c6607563,,,,
6886ef3d9f660f9d7450ac6a672386801c6e6429,,,,
aa1b8eb8d602c08f6b62f3f27f6d6c0209e81020,,,,
49b8fc8147bea2ecbd1335095487e65d7dcef842,,,,
9910f2d354c0f2706db7ddc9c83a1ac814c0287e,,,,
03ceed64ea969063035ba9bb4e25b54c7a647214,,,,
11af4ef34b48e5781555e612c3f112ad6d7d8e25,,,,
8b21cc433b6e0a4a4e7724948bc826a5460c9514,,,,
6e5c09d4e9bdf61ca91ffcff22da4ca6a84460f0,,,,
a392b98e066b7cbd087de046e520a0a3396285bf,,,,
05981adaa80c0b8a5de85fa182b921f64ba53660,,,,
e43a31c42a9292f017367478d1dd685c4e3ea77d,,,,
58abb99f512e4ad53e4ffe4307136f8700fadd10,,,,
67881e4b78fecce33f6f16ce7d218980056200bb,,,,
eff6f366e527560bfdb2105a52ff7cecb2353aa2,,,,
2127d88a43ec52cb0b274086d9321b8f1678e517,,,,
87fb44944ffdeeb8995fa0080e83a33ce4068328,,,,
b0a7cbf26c13db6d6c9b83f1ec2d4796f93dd245,,,,
6cfa1736ed1cd794fed6a314f2198ab85cdb8580,,,,
6c215995b6051d1eac87a267cf40138bd17f58f9,,,,
f0381a24b45839b34a8882c04701d24ab8dace8d,,,,
6feb17d712b4b0a5f1b6ca8372baf0765292c897,f0381a24b45839b34a8882c04701d24ab8dace8d,,,
b62527494a73749811cde80e3a1e2d7841cc8cec,,,,
6456599ef063468a5640bb38b6f54b700babe7e3,,,,
cb67787d19014116f705e9ae1f15cb5457f68d40,,,,
030440a90123ffd7a8518c6112bff6e12edeb7dc,,,,
b0f3decd87c713991eb90111144cd71418b2b30a,030440a90123ffd7a8518c6112bff6e12edeb7dc,,,
51b72e1cd3038a517819356416913a3f2e685a28,,,,
fcf1c57ac41c865c7733e441b8cb3f230f489fe3,,,,
9b601de124aad7a2404568fc3cb665842f756087,,,,
3cea01b034db94e5e54985c8c63ce3ed3703e08f,,,,
9e19bceaf40746c6248ce98f162834927a0d5b11,,,,
e590c6acc5647c7dde1981b3284994bf31874f1c,,,,
55c47098809fab4e112e70a6954edf3d4313f8a0,,,,
cf07986509892782b168f70cf8cbf81197d894d0,,,,
85cecb48aba469bc8dcb5d3a292dd698c778c51a,,,,
5c25bdde534b083692ea795efc423de51a9f4ec5,,,,
86ba7a763afa5a12a04c437c1a80815cb4f570f4,,,,
397adf02b579445d3aa6c3cba9b09a454ec56365,86ba7a763afa5a12a04c437c1a80815cb4f570f4,,,
5e6df0fcff428debd2b1c254563d09918718ce2e,,,,
265cbb5c5e4170409968a768c1cce98307215780,5e6df0fcff428debd2b1c254563d09918718ce2e,,,
ea94a7d99aaf9045e4f99216d6c837fe37e60a91,,,,
e2988ed2e2d2fa35bf9ab77a864eac810c04f81b,ea94a7d99aaf9045e4f99216d6c837fe37e60a91,,,
5600073cc79f42cd588409bffd149377be48893d,,,,
fc41c23660b92a50815fa2ed3d633be61f8c6ca6,5600073cc79f42cd588409bffd149377be48893d,,,
06ca1762a6a79a4ad5ac4f12a1774446d04da62d,,,,
5a22867362fc764e7f15e102ee0db83ecc53d0a2,,,,
c78dbb151fc8a4fccc59603d497ac6b7a290c2a1,,,,
de8f407c6b56ac4bb3a14cacfb63f36a1861941b,,,,
09d9e011e48232d24ac75f0d4a6e4eb1b74d10f0,,,,
acc86aee561b090490653f06f9edae7966631b3e,,,,
2345a199ea3ae2c237f2b2a662736b95af5b9279,,,,
90dc7d3d94aa08dd721f76652d91d844b513286f,,,,
bd02ddc805e8dace9b3b5c8a1bd34a579b162fa4,,,,
118c6f2327838b8f8d940bb40500552b1699b6a0,,,,
157c5729b03c4a9e6c869b1bdec58304ca9a8a1c,,,,
b50b988b7e37cc9ea4991b73713798ff725337df,157c5729b03c4a9e6c869b1bdec58304ca9a8a1c,,,
57b3c75f01a17eba56a3c47bec9b93d627a8ccab,,,,
a82e70895f1f3c4713f82ff69107a365de12c4d9,,,,
2950d66e094d534a051e8143d3972baa6b37aba2,,,,
8e04c074dac343b4ec63384a6ac09eb1012c8716,,,,
38c1d2f14e5fd6094b6412ed3e726659aea80f58,8e04c074dac343b4ec63384a6ac09eb1012c8716,,,
9b2d39247cb94f2e4cabe3355d2830b41bff7722,,,,
eb5716c3651b39b83ddb6549a5de72577be3ca5d,9b2d39247cb94f2e4cabe3355d2830b41bff7722,,,
e56337a62e7d2c0795aa109c385611b85651c1f1,,,,
bace22481934c19c9bf2968a6243967e9ad93834,,,,
3afdf3da639a15581a05da70791e82d814454c8c,bace22481934c19c9bf2968a6243967e9ad93834,,,
0a3ea1d157e2085f14a1b8f90b84fddb36f97b17,,,,
4c6b9622f6f4eef3502c644744a1a83b66e57653,,,,
aba9f47589d8a11b8d6ad428343eb780464496af,,,,
4c16073ad74412bb2e86ff115add6bead01d7d7a,,,,
5f60d371213f1a8eecd4f3ba590341ac9c022f81,,,,
ec01b3030a61313f0d6358f44571a839d427b796,,,,
bb265b7c98b6d7cb7552ff035fb8d219f7444ee4,ec01b3030a61313f0d6358f44571a839d427b796,,,
eedca241ee4b2bfdedc29ebca7881fcf925bb8b2,,,,
1050d77b343fcaeafff33a747ddb88e94ee0efc8,,,,
58a32a7f2eea06c90704fff4f0edad2bdb0b601b,,,,
67216c395f86cd43de745851051fdcf6eed7e3f3,,,,
bfe8943b7f6664bac23a29041e48dec15652d0e8,,,,
952c8cb1c95c922053e3262e0c95811f01962361,,,,
eececc5be2d8c8043f32e2ff7d1eeea0879f61f6,,,,
9197c012454bc86b5f4b0e1b6d80aadf740a37d0,,,,
06aeae4f1380579a4ebc7fe29120aca77748b9a0,,,,
0fa0ed22337273dfc1c63cf605d0a4e7fcc9e79b,,,,
7bb049841b6c3affa2f2dd4651ab95884a4d3305,,,,
e881d29d478e27b2f7957451288aa409eeb321ba,,,,
75d1c2129aceee924a8de8366f77898a504018fa,,,,
42cbf31fd86ae599c93c3d8f671671954acde1e2,,,,
dfbf11db6dc642aafa8a49241d490ba4e0811e09,,,,
656ff822ef55bc58e9581993824692f2c3412282,,,,
0d5606d96de76308ec90f4290f5c5d8ca3e2752f,,,,
96798742b5f9f4754c0ded6b09fc93479aec0727,,,,
e462d9b6692edefb3b28f0bcd18a9f07b57c149c,,,,
24a6dd63f46b43d45d1d938a75357145d8b90468,,,,
c6bc7688e477111ddf73a54c7a7b1906d03b39b4,,,,
1676596e3d42d92dab546ffb74497c61526b02bd,,,,
a6a310f5ddfaccb3508151470758d3a9e245ec63,,,,
8e1d60e01a9424c3b08e72524d811b52e6efdb9b,,,,
856f9e4f229be8408f6ffae38cf35de121566db6,,,,
d6e757a25ed07d5401824b7b8c5860cfd2ee6556,,,,
f77499d4c007aae0339433889def7d0a47d1094e,,,,
e95ebf7320635d4e10836053acfaeda50d65f20e,,,,
5e55b57874a9561e5f58fffa41b387ea73450767,,,,
2c1a5c5eb2ba6fd8c9823bfba5a040f3731c93a0,,,,
8e56056a6933e8f88ca93c78a957c193bb9c383e,,,,
16bfc0a50cb7171edc11deb6f039f5d28ae95dc0,,,,
d0c77bf7ba2bfaeb329d4e14fb461e08342af881,,,,
a0eda75facc48cecc35bc8c576db5859d9b2bada,,,,
da6032642f6b720de167895156eec35565f1e710,,,,
3f1db37b6d47fbe626715c1b52b6b75ad230576d,,,,
c5e5ea5cd1da7e766daebec0570ad7b89e72f8f4,,,,
a6905e698f5e89c9f4b62b7247f712bb6013f016,,,,
7a0bdd78d90e6fedee1d48f9cea3eebb0b56989d,,,,
8a9ec63b18d4a2e818d3b4aea4c2a7141e07a7eb,,,,
4ee1289ad78185d4d0104670f41867ea3500f8db,,,,
cc3f374875dede3baeb00fa3bdffcbda64fe3da6,,,,
789f832c81e98be69a189a4537b474ffe9a2b6b3,,,,
1719ebd0caeb309caa49c8cfb9903f6272b212ae,,,,
8bd63db0a8579ebb81e1748fb5c49352f5746649,,,,
adcdeab1773917322a2230b4782a14b7192d2d5d,,,,
7892713fb2027a3e87a54fbe08431f3f95f72c82,,,,
3c2a2a9d9993aaa757729010632d815306fe321b,,,,
a072436e94631996ace9f7f56048abbf009b744b,,,,
64f3a96ade0f56e69cb8753fd0dfd15edb541393,,,,
2071f3f42c8f24b55bbe487423827c7898794d81,,,,
2d595e242c739d892dfa6708fc0483e2c03959f2,,,,
e9e460d3122b41c017adb86491967d79eb8a590a,,,,
6b841fa344259b2e529bb7d633cb11f7583d709b,,,,
8bfc4311fff80a95f2fa5898a51dde7bc13c7b63,,,,
2e45698a9991152d3d13f42181fb6ec3e0290b63,,,,
e6b160e9b28361fb9f81c17463fb3ae51fe15f9b,,,,
aa4cb895fff4d9e5284787e0a51fb06282cc5507,,,,
ef23196aba51296375bcdca95fbdf34eece9f742,,,,
c7bdedfd0f4253c8f4f2afea8b0200b89428bc03,c78dbb151fc8a4fccc59603d497ac6b7a290c2a1,,,
818feed4d0d63c9676d2daf31a3eecc596cf0ddd,c7bdedfd0f4253c8f4f2afea8b0200b89428bc03,c78dbb151fc8a4fccc59603d497ac6b7a290c2a1,,
d6dfd18ebe7f29c3c1a4ddea3b7dcfe42b5f9179,,,,
1c6071233816ab4df53871fbcce13e54cc4498bc,,,,
8de3dce11d20d184dc01f408288888893b745d82,,,,
0fa5354b8684c87b58ec3309d7cee69b6a80a5e4,,,,
3698357dbd3597afdaa9b167fff30e29d2a9f0aa,,,,
410beefab08a80ef6c61f741c69aca506c7cf815,818feed4d0d63c9676d2daf31a3eecc596cf0ddd,c7bdedfd0f4253c8f4f2afea8b0200b89428bc03,c78dbb151fc8a4fccc59603d497ac6b7a290c2a1,
5d2515dd6702c3909f06fed868f9856d5a0e14bc,410beefab08a80ef6c61f741c69aca506c7cf815,818feed4d0d63c9676d2daf31a3eecc596cf0ddd,c7bdedfd0f4253c8f4f2afea8b0200b89428bc03,c78dbb151fc8a4fccc59603d497ac6b7a290c2a1
c41f507be46268117fe0720300057c19fb504e9c,,,,
cca15bd0e7ef47cb3e5cc49c6b54d3473fe04ca0,,,,
0c73f3e7bb82849c9ed2bffe3ff9c8abc43605fa,,,,
ae138feb626543b231b72f5b3e141c4f5316f1cf,,,,
c161fde5f30f1e2e4c576d374567c58f0a34bc28,,,,
c87f793668e86a80432e649a5f9ddfd699060aa5,,,,
4eafe65b0fd04f4892b7241c29eacd8ff4b648ca,,,,
29474adf7385da1b558c818af0b95f0f147553a2,,,,
08608c10b2b6f27b5465349e21dcbe89c998117f,,,,
495b02b4ba7d73feace14a8b891c960a8178231e,,,,
e66fdfa123d27b7547dc5bff49fb6821a54a8353,,,,
d2c4c9b8a11413e0772b854b17e6f794b0b6d5aa,,,,
0742052de0d4b29f39a1acd574a11db097ecb6e4,,,,
35e2c0cd7ba82d25ad869b7293bc29685d859ff7,,,,
ff92a6d6eeec56d455ddd3472b3947a8d8bc3e2c,,,,
649b15beaec65a1718f5b3538a002c42c084b05b,,,,
a4bf0f1cb1200f26febc5e049040654a1f4aac0e,,,,
6c6109571b65a5bba9eaa84dd0ce8db71b588346,,,,
1ab420f67f8e26a3a3de572deb6bac650c97adb9,,,,
146ea7db59a1042dc92c1c44b3ebfb566211f3f8,,,,
b694eb5d8124858ffc6b6d8493de0316c2bb4331,,,,
2532124a79b0ecfbf62e41fb4d6a5d5df1116a54,,,,
f1f4725454e696325ee93dda57fecc48b3332354,,,,
bab4285309efe9b7892aca11707ed6e233f3b220,,,,
9348e91b95a5490ee62032053a6ac88ef4778914,,,,
87a1d75518a06e53c8c260f86fbc38b33cd46d96,,,,
89f1ce2f3d822e109b40f1a226169e1b067a9c04,,,,
4c71b383c4257d69542f157cc9c72e7a6b2b4e56,,,,
2ff679403f5c556410564c32519df99a20b17928,,,,
3dbd637ca00193d466cc81d51942407bc9c901a5,,,,
c6ffcdbe0c40e52496d94dacef2a4cf0b61695b8,,,,
2cc990111386ae522574cbec5626d713b18764e8,,,,
f8bc31c9a7a33f0839ad3e0169466a096b8fef70,,,,
b8078d5ccb66b19ed732e6cae69c3366c6a6ec85,,,,
50ecf667be2edfd8b87e4493a6d27f423e36262e,,,,
2e24377dfe2476809b2e429d1ab9a24fdf736c23,,,,
97a51f0bac943d7e6b34627424b5d16f5fdd50a3,,,,
3462b419213df9f76f43ba549906a61cead54ea6,,,,
3b53f61e9420741b9d06b671bc6ee141394c13a7,,,,
61911407179886eefd644248495fc137b490266d,,,,
8f2c3dee418e3e987933dae0687ecdfe5a40a4ff,,,,
21f619aec2be6813bcd5329120184931fe8b5cec,,,,
8c7e23cc630a3127d80cb6764d4d5e05d6d765ca,,,,
cc966dd37e13ad931e92bbaef606571a40029c7f,,,,
3b23be77234cce48e30b2fb62c045be20b497d82,,,,
89acac5fbaa737976ddd317f0c575af920e285af,,,,
80337fedbbc3b23870f4d579a6214f869d7793c2,,,,
bee60a98fd3f262f36706c07e851e2d490b06cca,,,,
bb846a6765438783c40499015a9932e91667bd33,,,,
bd2e75e162db46cb971b075c2fd507e8b4b37a44,,,,
ac30816fe7fab9eb69f82dfcce0e2bfe28fb0a69,,,,
e1cdeb983c8cf01fee4f43e38b9ae960b9f2e8ea,,,,
1ebbd42107c4c192bdcee44aa3f60a1677cdebe6,,,,
d8eb074636821f1caf575e0b23877806b710a233,,,,
822c84d96118c703b0985c1bac5af53578554d35,,,,
aee12477265ebf6a18e2639849e62619506db5d0,,,,
186eedc18e8de919167fd76277bf38871ab312f6,,,,
7e2b38db6619275a81e16b236873ca4b27c4d7c8,,,,
2d70cab33ee9999bf5ffff90cfee6a2e69b9fffe,,,,
713bfa4ec7b4ba44ab525ef554b2cf2e79a6295a,,,,
f729943ca0cc9c7e2f90d1e2c6117d62f2c3dfc4,,,,
8a1a07240e362d4d9ef206d214a5f42d726a6f39,,,,
7013770427648de0f4aac72e1b6207bd6f11d562,,,,
a0cb9ea33b7ed770492f93cf7a3daee852d0b10c,,,,
df1835246870f07f1d6c4e522faf1b48e2e56fa5,,,,
26e69f6b1f4d49aa69243d5f0685c8b2d0d9976e,,,,
108cbb29277f8593ec73f1e07db60967ef588372,,,,
6f6e3bb817133e8a21947934d8601fbd72513ea4,,,,
e08b3abe02dd2b41e65a5b1880c50845bde0c9a6,,,,
99aeef2b3b3624f7d81b11fda59615da0cb9e023,,,,
e746ea0d9916212a0b24c8d556a707cae6172acc,,,,
21bb3606e484c4904348cb0ca5ee4ad6c27e4144,,,,
5a490d0a0e2627a1371bf095f469ddb71b144ec8,,,,
b6e68877fd2402f5f4728faee856872c460f3356,,,,
572bfbb908981d53da7b20d1cfa35ffbdfadddb7,,,,
a3af9e65c59c8fff5da9d7b65ed0d5e1f266ba1d,,,,
6aa62feb54ce195c4ff8de20864d2f407544ad32,,,,
5d694c5cf24f778ce61b63494ed664969e629e9a,,,,
1327606788ec736911924bf3c1d767006557a731,,,,
dbbd3a784ba921bb75094a1878100791c14d1080,,,,
e141f8e460bb0116593e271a3302ad0fff690edb,,,,
e84a06d747d637ecdcd9b2769a665714ca9012ba,,,,
ef2a69497382ff04b475dac5d4bcfcc013351a6d,,,,
f38a8dcaa21a2cc8670b7be24a2252d44334cc40,,,,
17fce9cc2b9e779a8a84be9e16483c25c714d95c,,,,
bcf05ae3771aa9d0fb46078c4189b1a70eb4e491,,,,
95497775d3cad5d2800914bcefa381d54c7ab090,,,,
9e00e523cc609d35134e0e89f3c522c580c27afa,,,,
