7d2e0b3ff39a6020375d5d6a9431c015c8de2b9f,,,
9a930877a047348d82ba5b3b544ffa55af5b150f,,,
0b01485694be1e0ce1d2f42bd7f2ec782246450b,,,
a5af5ba099971712942e7084ed1fcd7f5e1c66a7,,,
4167b78987e0e8f4ef406baacc9e12450a202c2b,,,
f54b2c6f3fa68465dd0849fc9eeba7454c550f7d,,,
bcc36585063a9dd1540614253c8039d5d4fa23a2,,,
3fb7557fb262b87a3de39f126683acb2f54a7467,bcc36585063a9dd1540614253c8039d5d4fa23a2,,
25669a54fcfaccb257873e1a2529c28704f9c1cf,3fb7557fb262b87a3de39f126683acb2f54a7467,bcc36585063a9dd1540614253c8039d5d4fa23a2,
a3fe0bf776c31765fdfa8b8be470bb375844c43f,,,
6d4a8ffa86221ffa1fb518db5a2f662e9338c485,,,
ddb155a73eed6c54bbdec79032c5b851e31c2cd6,,,
88256a6e3ba46fc1d067e88567c6e1a6f94e2259,,,
042a0ea0d5575a3775922b2911229a3a71af193e,,,
a63bef082d7725d6bdd960d8a95fc57f74840864,,,
d3bf5e679c3105c293908e3c587280a3000e739b,,,
16575bf34e3db3fe66c80c84beb0c85e84cc99ef,,,
cc32fe6dd6fa62a2fccfc07931f8a3094d1bee96,,,
db2767072a4da4e5bc7d0b98bba9e069a3f05862,,,
6419bc7f2b308ef1da09f37f965804b52e0ede46,,,
a530888e9e08577958e8c949c25d4cc54a732d37,,,
9c59fae24e8c78e079c1d07d99e126c781bf61fd,,,
27bf6478c45bfa632c9d891f79f0cb14984ca258,,,
3b33ad20b6e0f4e7e6e1163525d298ece3c61b12,,,
53fef55d4af4b2783662fe3e9b7944b4f7e3d366,,,
e62bfd2420cf2cacf46ceaa2d5fd11818060ab3b,,,
91647c6b988bee8b5eb70e573f0540f84c6d3c53,,,
6754498d9e725fae27ea099e8f2aede5839dfcb8,,,
2b2f98c1bab0a90849b318af5e897857dc52e7ca,,,
bc642839978f8e3e02f9020cf659a7f25eabee69,,,
08e846d4b9627fc94afc260e15f33d224d8a8b5d,,,
b6b8bf35516e72e3f5a96b562901144852c42fa6,,,
65409a66fc7d3e0e70ce8aa8f2744ebb408b54a5,,,
69747be0e7d4aee68697530adb1caa07683d5910,,,
7b5936a56e3f64aec07a5b05bcbb050a7b8e2268,,,
f7beb06377b2dbc198065171f92a8b34a07b3fb4,,,
c091a5c34f3106f14b62f00b80dc963317eebd0d,,,
4a449c9a1815af4059a6cfe372c31eb449a6acd1,,,
f92653d821e452fd62f0e2bd0a93799a7e775435,,,
efddd08cab526fb4d70791424fbead23b09cd571,,,
ff94a829866ca74b15b1292d6bc081c556bd74d3,,,
d8dd621afe084fcc261317d54f9dcccf765bd0b2,69747be0e7d4aee68697530adb1caa07683d5910,,
bdfea3ffb8bacc146b9853823fd04236eff138cb,,,
e34d12916bb7382216950611d4f5c6c2ae81f151,,,
2c17a0977db9c4644efb277b605ffec49d4f47e1,,,
b48497dfab04c2e2ab3c2d26096a4256545e8b25,,,
ec1e5f64c2f545747e4309a6b5186964df77e93f,,,
c1a50af46b1f8e5e82bd0976e1ebfcf707e6a93b,,,
4fa6d73a41f098c9522743c8420fc56455701263,,,
9e393fb2be727beb0442f006a0c1168f03f9df16,,,
ab6d668a4c28ac53828ad04f42b553bc89a5a07c,,,
56814811e95470e2dff31126a2c380f70308e99b,,,
9b40da7a5ae8b6d31737a33c606bf892e96d9645,,,
11a10ca7f103d0009c3e62093111c74beafb1639,,,
0e4924e507ff804ed474dbe75a4561e89c786e34,,,
42557d30f2a1a1c89f4840831012f09c2601e5df,,,
453d1c56278838e554e25767941b8bc7ba38c3c0,,,
3779515a3f30f2e346a539304f860c472d233c75,,,
147fb3697112304df4fe35f0f49af81650cb4c15,,,
17d2ca38f3f116ecdcd9063c704e496321e7d8ff,,,
c09c9ad5b2a479ff66dc15dc61a812a348560ffa,,,
41d039f16e07e79bd125d70e98b5d69fd7bb8aba,,,
e552bd900c83b8e8971a4da1e2e5aff7f32ff242,,,
d73cc2060d74618ae665fc42bc5371fe39b9648c,,,
dd4cdf0f3b0264dd639cbb40bca3667632d977f2,,,
093c2ccb6eb94bc7cc3206c7c21a2566289ed153,,,
bef784e9a74fd1132389245cf8bd596d3b4e2628,,,
0e027ffc73a6dcffe0ec3c09fa614c11adc79e39,,,
d75693c6233ee01e526f619859548ff8f55cb3f9,,,
2eb09a8f955e043d7233c4c77b61d5f15b3f84eb,,,
4cb646ce8cee170091f8485abaf423ea9a78d8c1,,,
6bb391f7f209b45b0c0f4640cc11ace85f281e43,,,
e84038cd9a84b250aeb14fb5ee8cb47a3d053104,,,
d0be19a7041978c341b2417ef2b4dd50c2808b4e,,,
c555a6c0de4a519310fa21538a1cccdbc728fc97,,,
cbdc183c966cbd5cdd7a6def2d1b29b8d32e7a3d,,,
e86c727eeab23edf00b08699c2e583550851dfc9,,,
62fcba42bb490db9595936f9c202b66531bfb392,,,
2bf239ac686074330127ea4a572910ed4bc17567,,,
680ebe21c13464ddb6ffc40898fac963a7b959b8,,,
9373c7a8e657d843c116d2520e8b75e8a1513c3a,,,
fed15adc3e5d9592f3b38baedb416dfbe3a610b4,,,
14eddd24fc5a49c9a69a21ae0e766942ef026f2e,,,
3061fa817f41bb4c6a47a94c81e81e8ce90d1ac8,,,
3a4b021e2a09ceab2dd756071cfee4b4ca2cf39f,,,
99d14633cb2c1226f8af28b1593eb8340369b475,,,
2424e8f252e2622007879d3ad26c051c0929747b,,,
01ce47db51b011abe2b7882e1ed8c0ce7d6fe40e,,,
8f9e87a2a4adb8f69e6099475c3687e6fb93cf2d,,,
7d906bde4e60def607c3c58f033b99e8c6606d8e,,,
fea8900741799baa424970dbc3e8a9540a96085d,,,
d009744a2277b3a48970d3b568f047438f1533a9,,,
ccfcb94bedc3487dd2c537b98a1c59b54c3f4bd4,,,
184379eba0b3cbe2a1d76ec0b6dff7b55e62b2d4,,,
65a2285911d6e22ec356671381cf46baff6f5ce0,,,
370cc73cbedbc23e58304a3d2f07d46b02f47c25,,,
74beef5479b98827e6c7377b9db45e7a5225208f,,,
b9192ffc304d1bc8d05dab4d594522d29afdb8d2,,,
46f23d9ae8b6e49b21a92f31841ccf37cb1afdf3,74beef5479b98827e6c7377b9db45e7a5225208f,,
ea575c36dc6b7d13eac9221999daa6e85183514f,46f23d9ae8b6e49b21a92f31841ccf37cb1afdf3,74beef5479b98827e6c7377b9db45e7a5225208f,
3c3173627da298e3692cf4429722eaaa608e1dbf,,,
e2ec7a1b930f75a53d21bfef90384ab06d9717cf,,,
bb9b7b18cca3558480ed8a4d32b69d6bb75c110d,,,
f4b0e7b1564a6a085f2318dc18ed594bd636fd08,,,
4fb3a63e523f4e352f341199737cce9eadd02be1,,,
2c8943685825c236694e0be012ca047d2ecd27da,,,
b3123fb87a2162fae4c676072c08a91fec62f70d,,,
3ef2571c62f781db1818dbd345b617e65d84a1ec,,,
4e92ea98223d1a83bee9368b603807af3a8a572a,,,
ac12ac953df2ebd5fa21b68cfbc9febe32326cdf,,,
3cb9f67ea8ae24673ab024fbd519dc1652831184,,,
8da47f21cc0b70c093e3cde9b41ab5fec9277ccc,,,
bfe80748adec5c5ceb3d3e8dd02ccc8b26c9c44f,,,
bfe80748adec5c5ceb3d3e8dd02ccc8b26c9c44f,,,
163312547e06d042f584eeb8f197e2702397e235,,,
8eab2e2579539b4bd03c65f08369c66362bea591,,,
f718a2497a5b4aec2370827bc756a3f3b13d0e7a,,,
e22187b69303bbecea4811c8abe00cc14294a2bd,,,
76993ad47cd74925fde9df2d1be6d9794020132a,,,
18fa48a8fefae7dd6f567a67d76610dd6cbce3e3,,,
bc0d2b9eae7d23f912624916e9f23bcaec323bfa,,,
ad3905cb62a2458b5609134879bdc6177d3bf7aa,,,
87c59d93edef487a4aba41098b7d79e1fbaa1e31,,,
15e5f79bc80af83a79314c7a460861b941c557fa,,,
2bb1dc577e481e20087d658d3ae38515b191966c,,,
213ea1f0a57d01822c81a155ff5fac1dc162e605,,,
1f481d626880b7ce10307dcaf0686fa1ccc4d91d,,,
8f5e5999a81c86a71ead31187b32abc76e29d47f,1f481d626880b7ce10307dcaf0686fa1ccc4d91d,,
d87402b3ee7d26c7c9292bbf2989d513e50a47f4,,,
1f778e4c9361e7b378d8df2b16d3fa6b69d2b845,ea575c36dc6b7d13eac9221999daa6e85183514f,46f23d9ae8b6e49b21a92f31841ccf37cb1afdf3,74beef5479b98827e6c7377b9db45e7a5225208f
9b094375f6c130ba10d76dac1c3954c294712754,fed15adc3e5d9592f3b38baedb416dfbe3a610b4,,
9b094375f6c130ba10d76dac1c3954c294712754,fed15adc3e5d9592f3b38baedb416dfbe3a610b4,,
e9be18df93fe67751b3df9938defa3850e19c397,,,
6ba49de02108f2de20a82e37433ce12b4ab9e3eb,,,
39a56dd352c04631ccbbff13e3cd0dc8c326ebc8,,,
bb9abcafb5718f7e8d52af3a1ccd7d8277629a9f,,,
21fcc078ab63b6b62939bade5199a78bf5d7b03a,bb9abcafb5718f7e8d52af3a1ccd7d8277629a9f,,
48e910037cb937a3613bbc33c076af1556743e9b,,,
fe43bdfbd842b687e1c25bcdfdf15de329c0ad8b,,,
e591a5c6cb812efbb07a4e1c4b45d5af7fa32dbf,,,
409705634ae96896e1ecd8708a0bf4522733501b,,,
efd740d153bff43236eb33a95f27bafae25e86b5,,,
f5b9d1451a53c4f8518f785a88eded079734b03b,,,
fa979a77786ab0135c07b41896fe751b466d112c,,,
e73c452977a2fd99fc0f87730ebdefffd10fde50,fa979a77786ab0135c07b41896fe751b466d112c,,
71de505fbcfda8437b128811390daf0c1ab41876,,,
901f8aee45010ab10366da6b48fbd48d2b482c4b,71de505fbcfda8437b128811390daf0c1ab41876,,
14ed831e08751c87511da4c15943bddbcba99ff0,,,
2417aa6a4817b9eccd0aa63527e173c25b6c57be,,,
314b25fd69be0c01fa4585abaddaf6c6ce797760,2417aa6a4817b9eccd0aa63527e173c25b6c57be,,
4e3ea2f3b8992309dd41a12928b11a77e614f2ce,,,
57c617525d85b93c0e5cb0752d731617f1a670f7,,,
c0d42786568b3fbcd6ed26af3488242289b62bcf,,,
db8741133b901a0d4e78c27dc9ea52fbabc4449f,,,
c90d96e0cb10a79de9b5cd6449a2756fe5c11ab2,db8741133b901a0d4e78c27dc9ea52fbabc4449f,,
f4b62c8217fa806b262bf2db5ee5fb6cc64db12e,,,
e2c4d3b65499a232a961decbcb49d4f7e38e419c,,,
06a61db1e004047ad2e52fcb0cc0b736c7bfa526,,,
9d4b36c99012402dea9a2aef7a67abea65839a7a,,,
50bb27e988497eef59d975cc45af9d37f1afd72e,,,
770d4f466daf802cd2ac5af7dcc0785eb9311ec1,,,
71b91b921669110dffbf9a2bbd5a855b0ca70568,,,
7f0810c688a3e3e71a32f6404df280c8b39e400a,71b91b921669110dffbf9a2bbd5a855b0ca70568,,
dd2ef771543ce86b5abbef06fc1f29c80ec0d552,,,
91e4041ae37f24ca69d39a80f5e824452ac27220,,,
a0b5e564b2d9f3c5c97e08b1f4df5f9880e243d4,,,
15309666ca3acb8ff4e6e25f1763c9a2035ac6ec,,,
3e9b36af0976dfd8487cb3aa2aada998da518700,,,
2cfa78d9632b9cb519277debcbebf8ace914f7a4,,,
0232c0248de47848adfa8f8d0bfb575ffdb9ae72,,,
a34bc5c407dca300e5663b59b4db67e153615b36,,,
bf1558c9275faefae5316c907e34360c9b3e4f07,,,
7ba60f2c1f64d7b4cec4bd8d5d7d3d9988389bf9,,,
af3be6e87567f8450ea69c1f1aa97a63eb93d5ec,,,
bba065ca93a6acfd07705901cc0043d585dfa462,,,
fcacbf53ad23ec7903706b95a8b5d476a95d6d3c,,,
e3712bd022e6f3a3fc221b1089620616c7793a60,,,
6b3bfc84a4210d3c2b382505d44a329d1081b2a0,,,
729146c3036630b2279347e71cad81de27e22aaf,,,
f28c6cbca02229d000bbc0af90a07264bdc13c45,,,
2bbc3518fdb61c594bec857a5a06baae68eccc9f,f28c6cbca02229d000bbc0af90a07264bdc13c45,,
848457e895cd25d631aca1aebf5d5c3c3b70656b,,,
3f4d6653f800bafd0c9390316590acd04e3a4910,,,
ec30737b2257febc7e7e08213e23850e0a836cb5,,,
a73f5841612f0d0542f1937e6e119190445bab1e,,,
75baa82e942cac58929cb8a9fec44503db75fac2,,,
d23a4a294f66b3e06feb58fdad6f2e2b220037ce,,,
923f710fd315d12218f20765b7f3926a531f36ea,,,
ce3ec73f62f03e7e87b59358bab4cb122323566e,923f710fd315d12218f20765b7f3926a531f36ea,,
388bb966384a2baf5875db897936db086ed2aa43,,,
0976c7b54f9f9afaba95c93bde2cb37124667150,,,
4c966b8f563d05e6d1af8729ae0cc12c591eb36a,,,
a5f2f827af80b162001dcbe9d2c42a2437d72a29,,,
1a8e164fe12ac6c60d95a3078306797050ba5eaa,,,
9db85f63235fb104e3e74c88e7d9894f994a4991,,,
bb977072936e059cc295afac768dfb3b2280de0c,,,
1cb281f2a3aae34123229d79374d89439dfe39fb,,,
08fc7faf1e769b8c06d1fd2acd7190708942682a,,,
9e8b521b1a7977b50bf9b482b2c2960bed25ea32,,,
65e0478043e9138f89306e76adf81096dbff6001,,,
f06e8ada46cb0418843f46fc839613b90fc6c366,,,
4421aab9cbced610f6079df959a955e8d84b0dfd,,,
5b2e59491175a4dc21faf742a52a5611386a036f,,,
acca85d24c82e724084996e51dcb63652cb66cae,,,
d948ea38af7093842d4ac644dfc167ecf13818cb,,,
e9d9515fd1c5333cc97527e02445a3681beaeb61,,,
2252db78d4fba55c2f662e54207d9f4652b5ca36,,,
d3159d8611bae0553c09f010d9c576912d71ecb1,,,
15bda21f31b7121fb2c8993dc17b5fce3e79e024,,,
130892bab579a1a71d566e008418bc115e35cd99,,,
ae9054c5e625497e3263d652eaaec7dc1fbe4a3c,,,
3ef01d7bd3c31080aeb085a00e3406565923726b,,,
ec8c85ff47640168c5f06559d001d5accf8b5438,,,
0c58d51df43014c514ff476e681d29d9dc78fd2e,,,
3dacfebb29e35b5e862b05c4777b82551ddd51af,,,
0a261b794d9a9c6e1ad40b6f09d5bdf16cc2912f,,,
67dcd86e81fa2c1e6e9bc5677cd2854914886359,,,
2f73a41b0f4d7010664d9df75b64b109a01a80dc,,,
b728e0ac97ba99dc448bb9e7cb21d8153d69645e,,,
1c16a6269c92039e4cfc3b8cc71e8aa78658433d,,,
f8a612df7b06729bfd6c826e1a110d4bb40dc1f5,,,
989711943408066c1be7ed4b20db806526d20477,,,
1a93f9e91ec4e85973a41d43acd65d651eaf224c,,,
6c640cb460b979a482f35a7f3e2f9674b5a82209,1a93f9e91ec4e85973a41d43acd65d651eaf224c,,
18aefbec8aa79a940992fcca73a77b29d976449e,,,
308f4449304d65846c7d1a098c62bbddddbe98d9,18aefbec8aa79a940992fcca73a77b29d976449e,,
9f85e432e9719dc8f32f7c0db769f33f7f52941b,,,
1bc2fa7f174dd317401d6e5f17b4d8f2a6954b58,,,
84f327ad5bcdc6d641a399e410c02c061b9ff0b9,,,
54f5a438c0f06000ecf0e16ead294186aabd5af6,,,
f2ae813ff1872b9257c853a54afe22630ba074b2,,,
07d9213919cef7b2175e71ab0e97e7b2e3cbab60,,,
d3195e782d04246e9190fc2436a5945a42011288,,,
d7a6d95c657b315daa3d91690a63f82884deb8eb,,,
f50174c92ff6ec351f6fed98f4bad0cca067d063,,,
30ab9fae54faed312f73f86a6503837b7903ad91,,,
6e825d3f3bbdfd85f5e27f0e401c8df620a0441f,,,
cf13e4bbf9b78b8e256f25f61d1fc35391276219,,,
b888da3e0d44ae6b5239f4c35514034122012007,,,
0661c9e33274211d2752feb41a33d2cd97d2ca50,,,
374fd8356350fd2ddb2f9eb8343271bc2d662c22,,,
18f8c033377b81ea5bb01daaa73d0f30b04fdd98,,,
fe5081c781505b93f2063fafabdedc5157560e24,,,
2134a0d6b3055e3c345e83c11f525c829aa63d04,,,
3f0044b2d81591ac4f855b43b7c00582c233850c,,,
6e66f4efca5112d180c937821c4175f82c6cc819,,,
096dad969691b52d75bb174f97f869f3fb31976f,,,
dad4b52796c20019b1e512a8272f94e8c979d617,,,
60488ae1615b77dd55707f9c8dcc4e774afd0e6d,,,
b07c91e076edc9bb3eac2dea83c90c66196a355e,,,
5accbf88bd3359c11423273522f517548a0cae39,,,
1847d1982484d1cf5bfacaaf49d855d913ac97e8,,,
fd8e25d32f778df78137256c4447c33237321fc2,,,
6f7a3e95c2572e9c662caa8cab56a85ed644efb1,,,
746caa41edb108f43f4e47f9d7f5717dec8e047c,,,
71f2654395f16e13d45f036704cb8c5ef680bad7,,,
253df04315e794fef6430e48161aa791d1d045be,,,
f80a562ee784d93ba10338ff7e00b7199e2051b2,,,
9662a2145b27fcd64510f77d67474c318fb968e5,,,
b4060728e099238256c145c698af81c02b73b44d,9662a2145b27fcd64510f77d67474c318fb968e5,,
20c0b42fbc5e33e84c363dafa611e661c85e7b49,,,
84d71080c50f2ba583b93a427e3e73fd03aac09c,20c0b42fbc5e33e84c363dafa611e661c85e7b49,,
e5cd25ef0e0e8c34ce6db19d895b1b2fcc65edf0,,,
e2c8ff8a6e8f5f02f863643017c32ea6fba504b0,,,
2c73c6710f36e767f08b4d12fc9d0882553f0437,,,
d5cfca5144b89dc820d92ee7dfc6d2345ba521e5,,,
5e85ed55868df041a530662e918a0f981f28bce5,,,
454961c803411fa6888a86f5b233eacc4fa402c7,,,
d6985b6d22bf7b00e85f271a8309e7ca85339b83,,,
8181dd0de500358cf19ea71b3f2f00aaac158dca,,,
f4d0c41427d87967d97bdc4396c04b4d6c8f6bfe,,,
d822dbef2bfaf63555e8e27f95f676d4d2f1b450,,,
530b0deee980fff88a6eaa158f8556fe0b8b0e24,,,
12ad9746e38cc597f48f30bfe8685a3026793038,,,
ffa4831c2112fd98adfb4825d0eb787f735c5b00,,,
d6eeedfa4116fc4cbded989342316a898a91c641,,,
83c15d1e12da032eae61c2f5571ca5b9400a8498,,,
bb0baa9c3f6563832a36c68fbca031c1ed033a20,,,
df26c671ee93d24a8670b1c4d8620b0afa1c054b,,,
ac54f3c1fa31a6273f41c2b38fb966a7a71e148a,,,
4858cdf3f4a8be0938dea323ca269a997cc1302d,,,
3cf93137468b2140c426ad74355585522865362b,,,
eec4f91df6ac20e786ce1fc31c232d584adc50fe,,,
29aff69865aded73bde4af35d3d9e0792a3915b3,,,
f547782c081bed5d62d16c701ddd0a9a4fc56af4,,,
031a580ec6893407bda5dd3c57153a901990007e,,,
0996c81e0a59c0e506cedb91c47b61653a8fb28b,,,
ef4db4deabaa63a7233b91ef966d7f56010a4a30,,,
1d5e2dadf65f34b2e833b4b1578ee5896071f7ce,,,
c65710fc19ed9c7ab93a52fdbde962d52283802c,,,
4010879442ca8f5dfa2192999be5f2742c0775ee,,,
f4aaf88a63d3e05c41c36a24504f55fe40415a1d,,,
2992a0fae0ac52c9a980e5a4c858d018f7f5a805,,,
8551797fb31161155b0f76f49a2ee5fb28339e36,,,
9189fe3642c56d0c1913d25fb28b7fb94e146e49,,,
30cfa3c3dd4101ae629142355b4e840de85cfc25,,,
f4160058683c7f31f5f71a6c41d54aa48bf390f3,,,
1447009de400c3e43aba488c115ef67e12e3b62a,,,
eda6dc2279a9f23e36f440c1b3fa8b3cfd9950fa,,,
d1e21698c31b038c296db72c7f7b98a3e1801f0a,,,
961db17fad3338f03db03be51b07a8be2c15d06f,,,
793b2388e9a5e9d8523b9269ba1a2d9e5ef83f3d,,,
e7d2dd4c7afd605712ebcf115b8781bb732407b9,,,
d5cb8d7e224f239c264d10579fedcb51cde6eab4,,,
f3c9403fd892743d5061cb88213b2e7013a4f7ca,,,
3295126bf91877585c1c420938370afe0657bb4f,,,
1a256159e88230f0ae3501e364be207c8f7830f6,,,
a89cc8d11112d86f8025da72b41b386a44ea7c56,,,
efef1945d5d7e2bf68b7367f0e651d1aac181110,,,
854c789b317d484f1d48dcc65dd37d1a5d1ba13b,,,
64e61fefba2a16b6790240a881e7614bd3262eb9,,,
fafd786a355432e79dd4ac51f7d8851cf4a71b5c,,,
14a0ead59721276a7cf4bc384e786105d311f9a5,,,
5a57b5d05f65f006513a70a4ec541e38b4f55b02,,,
f1f7a339121f1036df97a3d3d59413b762559d89,,,
ab344fb09d7d83aeaca7007145e1edca8e960cce,,,
7de896dc310a08b0489b5b7ade42c7de1b8ee2ba,,,
bb9d83e24c3537560379f8a15ccb1b4ab2929828,,,
a3439ab883354216ae9ffc0a2ddec5f6ba6f513f,,,
e3bbd6efea55f8539c6ad4a322cb5c2ebcb1ec70,,,
4e9635e68159da53788e0b71756ad42845fb814a,,,
ebdd4c6ae157590fc9e1e26c2e5a7bb28b746090,,,
d1d9f44a8ccbe0957eea1c8c6ce6707aecb5a262,,,
db3dc88f7641ef658c723a60aa7d52a25e4001be,,,
3b781fffcc956401d78536a7c0ebf57fb203d058,,,
1d3c487ac233d04ae2f96b89b4a448e233ae77e2,,,
15dc101611e9a8c50c7baa9aa628286169a09111,,,
7cdbd76271c636752200ba77896adb3a4e4319fe,,,
53cc327427fcd7f9fe1f80288adbe0ad30b857d8,,,
862888121fda80128815c1d2b55edd74501f4f88,,,
da4e3c7a1bd0996bd6a77165a43655051e41d135,,,
4cdabd5168652f65fc6944b1d60c9c9532b99698,,,
7e888d4bdbeffa4fb1119c822b4e8f81e609212a,,,
7478aced65d07386d34af00e31401ef21dbf88de,,,
ff6e7322f7f059cbc6c7953b2ab14af1fe20a629,,,
c40bec1c3110b3d7e76d08722b9523d3788f78c3,,,
70c4bb1f63d3840c10a0c45f742794dac1e99599,,,
5513d54c29d37df63f221ffd19a4589d64f3b77e,,,
e180570f3ac201c115054cc7f298455c41b9a12f,,,
160910d48d2ac09ca78d193b36cf3c0c7e9813ed,,,
9602eb9cad4e8a46efaf031148fc77b4d32dcf35,,,
f53254bc755318c65cda086a980791a2855d3424,9602eb9cad4e8a46efaf031148fc77b4d32dcf35,,
01625140857914e3f133d61ea1ed49f56a9d4ea5,,,
9c23781d34515c84ac6b26590f2f5b21a38f1d10,,,
7ad6c23197760c8972a0bbf5c83c65a52c943620,,,
959260c481c812a0a295508f0e5e289f9a7a04e1,,,
9cb5ea179e60a3ac6ecb2f4bae35c830898eef80,,,
731c8415271e2943c989b8d996d6b66879635035,,,
620603f75716a0af4d0c785a4ffe7ec9c82c1bf9,,,
d95be3971ea4e3f7f71e1ebbadb20a9f8b95d0bd,,,
54a6773d1dcd4b3fda77bf8b2054d22fe57dc022,,,
f042c66ff9013f4964956899404a1a8eb91c1dca,,,
40567952412082b68c74955b7b7ed55aeca78a79,,,
1f35c250ab2b8e55e9d98efdf41ab2603d53297e,,,
04ac7cdab84bb079e2623a039b62036450c30c74,,,
2c98febde30409a51af751da8dd17532dc752274,,,
4ea47ec9f1cefbc9711ad953dee6d7399d0f5fe2,,,
a1796b6c10c5f6cf9d9ede51bfa1bfe6c243a3e8,,,
e6982041d45d60df699c7f894ca0436014147ff6,,,
31a5acb7c5421c933facd9bb20f7b1d5e8284126,,,
af9daa186da5e437c18f96c9cc4041f931c274ef,,,
554eba9818afa6b9f9fb41f72d6c5d022b175c1e,,,
5d0bf64dfc7976f1c69cd1a075aeeba15b71ca5e,,,
10bd6923c0cc5ab0b45705f346fc9847c61dae5f,,,
e2b86cc80b2d5add5fa69e2abccae4b702ba99a1,,,
dcf312ca2e5168e99d538bf81191c507cbf3165a,,,
3cfc733b55800c078e68af4ae2eb33a69dc328e1,,,
f32f19ad4e74e6abb08e819b39f1a3d935d46a48,,,
f04160606b7e1d29264609c3171408e51cc49534,,,
099d1cab2c7b930d5d13d253d0272ec785605926,,,
49a4a3ca8781b4bcb4bb5fdc535c2e21c1879415,,,
19c6a42c3ddcd80f4b4c37e3ec6f489760f1e105,,,
1a6e49f608074baed467d5aa8813839627f84e8e,,,
bee96255e09bda9dbd0f3a96aa13c9cfc768fac6,,,
d088f1f0f954c7009cce27629b46b5240cd239e6,,,
171fa7ca9d3b045371ea1475a2880845c5a7032a,,,
ee81f7c86a93fdf1b01782f87771bb770e33fd8c,,,
a59abbbbca0de4792a7d8a313e5321f6191ad5b0,,,
fdea2b7dfb0270e09a84ccebe308d307c21e929d,,,
48ca315dd3118f5e3c4ee1a224908e241cfd3f36,f32f19ad4e74e6abb08e819b39f1a3d935d46a48,,
cac9cdcec3739adf6926d830e5f735404aceea1d,,,
bd7f127291339e75720b6e3d2aed5338a688b091,cac9cdcec3739adf6926d830e5f735404aceea1d,,
dd0260af60594c7ee619895aff438e0de65d4021,,,
de77dc486e41dc93badc538778b41bfa2ce94842,,,
87d387f7ca2e6f201ebefa5e29a2d4077490e5a7,,,
6446839a2cebd2843751e628c09193d29fe207f3,,,
f6a099eda4a4b6ee4d371a02879f77b00d8ce996,,,
29daff637e53c133ba6018838c7414f23b0048c0,,,
8a61e4b83ff7ccdc177e8f6ca76e7a42bd6db133,,,
cae05770085e705a2f8fa5e4ccf42749d0ce181c,,,
d178c16d9bf7bc49ab8428f6bc8e2f1d4bcad9ea,,,
b9718a479d141e5b1dd390b4137a94c4475e7c51,,,
23e425d25697603854e3db39c318ad7915c7230c,,,
51ea5e606b9268ba5d74a78e735cbf03d210fbc9,,,
2085304949ed9feaebe04a4ab97eb634a13f5625,,,
c35acf5e2902c3dfdffb3bb95170008947c06d87,,,
4d6b0695fe882ad90b4a36276b06fe44c1296ddf,,,
7cd0787f6a21de67793136ba9201a468c0acab41,,,
0e8a9a5ac7468b2bcfe54e01202afad617a749c0,,,
bcbc2903f6ac1054b958064b71b18cc2ad716866,0e8a9a5ac7468b2bcfe54e01202afad617a749c0,,
958d9a30e4b692403908897ac92eed3e99a9d738,,,
a443925ef6b1cebd4e5d8af98a73e3f592a5c4e4,,,
e565a146352c500ebe071dd7ae9730ef3dbf5cbd,,,
9e33dc136365e59efacc89142e2305baa5cc56d7,,,
be6bf23b7a1f359cd51f53e7dc0e31b67aa1e0ca,9e33dc136365e59efacc89142e2305baa5cc56d7,,
904e7f103425aa14628d1784a69591427b305313,,,
7aa49125d07fc94c00f0792df512ef2dd7b3f0ba,904e7f103425aa14628d1784a69591427b305313,,
3420c298cb87ca683837a1d796559ae53895ce6c,,,
11d4ff9aef5b616324ed2e37056288ecf0b71f4b,,,
ad5b3236136e82fc07589f5c68a8b213386fdec4,,,
5aaf5fdecbf83dc1c7ad3b541eb15c03da0540f4,,,
4c6d67caebdb59d4f94db33ba7ccd788d1619009,,,
586207304dd8f38d1c83fe8d226a9689a22d430d,,,
0d976a238164239607a10d2840c02a9c421b3061,,,
1562935fe481bba609e6cb32c336700524a5f5fc,,,
b994158741f3b015148c1b3a474f8d7401f59845,,,
4bb002408c69dfc0a77ff24e70438260a27f562c,,,
635c09f4b98fd99942819cf21e90c98851a10501,,,
50605bee94969105404addea504e9c60d69b33ce,,,
c03e5cfd9f56e36fd72c8757d5f358c01aec946e,,,
300fa284e78e505fdbf9c27b8d4730a3f3c443e4,,,
17afee482e41b6ac9be38edbd6acfdbac46d8cf6,,,
34d92edf4632efc36930e6601ac846824f777077,,,
febd9ec74b8e169b9bdf124562629fa0326feab7,,,
7783388a0e1d3f69cc86d7e9b6152c2d7ffd3e8f,,,
710e8ca5371d8cef1035a75ea7d134f3bef22b58,,,
e76deb34cc8a39cf5ec7691fe20f64e6b5606392,,,
5901049ff682077d4fa4f8b96d5a21fd870e90f5,,,
1f3d3acfda79b0c24d444787d5773a91fc84d6d3,,,
78f285ffa7e3ab8fbb94187c63df66513effcba9,,,
8c102bdaf395204aae46cf59c964d4f4766d8e10,,,
7752e9f052027356d3d76687ddf6b2bcaefab5a2,,,
dd78f6676ff8d6d77d2f5cd11ef739d0fb362813,,,
5435c8f7cc89fe13ca55583a1d23169e4f47d35d,,,
c7c30d4079ec38fbda5539d4f5f93314062d27e8,,,
6973950f6ae9d1c7c15ff9a28342458c6863a7a0,,,
3648e514904b3de70a5e0cb8d164aefcbb27c201,,,
ff5f9d44be957f81e6971620ccc52e5ae35c2e0c,,,
1b81b12350ef592ba59a68f4421c04562b391813,,,
736e9f4ec719f65221412e52a9d56c7590e4c4c9,,,
f479245e0b3ad07458cd529b870ee62e0211e1ed,,,
702d801d814d41d5900020ca9e7975ff0532edbc,,,
0d5294a90b286a220689b78876f4d6c52dea4815,,,
b10aaf43dd9ae3766d3f297cc18ff0e7a3a16f5e,,,
67ec28680c08109e73524ff0585c0f0fc78270b1,,,
01d84f190464bf5c9117d8309a393700563bebb4,,,
1b9a32c50cc65bea4d32fcc90db59f3d38e27fb0,,,
4edac7794dd8ada05161a68d05f70dedf05b5ff5,,,
c56378898f2b5324e820ded823862062e7cfb052,,,
72447336b87694d84da83969d14c89df5450795d,,,
5aabcfc132f1127cd69b2ba00e34d793faf942e8,,,
55f32d248b51d38ae2dd680c8c027d2095133798,,,
a484cead5dd854a15bffa96377ec75c118bbf2e6,,,
73139d39beb5343a8c30e1b90bbf1f09c464ff03,,,
d6836f6db0df3fe0f0dd66777b8a6ad0850e2aaf,,,
b95d705d3f155e339c25fd847bd564caca7830dd,,,
9a9aaeae04025cc62afe732208beee0803126de2,,,
f10832c05fa535e538e38aad58be7d6df3e4be49,,,
9dae7003157e5cb011e14ca055d24e2631d96c61,,,
ca449c7fe9c9a299b8cc67c0b82891088e31b711,f10832c05fa535e538e38aad58be7d6df3e4be49,,
3ae8b7c1992f55b2bb18d96f480cd4ff6c201d4d,,,
3be98f04a8175e19223edfecdc6019860095f409,,,
d384cbfab338908246c7d1e69e7f5c0e4ccdf1f9,,,
ce7e84fbb8556b40ba6537dd94581798e83edf7c,,,
cbc3e7bce7d2f27303f88e42ba543b5df820f51e,ce7e84fbb8556b40ba6537dd94581798e83edf7c,,
0a9c88007669154026744ea875a5b99b51ad5c32,,,
6f38d2fd6a757ccd69a3a29603127b78cc5b0485,,,
568b0e9fe5301a194b1cfcc3a72798545349c2c3,,,
2267455faab468af7a729845d6cf10579b628bed,,,
290fc3c79cb8a20d8e64fa31e0d964fe99ce5d5b,,,
dabe10b56e45f3f61965d209a86b8dc4e1b39f8c,,,
2af8f2f5d621e25fb905f1ffb73cf1c5c459eaeb,dabe10b56e45f3f61965d209a86b8dc4e1b39f8c,,
e2ca5e8856b255f1615520ca2293d1781aebeaea,,,
41327116c52dc3495a23c16464f986c096075a53,,,
bf03f5106c147333cd7fef721177417986541471,,,
7ff55386d7591301def65fa25a7556611074d9c9,bf03f5106c147333cd7fef721177417986541471,,
6b38839064eae26f377c96658a379c834a0a97cc,,,
3a5b9a23bb2927b003d2dc37d55ce3865bfe6867,6b38839064eae26f377c96658a379c834a0a97cc,,
610d2988a1772e2a447936f86ce83bf91d48bc70,,,
1745d561c9c274191b08904a37167ad404fc6b32,,,
901eb2ddb700d035edf694f34eccc76286fb5400,,,
cdc75be855c1a680a7f7a6f42c077c3f8854325a,,,
8551f0431f367ac642ec4ea88704020684d42c3b,,,
01fd70e86fdf93dc48560cd037907be7de70bf0b,,,
8548dd2d172818c29112c139d9705814beb8cb8e,,,
a26303ecd84c761675b53367cba287b4ffaa4f31,,,
dc1a7a7ea0ef27430497cfc379215da5c76fcd66,,,
b11cc693658f22c0c5b35f9d16684b237a9ce679,,,
826aa57490727efea7a6ebe9a8978ad76cbc2016,,,
36ffb2c0a2164ce0379dc2a019d1093f6c047875,,,
fbe8c31579fea434870811374be99b8c82e5f685,,,
586dfbc756a5ceb193669dc820bd2a686a4d59f2,,,
522ac7201fd4ff29b2ebe6eae338387e287233c4,,,
76ce87d376a7fd7559111bfb974568fb448b7b02,,,
5e4a2352abb6e0a220e0519ac0e37ba3aa1b60e1,,,
78b9b2ca1c190af23cceaa7d209116b220bb6603,,,
b2e14199653ecaca089e40e54533c9df8c24e03c,,,
e663f61ab57072985b48dc4534b621a9cf9f625e,,,
64677c64af9b6d1de06bd86203d331bdf64e766c,,,
1a8aebef0a5eefb88bef30f1487f614406d383fa,,,
d6f4dcdd62918bfb4802aa69fc59c8073dfa088d,,,
d69d55535a45983c0df3a8d49ffa6fbb5d84fcea,,,
e8b915fad19e72994ad4776ff526395c376fc010,,,
53e6b462e000220eb5b38faeb513f1f03eb9d8b9,,,
fe324b2a6ec985913eb3a4ba556c8c83f5d4fdaf,,,
a63e28a3c743a43404c52dd5431951266d562873,,,
f011dc5f309b62d5f215d6e843b30ed939834fd3,,,
ef09a6fe328b47163b48b85b0431f768da8e7b8d,,,
7c0f48897e26cf4c460bbaad748475bfd27ad96d,,,
b7ca18bb601ec05e0b02713d8ec1444daff90aa0,,,
b1e7a792293c35ee803129aabb6c2f1f84ea4b58,,,
42eae632454760ed31e174e7657659f5943350f7,,,
42ec47076d4282bc0a916f6e2fc5506d09c449e1,,,
a764df32b41ef8d359c49871dde183e3c55372f3,,,
704a8bcf20270f072c603fbac0406621decd98ee,,,
7cd7f26b220883522b076c85c091925e08d9ea1a,,,
4db24211c7f767d6841461dfd1e20cf152cb2f48,,,
71aaeaf6b54779628c90d6ad57eaa92c5f1bd96d,,,
a82f2392800a81e6b09a0066c164e3076e6b33b2,,,
6b8510fc2bc2231622bdd837a43d45dbb4622e27,,,
940d102a3239b53bbc652341c918c9f5d67c498c,,,
081d0aaee80e50cbcd5879ac25b3e73e174046f5,,,
925fa1527166bf8d82e9a73c11eb8d414160aad6,,,
48844039815bd9d230da4d6be18dcfa89dfad5ba,,,
c48c5616bf243a541857586db7efb1ae34531323,,,
520f73ff123b1374939e96587c39a15e8db6b075,,,
6e6831c52fe07a88a398052119b88048f4b3fa5a,,,
db9991a525a8d023b7b2835c34f1f13c3a52594c,,,
75c19eda45ce6dbb2073f84458f2c16e0d438015,,,
8ff742b70f6ecfd5aad45902c97febb190d8b431,,,
7c1b20e1166619a107e77be1ad087e880e891751,,,
7dd5abe500cab97dfa3f347bef041ff7386cb1dd,,,
61bb16444c0b3b20af6950374db8034f6264ab24,,,
db9bde3f3165d677c5d02d3f2afe3f7dc620332c,,,
bf0fee070fbce26590a0449222a877ed6e229186,,,
9376c0c50c370866867148148091b1ef6ee407c4,,,
e3d43f108637d7bc1d813d53eb9f74125014ddc9,,,
926c61fe4bbb92887fdbd7b0afcf82c1875b87c7,,,
f6ee28b1da3125487d1cb4ccc3e6f6a48c50d90b,,,
f3fc2df268df8f63c5559fc73e29eb7b0ab931bd,f6ee28b1da3125487d1cb4ccc3e6f6a48c50d90b,,
b1378efea4074e3db73085487018d54a2c65e611,,,
ec8a9dca7223e4fd058066cb1ab8cbc95b6a1b92,,,
5910be328614934894b4aaf099e3cfd91ff470bc,ec8a9dca7223e4fd058066cb1ab8cbc95b6a1b92,,
f4a00b04f2f06385b8820453e8f8f92f7add49a1,,,
974c37bdefc493546f9c2fdaa767f299d2c17687,,,
80fb44c29c2fed26ec2a31a02ca171e498df1e86,,,
5284ead06b8dad7bbb557f3952cfa41611facea6,8a3449d30a2fbd7228b04f4a93d4a2635a7af7af,,
f5b59f3760c884460d690fa6f952483a1b00a7ea,,,
ef769e243f21e6483afab1060cf946e2901ff00a,,,
2ba5d9e1156229533a341504570e1ba8a139338d,,,
e97ece811f34d13d6531eec74d060784fc1893cc,,,
d54b08e42f4912eb9600b3534208e8e5c04a5598,,,
f7c6006e42dcb7872d0f2ed21788db3c7497e3ab,,,
124d3573043c58cc1aa389ba18f0481e8e7f297b,,,
f339e0dd81c64bc2139e7f2fbddd3faf64bbc735,,,
895fdffc1472eae932e337bbd2344245a4bab0f9,,,
dd7e44253ab78cadede2390b69ca08385fdc6b9d,,,
b0b3702d329527ed53e4f930ddaa3442e74b68ef,,,
1857f8babdcb82d083d24e9ac80b7cae049cde24,,,
392b2aaf9a6e08148ab1752fa5c0a57149921838,,,
340111716e19bd156374e690b7d10e7070201a41,,,
c7236fa82c256e2ba3f495e638ace3fc80237224,,,
0296ceb80fc387fe98fc0fc44ed3d8e2317596bf,,,
c8574d0225d6675a7b6173b496ceccb533d36558,,,
4ac350c411a95814566ba41a0b8fffbe48ef431b,,,
fe6fbaf8bab581652b8c0e91f64e2396a081ce03,,,
2a71fd621cf15a57b0735dc2cc999f9ca32417ab,,,
3b0cfeb886018bd816b5a978d38dd3f98e3c08d3,,,
4db7ebb5f0c9c51fd0715a553a2bd8289b206d97,,,
836f42c285e0185d06b044d63f80a2b163259749,,,
6392b93d9fc02a89a762be10a2603fefd750ffa1,,,
e46ff5e766de8d1e7cd9df1df63065ee7733595f,,,
51feacecec475535faf04d4b5c842d36dd4fd8a0,,,
93636b3751a17640ffd70adce5623830b2afe2ad,,,
9b7ad7b87163ed37c3fcccfd997cb06cdc005720,,,
162ec1a06cf7040d10e7791413057e45ecd9dbca,,,
4f4218b7f3c80725584cccd3e18ee9fd033e16c9,,,
409a4baad898c2105792f75a90a6a9f9984fbd22,,,
323451a38068e9505e63a0e8616b9a7cb3d9ac9c,,,
b084ce37b407f1585ee35098081ca53064207d11,,,
726b89f18952768e484441304b9776eab16ffc5f,,,
12f958ce2c72caad9cb3b691048abdcf39ea2c21,,,
94c1b22bac0c47d1e32a2d0237993fed334e7d67,12f958ce2c72caad9cb3b691048abdcf39ea2c21,,
5ea18cb60f337fff30836b6eec5526ba364abd50,,,
851fe6198442069f3f60bdbb9bc85aa574a36f73,,,
82453f9164814790b3251119df458bbf8ede876f,,,
b9cc50681bd01264ae4eafed4737a9f8cc6063d2,,,
7ad351aef374f81d2391fc75219bd498df19421e,,,
887ce35fe7a779944639af560b693b11ae297734,,,
da64e4756cc90283b56eaf56851ffd19f697074c,,,
266aaded62248b35e0bf82d8961d26c3248133d6,,,
8f69f32ed39ad1fe999a4386fa91322920d97a53,,,
0ff19b010a66d6e3714209109f8f76f74abc380e,,,
0ba33e86644fd69842973a17f71f73c63e81389c,,,
cecfef48a881f8ecfa810dabcc6c48c728e316a2,,,
1d557f18cf26394873ad4dc972cd8a1b90e560b3,,,
e913944b72d37ebb079bf4c8c1cb22af4416c107,,,
bdd7705a95fce71df5a94d41f4e511f6e89a86dd,,,
1c534f71678c2527a8efcd622b111d3e1638eedd,,,
4270b861259427b836b4f2f8d1a761e5d74a0fc6,,,
43698f477a8d809cb7769e8fb3718a3631a1c193,,,
b47c30359d3edd89f1782a8d8c26e82374efb7cf,,,
d1f9122323e6a1c74ccdcbb1616e964f8aa20794,,,
b98f7244ab7cfad8bdefaf46e05d2cb04fd205a2,,,
dd444930168a9cb3f2540623e569200e18d51f9a,,,
1fdec051c724d017efd1c7864089138960d77bb4,,,
3bd6c8662b00f5987d01037536c58fe4c7e45824,,,
c08651312f2f85f3664d211041a25d30bc5c7161,,,
c06910e81fbeba2b62389f0e1f748f5b305c9f39,,,
ba6aa70b97d7bb81e2795e6d00d8e356c98f8122,,,
e2e8967b001ae190728036f33e90a53a2a57b8ad,,,
4d002b391a103d17287ce656b8b2e604263e2f24,,,
339685e1f7b9274e193c31cd738aeb5bdef0afb4,,,
c97d2d694b5063fa45673dac8fefe3f03c787757,,,
5e8cfa5785af7e4122ec8068170a650f3229bd89,,,
57b4e2aebc32f092f2532a222d529bab95b34678,,,
7226056a8bdef2a9ad2e859f5b7ce00fa148db3d,,,
2592192da368cc5f7a2e4cd326f45a69f4170d90,,,
18fcd54384c360eddedde3f07aa2eb7eff953b32,,,
86ab06fb95336962da5154b8492d77e804571c71,,,
64d0cffab4a13cb58e24c1a596baa0797662f709,,,
cee866823314b3cf364110b425c6973c7efbe691,,,
034ee21f43728d58ee5c771a917cb8d8d8a1ef2b,,,
ef2bd1d02a8e3dbbfe5beac69a96b1dc9f672258,,,
9dbfa808c9dbcc1cfb1239d533c24d1e45ba970e,,,
dbff233afb1da1a327baf0f960098eeef8c2fc6f,,,
24bd74e6f58a15614d2106403cab7a12d5952a2b,,,
db696f6c6c31afb2b1c61c4f358492d384f53076,,,
9797301586df25417818e0dee086b422ce326759,,,
bf4ba9f2876c9faa126ed9000d2d515afdb11dc5,,,
9063adc868c4e59d868485c3951dc4ed92716c43,,,
383fd434146f124474dce45fa7ba6e481b87418e,,,
3dbc9c32768681977b83452ec5dccdad9e34988d,,,
d415732b6f9932772f0fd79cb58c878e0bbd4336,,,
7592fdba29397e0b9494b3bef7082e53a073e1ba,,,
076dc387f0608bf4fd698fefc716e11c2bbf1e39,,,
cc4b9618217ea467530b052118a3366ac0eb51ec,,,
5f82ed427033d645ba998fc659cf5b6bacf9125f,,,
30b2b6345d1924c75ead930886b6be535f7415d0,,,
75a508231479a4c05b5c8619a05806aac176640d,,,
b32d95eed1a5d6a430fc3c8630f47e306986eef7,,,
e91dd382e2a328a85240747348130e0c9390bd9d,,,
76e1a5e1c2537886e54dac13e9bd9bb465ae6074,,,
1019cf04da0fb27e51cb10ce7f7bb767e273569e,,,
b2cb9a6033d7576b569fc146a9831fc7ce36e4db,,,
bf1732b39a9c5f6f9a5b4a5da92824337c8e942b,,,
168f2621a3bc4ba10e9c395a4d6e9d9f900aa6f4,,,
fc06ffc5984eb368f7fe5571f7655db20a1287c7,,,
9293dc6fea444b9b8893df12fcac93784d5f2372,,,
43c032971f0db9788d24379f166d42e8546da27f,,,
716cc1308e5c73198664eb0cbe2271d57c256267,,,
27a5f9163a861aedb8800b0dd9f15f0418ff7576,,,
78e2db3f4783c47a2ea8de360ffb2f9489957533,,,
65c73546580f4a171d04caea728fbb3898216f77,,,
ad80343a22526911408057fd160f4140eeae5a01,,,
8cc7e443a7fb7900b1382f4fc2f7aee20bbdc39f,,,
aeab844f9ddb4023f4ddd0cbd8ca36755153674c,,,
73887d61be93368c109307387c0c16a2429b09d9,,,
f8321eadf1473ba976b3df61b69f235e5ab9134d,,,
fa483ea96ee1b339c8de269593f43991ea5c8f8d,,,
7c0e68b4c8f281be288998a23b2fa568762b0ac0,,,
2bf4684a28e5aa83f2d0dd2fd0e1f537e43b46a3,,,
c17a900bad82ca56e3ec74a0de8689947ab15e0d,,,
9ecf9b6a5397539359a7b973e527adc2985b219c,,,
2719699307a24bd640e0d4c34545d461d7899a44,,,
da6f75d2bb71b2386e121c2ec6cc585339de15a1,,,
54af783538413197dbafee6eb26a2a6339320d51,,,
531d013ea593709d4833a0257bd70e94339c8780,,,
814b09b8814457e8e144d3e66daea4c0be2fb5d4,,,
d9f297798eb9884581f22041a737a6b996bc0653,,,
bfb8173e2afc43e92bb9cc3bd434f02426b13b46,,,
0e205f6a4d0e02fe75a2a51f6ed5c799d164fb90,,,
d66d83fe22bed9dbdca3985e124295559390a7c4,,,
38c2c4203ebbb07145ac1bd8cd865caab4c326a3,,,
337c0af66a9ebf73414c0c2fbac65996e6b94a15,,,
940b898c88248e13ea06ccc47f8404e9d88de08c,,,
43aabb6cc7caeaee47c1f104a3427a0c4d2a8956,,,
4832cc91366fb23358f5790738afaeaf8403742e,,,
51fc86bbb3689d170c332d865038c34e427f04c8,,,
1bb8c6ac2903284f8e2e7f35c898d4c424ca95c7,,,
9c9abe3c2b0eeaca82d37567296180aa747be5c4,,,
6a12b4c5dec56db214892e8f9edbafef07a73724,,,
05c0652755aa9c8fb28b0d4cb49d1ba56da5a73b,,,
17dcf484d4213f45e593ae82498262f71ea3d082,,,
bea1882baeeee5e9783f0dec4082468d2ff84a5c,,,
97037c889c7fb64c24a672a04e684b458164f63b,,,
ca269b2d22fb143557d5e1b0d5a5892cfc58dd4a,,,
416d5ea8b5fc94ca274bb5c6cb1628df7a15d54d,,,
91be04561aac6663e40ffcaeac70d2b3a20d3525,,,
9067f81cbf2b282b432a0fbc086703111113634f,,,
e9558c19df58317005e1475cf61b9d2fa82106b1,,,
aa8bae4c5a28d54bddf17e479888f0c461faa22d,,,
dc9879831254e9f198685fd6fe0ea8c3ecbc7d4e,,,
a09ecd32b172dd4ca08d30eebd14e87be7b1d483,,,
c21bb05e8e0620163f6cc7bc587bfc68948ee981,,,
24ec80cb4853a60de172b2ede7f67f075fd79155,,,
b514c7fe976beee170d9d75882944bc15d3f92b9,,,
4254237f17325cb10df942c1e1f90d26c685e221,,,
0aa590f62b2d4bf83bb432f4653ae60af24dea36,,,
d62d8da19f8c0fb95e7cbb2232dc2395316d309b,,,
50b62b657e14a2193848bc8a7e4c914892d05c36,,,
5d7dfba3f012dcb83eec10cb540e455a418282fd,,,
f48b71897726154b6ca9a9d290f7eaffb8c68b8b,,,
d4d8f90e3d64b5c2618d46fede1b5c7483e68238,,,
597c73e75556984640b1d3d6c6171fb54cc720d5,,,
632f58e3cdb6585482aa67c1b5dd146af6bf95ff,,,
dca74702fb982d95fa92b2b401771ee85d8721ec,,,
659333a016670985ce55866ceae8692cef40e2f9,,,
2a153c8fc3e3ec4b945a2f517078fed964803d57,,,
